2026-08-21 18:28:12,677 INFO test - Prueba de logging OK
2026-08-21 18:37:43,227 INFO __main__ - Iniciando sincronización Ludoplay
2026-08-21 18:38:02,636 ERROR __main__ - Error durante la automatización MINCETUR
Traceback (most recent call last):
  File "/home/ddurand/proyectos/personal/rpaludoplay-app/src/main.py", line 39, in obtener_df_scraper
    scraper.clic_registro_ludopatia()
    ~~~~~~~~~~~~~~~~~~~~~~~~~~~~~~~^^
  File "/home/ddurand/proyectos/personal/rpaludoplay-app/src/scraper.py", line 115, in clic_registro_ludopatia
    self._esperar_y_clic((By.XPATH, XPATH_REGISTRO_LUDOPATIA))
    ~~~~~~~~~~~~~~~~~~~~^^^^^^^^^^^^^^^^^^^^^^^^^^^^^^^^^^^^^^
  File "/home/ddurand/proyectos/personal/rpaludoplay-app/src/scraper.py", line 92, in _esperar_y_clic
    boton = WebDriverWait(self.driver, TIEMPO_ESPERA).until(
        EC.element_to_be_clickable(selector)
    )
  File "/home/ddurand/proyectos/personal/rpaludoplay-app/venv/lib/python3.14/site-packages/selenium/webdriver/support/wait.py", line 112, in until
    value = method(self._driver)
  File "/home/ddurand/proyectos/personal/rpaludoplay-app/venv/lib/python3.14/site-packages/selenium/webdriver/support/expected_conditions.py", line 518, in _predicate
    target = driver.find_element(*target)  # grab element at locator
  File "/home/ddurand/proyectos/personal/rpaludoplay-app/venv/lib/python3.14/site-packages/selenium/webdriver/remote/webdriver.py", line 911, in find_element
    return self.execute(Command.FIND_ELEMENT, {"using": by, "value": value})["value"]
           ~~~~~~~~~~~~^^^^^^^^^^^^^^^^^^^^^^^^^^^^^^^^^^^^^^^^^^^^^^^^^^^^^
  File "/home/ddurand/proyectos/personal/rpaludoplay-app/venv/lib/python3.14/site-packages/selenium/webdriver/remote/webdriver.py", line 504, in execute
    self.error_handler.check_response(response)
    ~~~~~~~~~~~~~~~~~~~~~~~~~~~~~~~~~^^^^^^^^^^
  File "/home/ddurand/proyectos/personal/rpaludoplay-app/venv/lib/python3.14/site-packages/selenium/webdriver/remote/errorhandler.py", line 232, in check_response
    raise exception_class(message, screen, stacktrace)
selenium.common.exceptions.InvalidSessionIdException: Message: invalid session id: session deleted as the browser has closed the connection
from disconnected: not connected to DevTools
  (Session info: chrome=151.0.7922.108); For documentation on this error, please visit: https://www.selenium.dev/documentation/webdriver/troubleshooting/errors#invalidsessionidexception
Stacktrace:
#0 0x6305239a936a <unknown>
#1 0x63052331cf49 <unknown>
#2 0x630523303143 <unknown>
#3 0x63052332c27a <unknown>
#4 0x6305233a0db0 <unknown>
#5 0x6305233baa58 <unknown>
#6 0x630523365c92 <unknown>
#7 0x630523366b11 <unknown>
#8 0x63052396e8d0 <unknown>
#9 0x63052396cf3a <unknown>
#10 0x6305239579b5 <unknown>
#11 0x63052396dc0a <unknown>
#12 0x63052393f740 <unknown>
#13 0x6305239949a8 <unknown>
#14 0x630523994b45 <unknown>
#15 0x6305239a7f1e <unknown>
#16 0x793160aa407a <unknown>
#17 0x793160b3772c <unknown>

2026-08-21 18:38:02,676 ERROR __main__ - Proceso abortado al obtener datos del scraper: Message: invalid session id: session deleted as the browser has closed the connection
from disconnected: not connected to DevTools
  (Session info: chrome=151.0.7922.108); For documentation on this error, please visit: https://www.selenium.dev/documentation/webdriver/troubleshooting/errors#invalidsessionidexception
Stacktrace:
#0 0x6305239a936a <unknown>
#1 0x63052331cf49 <unknown>
#2 0x630523303143 <unknown>
#3 0x63052332c27a <unknown>
#4 0x6305233a0db0 <unknown>
#5 0x6305233baa58 <unknown>
#6 0x630523365c92 <unknown>
#7 0x630523366b11 <unknown>
#8 0x63052396e8d0 <unknown>
#9 0x63052396cf3a <unknown>
#10 0x6305239579b5 <unknown>
#11 0x63052396dc0a <unknown>
#12 0x63052393f740 <unknown>
#13 0x6305239949a8 <unknown>
#14 0x630523994b45 <unknown>
#15 0x6305239a7f1e <unknown>
#16 0x793160aa407a <unknown>
#17 0x793160b3772c <unknown>

2026-08-21 18:38:22,012 INFO __main__ - Iniciando sincronización Ludoplay
2026-08-21 18:39:44,889 INFO __main__ - Iniciando sincronización Ludoplay
2026-08-21 18:43:09,272 INFO sync_merger - Merge completado: insert=4726 | update=1 | recurrent=0
2026-08-21 18:43:09,873 INFO photo_manager - Foto movida: /home/ddurand/proyectos/personal/rpaludoplay-app/src/static/images/45283255.png -> /home/ddurand/fotos/45283255.png
2026-08-21 18:43:09,874 INFO photo_manager - Foto movida: /home/ddurand/proyectos/personal/rpaludoplay-app/src/static/images/71649178.png -> /home/ddurand/fotos/71649178.png
2026-08-21 18:43:09,874 INFO photo_manager - Foto movida: /home/ddurand/proyectos/personal/rpaludoplay-app/src/static/images/40197630.png -> /home/ddurand/fotos/40197630.png
2026-08-21 18:43:09,874 INFO photo_manager - Foto movida: /home/ddurand/proyectos/personal/rpaludoplay-app/src/static/images/43433393.png -> /home/ddurand/fotos/43433393.png
2026-08-21 18:43:09,875 INFO photo_manager - Foto movida: /home/ddurand/proyectos/personal/rpaludoplay-app/src/static/images/45049424.png -> /home/ddurand/fotos/45049424.png
2026-08-21 18:43:09,875 INFO photo_manager - Foto movida: /home/ddurand/proyectos/personal/rpaludoplay-app/src/static/images/25513001.png -> /home/ddurand/fotos/25513001.png
2026-08-21 18:43:09,876 INFO photo_manager - Foto movida: /home/ddurand/proyectos/personal/rpaludoplay-app/src/static/images/41338207.png -> /home/ddurand/fotos/41338207.png
2026-08-21 18:43:09,876 INFO photo_manager - Foto movida: /home/ddurand/proyectos/personal/rpaludoplay-app/src/static/images/73533144.png -> /home/ddurand/fotos/73533144.png
2026-08-21 18:43:09,876 INFO photo_manager - Foto movida: /home/ddurand/proyectos/personal/rpaludoplay-app/src/static/images/42822100.png -> /home/ddurand/fotos/42822100.png
2026-08-21 18:43:09,877 INFO photo_manager - Foto movida: /home/ddurand/proyectos/personal/rpaludoplay-app/src/static/images/74900691.png -> /home/ddurand/fotos/74900691.png
2026-08-21 18:43:09,877 INFO photo_manager - Foto movida: /home/ddurand/proyectos/personal/rpaludoplay-app/src/static/images/46688258.png -> /home/ddurand/fotos/46688258.png
2026-08-21 18:43:09,877 INFO photo_manager - Foto movida: /home/ddurand/proyectos/personal/rpaludoplay-app/src/static/images/76775362.png -> /home/ddurand/fotos/76775362.png
2026-08-21 18:43:09,878 INFO photo_manager - Foto movida: /home/ddurand/proyectos/personal/rpaludoplay-app/src/static/images/60788538.png -> /home/ddurand/fotos/60788538.png
2026-08-21 18:43:09,878 INFO photo_manager - Foto movida: /home/ddurand/proyectos/personal/rpaludoplay-app/src/static/images/75090822.png -> /home/ddurand/fotos/75090822.png
2026-08-21 18:43:09,878 INFO photo_manager - Foto movida: /home/ddurand/proyectos/personal/rpaludoplay-app/src/static/images/001848543.png -> /home/ddurand/fotos/001848543.png
2026-08-21 18:43:09,878 INFO photo_manager - Foto movida: /home/ddurand/proyectos/personal/rpaludoplay-app/src/static/images/70716128.png -> /home/ddurand/fotos/70716128.png
2026-08-21 18:43:09,879 INFO photo_manager - Foto movida: /home/ddurand/proyectos/personal/rpaludoplay-app/src/static/images/80301877.png -> /home/ddurand/fotos/80301877.png
2026-08-21 18:43:09,879 INFO photo_manager - Foto movida: /home/ddurand/proyectos/personal/rpaludoplay-app/src/static/images/73121872.png -> /home/ddurand/fotos/73121872.png
2026-08-21 18:43:09,879 INFO photo_manager - Foto movida: /home/ddurand/proyectos/personal/rpaludoplay-app/src/static/images/72078832.png -> /home/ddurand/fotos/72078832.png
2026-08-21 18:43:09,880 INFO photo_manager - Foto movida: /home/ddurand/proyectos/personal/rpaludoplay-app/src/static/images/48754769.png -> /home/ddurand/fotos/48754769.png
2026-08-21 18:43:09,880 INFO photo_manager - Foto movida: /home/ddurand/proyectos/personal/rpaludoplay-app/src/static/images/71701635.png -> /home/ddurand/fotos/71701635.png
2026-08-21 18:43:09,880 INFO photo_manager - Foto movida: /home/ddurand/proyectos/personal/rpaludoplay-app/src/static/images/76719445.png -> /home/ddurand/fotos/76719445.png
2026-08-21 18:43:09,881 INFO photo_manager - Foto movida: /home/ddurand/proyectos/personal/rpaludoplay-app/src/static/images/07749813.png -> /home/ddurand/fotos/07749813.png
2026-08-21 18:43:09,881 INFO photo_manager - Foto movida: /home/ddurand/proyectos/personal/rpaludoplay-app/src/static/images/47184997.png -> /home/ddurand/fotos/47184997.png
2026-08-21 18:43:09,882 INFO photo_manager - Foto movida: /home/ddurand/proyectos/personal/rpaludoplay-app/src/static/images/77131447.png -> /home/ddurand/fotos/77131447.png
2026-08-21 18:43:09,882 INFO photo_manager - Foto movida: /home/ddurand/proyectos/personal/rpaludoplay-app/src/static/images/72933225.png -> /home/ddurand/fotos/72933225.png
2026-08-21 18:43:09,883 INFO photo_manager - Foto movida: /home/ddurand/proyectos/personal/rpaludoplay-app/src/static/images/71775230.png -> /home/ddurand/fotos/71775230.png
2026-08-21 18:43:09,883 INFO photo_manager - Foto movida: /home/ddurand/proyectos/personal/rpaludoplay-app/src/static/images/42063590.png -> /home/ddurand/fotos/42063590.png
2026-08-21 18:43:09,884 INFO photo_manager - Foto movida: /home/ddurand/proyectos/personal/rpaludoplay-app/src/static/images/43633863.png -> /home/ddurand/fotos/43633863.png
2026-08-21 18:43:09,884 INFO photo_manager - Foto movida: /home/ddurand/proyectos/personal/rpaludoplay-app/src/static/images/26707326.png -> /home/ddurand/fotos/26707326.png
2026-08-21 18:43:09,884 INFO photo_manager - Foto movida: /home/ddurand/proyectos/personal/rpaludoplay-app/src/static/images/72173361.png -> /home/ddurand/fotos/72173361.png
2026-08-21 18:43:09,885 INFO photo_manager - Foto movida: /home/ddurand/proyectos/personal/rpaludoplay-app/src/static/images/48392268.png -> /home/ddurand/fotos/48392268.png
2026-08-21 18:43:09,885 INFO photo_manager - Foto movida: /home/ddurand/proyectos/personal/rpaludoplay-app/src/static/images/72917690.png -> /home/ddurand/fotos/72917690.png
2026-08-21 18:43:09,885 INFO photo_manager - Foto movida: /home/ddurand/proyectos/personal/rpaludoplay-app/src/static/images/44906022.png -> /home/ddurand/fotos/44906022.png
2026-08-21 18:43:09,886 INFO photo_manager - Foto movida: /home/ddurand/proyectos/personal/rpaludoplay-app/src/static/images/10004610.png -> /home/ddurand/fotos/10004610.png
2026-08-21 18:43:09,886 INFO photo_manager - Foto movida: /home/ddurand/proyectos/personal/rpaludoplay-app/src/static/images/43017864.png -> /home/ddurand/fotos/43017864.png
2026-08-21 18:43:09,887 INFO photo_manager - Foto movida: /home/ddurand/proyectos/personal/rpaludoplay-app/src/static/images/08417112.png -> /home/ddurand/fotos/08417112.png
2026-08-21 18:43:09,887 INFO photo_manager - Foto movida: /home/ddurand/proyectos/personal/rpaludoplay-app/src/static/images/70761302.png -> /home/ddurand/fotos/70761302.png
2026-08-21 18:43:09,887 INFO photo_manager - Foto movida: /home/ddurand/proyectos/personal/rpaludoplay-app/src/static/images/44728891.png -> /home/ddurand/fotos/44728891.png
2026-08-21 18:43:09,888 INFO photo_manager - Foto movida: /home/ddurand/proyectos/personal/rpaludoplay-app/src/static/images/43730048.png -> /home/ddurand/fotos/43730048.png
2026-08-21 18:43:09,888 INFO photo_manager - Foto movida: /home/ddurand/proyectos/personal/rpaludoplay-app/src/static/images/71444751.png -> /home/ddurand/fotos/71444751.png
2026-08-21 18:43:09,888 INFO photo_manager - Foto movida: /home/ddurand/proyectos/personal/rpaludoplay-app/src/static/images/48291777.png -> /home/ddurand/fotos/48291777.png
2026-08-21 18:43:09,889 INFO photo_manager - Foto movida: /home/ddurand/proyectos/personal/rpaludoplay-app/src/static/images/72050565.png -> /home/ddurand/fotos/72050565.png
2026-08-21 18:43:09,889 INFO photo_manager - Foto movida: /home/ddurand/proyectos/personal/rpaludoplay-app/src/static/images/45998498.png -> /home/ddurand/fotos/45998498.png
2026-08-21 18:43:09,889 INFO photo_manager - Foto movida: /home/ddurand/proyectos/personal/rpaludoplay-app/src/static/images/47936111.png -> /home/ddurand/fotos/47936111.png
2026-08-21 18:43:09,890 INFO photo_manager - Foto movida: /home/ddurand/proyectos/personal/rpaludoplay-app/src/static/images/74240522.png -> /home/ddurand/fotos/74240522.png
2026-08-21 18:43:09,890 INFO photo_manager - Foto movida: /home/ddurand/proyectos/personal/rpaludoplay-app/src/static/images/29608800.png -> /home/ddurand/fotos/29608800.png
2026-08-21 18:43:09,890 INFO photo_manager - Foto movida: /home/ddurand/proyectos/personal/rpaludoplay-app/src/static/images/74895012.png -> /home/ddurand/fotos/74895012.png
2026-08-21 18:43:09,890 INFO photo_manager - Foto movida: /home/ddurand/proyectos/personal/rpaludoplay-app/src/static/images/23999928.png -> /home/ddurand/fotos/23999928.png
2026-08-21 18:43:09,891 INFO photo_manager - Foto movida: /home/ddurand/proyectos/personal/rpaludoplay-app/src/static/images/41364141.png -> /home/ddurand/fotos/41364141.png
2026-08-21 18:43:09,891 INFO photo_manager - Foto movida: /home/ddurand/proyectos/personal/rpaludoplay-app/src/static/images/41766741.png -> /home/ddurand/fotos/41766741.png
2026-08-21 18:43:09,891 INFO photo_manager - Foto movida: /home/ddurand/proyectos/personal/rpaludoplay-app/src/static/images/46427004.png -> /home/ddurand/fotos/46427004.png
2026-08-21 18:43:09,892 INFO photo_manager - Foto movida: /home/ddurand/proyectos/personal/rpaludoplay-app/src/static/images/60862217.png -> /home/ddurand/fotos/60862217.png
2026-08-21 18:43:09,892 INFO photo_manager - Foto movida: /home/ddurand/proyectos/personal/rpaludoplay-app/src/static/images/29611907.png -> /home/ddurand/fotos/29611907.png
2026-08-21 18:43:09,892 INFO photo_manager - Foto movida: /home/ddurand/proyectos/personal/rpaludoplay-app/src/static/images/43678502.png -> /home/ddurand/fotos/43678502.png
2026-08-21 18:43:09,892 INFO photo_manager - Foto movida: /home/ddurand/proyectos/personal/rpaludoplay-app/src/static/images/76449403.png -> /home/ddurand/fotos/76449403.png
2026-08-21 18:43:09,893 INFO photo_manager - Foto movida: /home/ddurand/proyectos/personal/rpaludoplay-app/src/static/images/73596451.png -> /home/ddurand/fotos/73596451.png
2026-08-21 18:43:09,893 INFO photo_manager - Foto movida: /home/ddurand/proyectos/personal/rpaludoplay-app/src/static/images/000060375.png -> /home/ddurand/fotos/000060375.png
2026-08-21 18:43:09,893 INFO photo_manager - Foto movida: /home/ddurand/proyectos/personal/rpaludoplay-app/src/static/images/43806630.png -> /home/ddurand/fotos/43806630.png
2026-08-21 18:43:09,893 INFO photo_manager - Foto movida: /home/ddurand/proyectos/personal/rpaludoplay-app/src/static/images/44186097.png -> /home/ddurand/fotos/44186097.png
2026-08-21 18:43:09,894 INFO photo_manager - Foto movida: /home/ddurand/proyectos/personal/rpaludoplay-app/src/static/images/09292781.png -> /home/ddurand/fotos/09292781.png
2026-08-21 18:43:09,894 INFO photo_manager - Foto movida: /home/ddurand/proyectos/personal/rpaludoplay-app/src/static/images/46419660.png -> /home/ddurand/fotos/46419660.png
2026-08-21 18:43:09,894 INFO photo_manager - Foto movida: /home/ddurand/proyectos/personal/rpaludoplay-app/src/static/images/72652316.png -> /home/ddurand/fotos/72652316.png
2026-08-21 18:43:09,895 INFO photo_manager - Foto movida: /home/ddurand/proyectos/personal/rpaludoplay-app/src/static/images/09364500.png -> /home/ddurand/fotos/09364500.png
2026-08-21 18:43:09,895 INFO photo_manager - Foto movida: /home/ddurand/proyectos/personal/rpaludoplay-app/src/static/images/72289050.png -> /home/ddurand/fotos/72289050.png
2026-08-21 18:43:09,896 INFO photo_manager - Foto movida: /home/ddurand/proyectos/personal/rpaludoplay-app/src/static/images/47623637.png -> /home/ddurand/fotos/47623637.png
2026-08-21 18:43:09,896 INFO photo_manager - Foto movida: /home/ddurand/proyectos/personal/rpaludoplay-app/src/static/images/72065004.png -> /home/ddurand/fotos/72065004.png
2026-08-21 18:43:09,896 INFO photo_manager - Foto movida: /home/ddurand/proyectos/personal/rpaludoplay-app/src/static/images/47680061.png -> /home/ddurand/fotos/47680061.png
2026-08-21 18:43:09,896 INFO photo_manager - Foto movida: /home/ddurand/proyectos/personal/rpaludoplay-app/src/static/images/26714626.png -> /home/ddurand/fotos/26714626.png
2026-08-21 18:43:09,896 INFO photo_manager - Foto movida: /home/ddurand/proyectos/personal/rpaludoplay-app/src/static/images/47184917.png -> /home/ddurand/fotos/47184917.png
2026-08-21 18:43:09,897 INFO photo_manager - Foto movida: /home/ddurand/proyectos/personal/rpaludoplay-app/src/static/images/47607405.png -> /home/ddurand/fotos/47607405.png
2026-08-21 18:43:09,897 INFO photo_manager - Foto movida: /home/ddurand/proyectos/personal/rpaludoplay-app/src/static/images/71304690.png -> /home/ddurand/fotos/71304690.png
2026-08-21 18:43:09,897 INFO photo_manager - Foto movida: /home/ddurand/proyectos/personal/rpaludoplay-app/src/static/images/72709158.png -> /home/ddurand/fotos/72709158.png
2026-08-21 18:43:09,898 INFO photo_manager - Foto movida: /home/ddurand/proyectos/personal/rpaludoplay-app/src/static/images/76590484.png -> /home/ddurand/fotos/76590484.png
2026-08-21 18:43:09,898 INFO photo_manager - Foto movida: /home/ddurand/proyectos/personal/rpaludoplay-app/src/static/images/70408600.png -> /home/ddurand/fotos/70408600.png
2026-08-21 18:43:09,898 INFO photo_manager - Foto movida: /home/ddurand/proyectos/personal/rpaludoplay-app/src/static/images/74151082.png -> /home/ddurand/fotos/74151082.png
2026-08-21 18:43:09,898 INFO photo_manager - Foto movida: /home/ddurand/proyectos/personal/rpaludoplay-app/src/static/images/74972680.png -> /home/ddurand/fotos/74972680.png
2026-08-21 18:43:09,899 INFO photo_manager - Foto movida: /home/ddurand/proyectos/personal/rpaludoplay-app/src/static/images/73761790.png -> /home/ddurand/fotos/73761790.png
2026-08-21 18:43:09,899 INFO photo_manager - Foto movida: /home/ddurand/proyectos/personal/rpaludoplay-app/src/static/images/72476917.png -> /home/ddurand/fotos/72476917.png
2026-08-21 18:43:09,899 INFO photo_manager - Foto movida: /home/ddurand/proyectos/personal/rpaludoplay-app/src/static/images/61817441.png -> /home/ddurand/fotos/61817441.png
2026-08-21 18:43:09,899 INFO photo_manager - Foto movida: /home/ddurand/proyectos/personal/rpaludoplay-app/src/static/images/74457311.png -> /home/ddurand/fotos/74457311.png
2026-08-21 18:43:09,899 INFO photo_manager - Foto movida: /home/ddurand/proyectos/personal/rpaludoplay-app/src/static/images/71446647.png -> /home/ddurand/fotos/71446647.png
2026-08-21 18:43:09,900 INFO photo_manager - Foto movida: /home/ddurand/proyectos/personal/rpaludoplay-app/src/static/images/25561672.png -> /home/ddurand/fotos/25561672.png
2026-08-21 18:43:09,900 INFO photo_manager - Foto movida: /home/ddurand/proyectos/personal/rpaludoplay-app/src/static/images/72491381.png -> /home/ddurand/fotos/72491381.png
2026-08-21 18:43:09,900 INFO photo_manager - Foto movida: /home/ddurand/proyectos/personal/rpaludoplay-app/src/static/images/70494199.png -> /home/ddurand/fotos/70494199.png
2026-08-21 18:43:09,900 INFO photo_manager - Foto movida: /home/ddurand/proyectos/personal/rpaludoplay-app/src/static/images/48762112.png -> /home/ddurand/fotos/48762112.png
2026-08-21 18:43:09,901 INFO photo_manager - Foto movida: /home/ddurand/proyectos/personal/rpaludoplay-app/src/static/images/10632980.png -> /home/ddurand/fotos/10632980.png
2026-08-21 18:43:09,902 INFO photo_manager - Foto movida: /home/ddurand/proyectos/personal/rpaludoplay-app/src/static/images/007556250.png -> /home/ddurand/fotos/007556250.png
2026-08-21 18:43:09,903 INFO photo_manager - Foto movida: /home/ddurand/proyectos/personal/rpaludoplay-app/src/static/images/45648740.png -> /home/ddurand/fotos/45648740.png
2026-08-21 18:43:09,903 INFO photo_manager - Foto movida: /home/ddurand/proyectos/personal/rpaludoplay-app/src/static/images/73059949.png -> /home/ddurand/fotos/73059949.png
2026-08-21 18:43:09,903 INFO photo_manager - Foto movida: /home/ddurand/proyectos/personal/rpaludoplay-app/src/static/images/71844667.png -> /home/ddurand/fotos/71844667.png
2026-08-21 18:43:09,903 INFO photo_manager - Foto movida: /home/ddurand/proyectos/personal/rpaludoplay-app/src/static/images/74202777.png -> /home/ddurand/fotos/74202777.png
2026-08-21 18:43:09,904 INFO photo_manager - Foto movida: /home/ddurand/proyectos/personal/rpaludoplay-app/src/static/images/73028445.png -> /home/ddurand/fotos/73028445.png
2026-08-21 18:43:09,904 INFO photo_manager - Foto movida: /home/ddurand/proyectos/personal/rpaludoplay-app/src/static/images/73081631.png -> /home/ddurand/fotos/73081631.png
2026-08-21 18:43:09,904 INFO photo_manager - Foto movida: /home/ddurand/proyectos/personal/rpaludoplay-app/src/static/images/72111645.png -> /home/ddurand/fotos/72111645.png
2026-08-21 18:43:09,904 INFO photo_manager - Foto movida: /home/ddurand/proyectos/personal/rpaludoplay-app/src/static/images/76063770.png -> /home/ddurand/fotos/76063770.png
2026-08-21 18:43:09,905 INFO photo_manager - Foto movida: /home/ddurand/proyectos/personal/rpaludoplay-app/src/static/images/43822742.png -> /home/ddurand/fotos/43822742.png
2026-08-21 18:43:09,905 INFO photo_manager - Foto movida: /home/ddurand/proyectos/personal/rpaludoplay-app/src/static/images/46700437.png -> /home/ddurand/fotos/46700437.png
2026-08-21 18:43:09,905 INFO photo_manager - Foto movida: /home/ddurand/proyectos/personal/rpaludoplay-app/src/static/images/42994694.png -> /home/ddurand/fotos/42994694.png
2026-08-21 18:43:09,906 INFO photo_manager - Foto movida: /home/ddurand/proyectos/personal/rpaludoplay-app/src/static/images/17610997.png -> /home/ddurand/fotos/17610997.png
2026-08-21 18:43:09,906 INFO photo_manager - Foto movida: /home/ddurand/proyectos/personal/rpaludoplay-app/src/static/images/43399661.png -> /home/ddurand/fotos/43399661.png
2026-08-21 18:43:09,906 INFO photo_manager - Foto movida: /home/ddurand/proyectos/personal/rpaludoplay-app/src/static/images/43845002.png -> /home/ddurand/fotos/43845002.png
2026-08-21 18:43:09,906 INFO photo_manager - Foto movida: /home/ddurand/proyectos/personal/rpaludoplay-app/src/static/images/46384608.png -> /home/ddurand/fotos/46384608.png
2026-08-21 18:43:09,906 INFO photo_manager - Foto movida: /home/ddurand/proyectos/personal/rpaludoplay-app/src/static/images/42402783.png -> /home/ddurand/fotos/42402783.png
2026-08-21 18:43:09,907 INFO photo_manager - Foto movida: /home/ddurand/proyectos/personal/rpaludoplay-app/src/static/images/73040577.png -> /home/ddurand/fotos/73040577.png
2026-08-21 18:43:09,907 INFO photo_manager - Foto movida: /home/ddurand/proyectos/personal/rpaludoplay-app/src/static/images/40955325.png -> /home/ddurand/fotos/40955325.png
2026-08-21 18:43:09,907 INFO photo_manager - Foto movida: /home/ddurand/proyectos/personal/rpaludoplay-app/src/static/images/40720725.png -> /home/ddurand/fotos/40720725.png
2026-08-21 18:43:09,907 INFO photo_manager - Foto movida: /home/ddurand/proyectos/personal/rpaludoplay-app/src/static/images/70421443.png -> /home/ddurand/fotos/70421443.png
2026-08-21 18:43:09,908 INFO photo_manager - Foto movida: /home/ddurand/proyectos/personal/rpaludoplay-app/src/static/images/09784854.png -> /home/ddurand/fotos/09784854.png
2026-08-21 18:43:09,908 INFO photo_manager - Foto movida: /home/ddurand/proyectos/personal/rpaludoplay-app/src/static/images/09413024.png -> /home/ddurand/fotos/09413024.png
2026-08-21 18:43:09,909 INFO photo_manager - Foto movida: /home/ddurand/proyectos/personal/rpaludoplay-app/src/static/images/20683517.png -> /home/ddurand/fotos/20683517.png
2026-08-21 18:43:09,909 INFO photo_manager - Foto movida: /home/ddurand/proyectos/personal/rpaludoplay-app/src/static/images/72248356.png -> /home/ddurand/fotos/72248356.png
2026-08-21 18:43:09,909 INFO photo_manager - Foto movida: /home/ddurand/proyectos/personal/rpaludoplay-app/src/static/images/49029693.png -> /home/ddurand/fotos/49029693.png
2026-08-21 18:43:09,910 INFO photo_manager - Foto movida: /home/ddurand/proyectos/personal/rpaludoplay-app/src/static/images/46652035.png -> /home/ddurand/fotos/46652035.png
2026-08-21 18:43:09,910 INFO photo_manager - Foto movida: /home/ddurand/proyectos/personal/rpaludoplay-app/src/static/images/45084489.png -> /home/ddurand/fotos/45084489.png
2026-08-21 18:43:09,910 INFO photo_manager - Foto movida: /home/ddurand/proyectos/personal/rpaludoplay-app/src/static/images/73391693.png -> /home/ddurand/fotos/73391693.png
2026-08-21 18:43:09,910 INFO photo_manager - Foto movida: /home/ddurand/proyectos/personal/rpaludoplay-app/src/static/images/47316860.png -> /home/ddurand/fotos/47316860.png
2026-08-21 18:43:09,911 INFO photo_manager - Foto movida: /home/ddurand/proyectos/personal/rpaludoplay-app/src/static/images/60810881.png -> /home/ddurand/fotos/60810881.png
2026-08-21 18:43:09,911 INFO photo_manager - Foto movida: /home/ddurand/proyectos/personal/rpaludoplay-app/src/static/images/32875289.png -> /home/ddurand/fotos/32875289.png
2026-08-21 18:43:09,911 INFO photo_manager - Foto movida: /home/ddurand/proyectos/personal/rpaludoplay-app/src/static/images/70186607.png -> /home/ddurand/fotos/70186607.png
2026-08-21 18:43:09,912 INFO photo_manager - Foto movida: /home/ddurand/proyectos/personal/rpaludoplay-app/src/static/images/45905790.png -> /home/ddurand/fotos/45905790.png
2026-08-21 18:43:09,912 INFO photo_manager - Foto movida: /home/ddurand/proyectos/personal/rpaludoplay-app/src/static/images/07903628.png -> /home/ddurand/fotos/07903628.png
2026-08-21 18:43:09,912 INFO photo_manager - Foto movida: /home/ddurand/proyectos/personal/rpaludoplay-app/src/static/images/43106621.png -> /home/ddurand/fotos/43106621.png
2026-08-21 18:43:09,912 INFO photo_manager - Foto movida: /home/ddurand/proyectos/personal/rpaludoplay-app/src/static/images/002330054.png -> /home/ddurand/fotos/002330054.png
2026-08-21 18:43:09,912 INFO photo_manager - Foto movida: /home/ddurand/proyectos/personal/rpaludoplay-app/src/static/images/41042186.png -> /home/ddurand/fotos/41042186.png
2026-08-21 18:43:09,913 INFO photo_manager - Foto movida: /home/ddurand/proyectos/personal/rpaludoplay-app/src/static/images/09924103.png -> /home/ddurand/fotos/09924103.png
2026-08-21 18:43:09,913 INFO photo_manager - Foto movida: /home/ddurand/proyectos/personal/rpaludoplay-app/src/static/images/72201596.png -> /home/ddurand/fotos/72201596.png
2026-08-21 18:43:09,913 INFO photo_manager - Foto movida: /home/ddurand/proyectos/personal/rpaludoplay-app/src/static/images/72445507.png -> /home/ddurand/fotos/72445507.png
2026-08-21 18:43:09,913 INFO photo_manager - Foto movida: /home/ddurand/proyectos/personal/rpaludoplay-app/src/static/images/43939573.png -> /home/ddurand/fotos/43939573.png
2026-08-21 18:43:09,914 INFO photo_manager - Foto movida: /home/ddurand/proyectos/personal/rpaludoplay-app/src/static/images/72677747.png -> /home/ddurand/fotos/72677747.png
2026-08-21 18:43:09,914 INFO photo_manager - Foto movida: /home/ddurand/proyectos/personal/rpaludoplay-app/src/static/images/40558273.png -> /home/ddurand/fotos/40558273.png
2026-08-21 18:43:09,914 INFO photo_manager - Foto movida: /home/ddurand/proyectos/personal/rpaludoplay-app/src/static/images/47588072.png -> /home/ddurand/fotos/47588072.png
2026-08-21 18:43:09,914 INFO photo_manager - Foto movida: /home/ddurand/proyectos/personal/rpaludoplay-app/src/static/images/44738212.png -> /home/ddurand/fotos/44738212.png
2026-08-21 18:43:09,915 INFO photo_manager - Foto movida: /home/ddurand/proyectos/personal/rpaludoplay-app/src/static/images/75568362.png -> /home/ddurand/fotos/75568362.png
2026-08-21 18:43:09,915 INFO photo_manager - Foto movida: /home/ddurand/proyectos/personal/rpaludoplay-app/src/static/images/77141994.png -> /home/ddurand/fotos/77141994.png
2026-08-21 18:43:09,915 INFO photo_manager - Foto movida: /home/ddurand/proyectos/personal/rpaludoplay-app/src/static/images/29407963.png -> /home/ddurand/fotos/29407963.png
2026-08-21 18:43:09,916 INFO photo_manager - Foto movida: /home/ddurand/proyectos/personal/rpaludoplay-app/src/static/images/41167125.png -> /home/ddurand/fotos/41167125.png
2026-08-21 18:43:09,916 INFO photo_manager - Foto movida: /home/ddurand/proyectos/personal/rpaludoplay-app/src/static/images/75438494.png -> /home/ddurand/fotos/75438494.png
2026-08-21 18:43:09,917 INFO photo_manager - Foto movida: /home/ddurand/proyectos/personal/rpaludoplay-app/src/static/images/47844040.png -> /home/ddurand/fotos/47844040.png
2026-08-21 18:43:09,917 INFO photo_manager - Foto movida: /home/ddurand/proyectos/personal/rpaludoplay-app/src/static/images/71004224.png -> /home/ddurand/fotos/71004224.png
2026-08-21 18:43:09,917 INFO photo_manager - Foto movida: /home/ddurand/proyectos/personal/rpaludoplay-app/src/static/images/43764495.png -> /home/ddurand/fotos/43764495.png
2026-08-21 18:43:09,917 INFO photo_manager - Foto movida: /home/ddurand/proyectos/personal/rpaludoplay-app/src/static/images/47333317.png -> /home/ddurand/fotos/47333317.png
2026-08-21 18:43:09,918 INFO photo_manager - Foto movida: /home/ddurand/proyectos/personal/rpaludoplay-app/src/static/images/71077709.png -> /home/ddurand/fotos/71077709.png
2026-08-21 18:43:09,918 INFO photo_manager - Foto movida: /home/ddurand/proyectos/personal/rpaludoplay-app/src/static/images/06959157.png -> /home/ddurand/fotos/06959157.png
2026-08-21 18:43:09,918 INFO photo_manager - Foto movida: /home/ddurand/proyectos/personal/rpaludoplay-app/src/static/images/45963565.png -> /home/ddurand/fotos/45963565.png
2026-08-21 18:43:09,919 INFO photo_manager - Foto movida: /home/ddurand/proyectos/personal/rpaludoplay-app/src/static/images/76640979.png -> /home/ddurand/fotos/76640979.png
2026-08-21 18:43:09,919 INFO photo_manager - Foto movida: /home/ddurand/proyectos/personal/rpaludoplay-app/src/static/images/76615239.png -> /home/ddurand/fotos/76615239.png
2026-08-21 18:43:09,920 INFO photo_manager - Foto movida: /home/ddurand/proyectos/personal/rpaludoplay-app/src/static/images/10801758.png -> /home/ddurand/fotos/10801758.png
2026-08-21 18:43:09,920 INFO photo_manager - Foto movida: /home/ddurand/proyectos/personal/rpaludoplay-app/src/static/images/10072593.png -> /home/ddurand/fotos/10072593.png
2026-08-21 18:43:09,920 INFO photo_manager - Foto movida: /home/ddurand/proyectos/personal/rpaludoplay-app/src/static/images/80647533.png -> /home/ddurand/fotos/80647533.png
2026-08-21 18:43:09,920 INFO photo_manager - Foto movida: /home/ddurand/proyectos/personal/rpaludoplay-app/src/static/images/75724087.png -> /home/ddurand/fotos/75724087.png
2026-08-21 18:43:09,921 INFO photo_manager - Foto movida: /home/ddurand/proyectos/personal/rpaludoplay-app/src/static/images/31653158.png -> /home/ddurand/fotos/31653158.png
2026-08-21 18:43:09,921 INFO photo_manager - Foto movida: /home/ddurand/proyectos/personal/rpaludoplay-app/src/static/images/74891840.png -> /home/ddurand/fotos/74891840.png
2026-08-21 18:43:09,921 INFO photo_manager - Foto movida: /home/ddurand/proyectos/personal/rpaludoplay-app/src/static/images/75126177.png -> /home/ddurand/fotos/75126177.png
2026-08-21 18:43:09,922 INFO photo_manager - Foto movida: /home/ddurand/proyectos/personal/rpaludoplay-app/src/static/images/70381222.png -> /home/ddurand/fotos/70381222.png
2026-08-21 18:43:09,922 INFO photo_manager - Foto movida: /home/ddurand/proyectos/personal/rpaludoplay-app/src/static/images/74050606.png -> /home/ddurand/fotos/74050606.png
2026-08-21 18:43:09,923 INFO photo_manager - Foto movida: /home/ddurand/proyectos/personal/rpaludoplay-app/src/static/images/45838662.png -> /home/ddurand/fotos/45838662.png
2026-08-21 18:43:09,923 INFO photo_manager - Foto movida: /home/ddurand/proyectos/personal/rpaludoplay-app/src/static/images/06621384.png -> /home/ddurand/fotos/06621384.png
2026-08-21 18:43:09,923 INFO photo_manager - Foto movida: /home/ddurand/proyectos/personal/rpaludoplay-app/src/static/images/40278844.png -> /home/ddurand/fotos/40278844.png
2026-08-21 18:43:09,924 INFO photo_manager - Foto movida: /home/ddurand/proyectos/personal/rpaludoplay-app/src/static/images/45880854.png -> /home/ddurand/fotos/45880854.png
2026-08-21 18:43:09,924 INFO photo_manager - Foto movida: /home/ddurand/proyectos/personal/rpaludoplay-app/src/static/images/73858037.png -> /home/ddurand/fotos/73858037.png
2026-08-21 18:43:09,925 INFO photo_manager - Foto movida: /home/ddurand/proyectos/personal/rpaludoplay-app/src/static/images/73817095.png -> /home/ddurand/fotos/73817095.png
2026-08-21 18:43:09,925 INFO photo_manager - Foto movida: /home/ddurand/proyectos/personal/rpaludoplay-app/src/static/images/73106424.png -> /home/ddurand/fotos/73106424.png
2026-08-21 18:43:09,925 INFO photo_manager - Foto movida: /home/ddurand/proyectos/personal/rpaludoplay-app/src/static/images/45872936.png -> /home/ddurand/fotos/45872936.png
2026-08-21 18:43:09,926 INFO photo_manager - Foto movida: /home/ddurand/proyectos/personal/rpaludoplay-app/src/static/images/71207504.png -> /home/ddurand/fotos/71207504.png
2026-08-21 18:43:09,926 INFO photo_manager - Foto movida: /home/ddurand/proyectos/personal/rpaludoplay-app/src/static/images/80298002.png -> /home/ddurand/fotos/80298002.png
2026-08-21 18:43:09,927 INFO photo_manager - Foto movida: /home/ddurand/proyectos/personal/rpaludoplay-app/src/static/images/46208697.png -> /home/ddurand/fotos/46208697.png
2026-08-21 18:43:09,927 INFO photo_manager - Foto movida: /home/ddurand/proyectos/personal/rpaludoplay-app/src/static/images/76909743.png -> /home/ddurand/fotos/76909743.png
2026-08-21 18:43:09,927 INFO photo_manager - Foto movida: /home/ddurand/proyectos/personal/rpaludoplay-app/src/static/images/77175665.png -> /home/ddurand/fotos/77175665.png
2026-08-21 18:43:09,927 INFO photo_manager - Foto movida: /home/ddurand/proyectos/personal/rpaludoplay-app/src/static/images/48143802.png -> /home/ddurand/fotos/48143802.png
2026-08-21 18:43:09,928 INFO photo_manager - Foto movida: /home/ddurand/proyectos/personal/rpaludoplay-app/src/static/images/70471925.png -> /home/ddurand/fotos/70471925.png
2026-08-21 18:43:09,928 INFO photo_manager - Foto movida: /home/ddurand/proyectos/personal/rpaludoplay-app/src/static/images/71406825.png -> /home/ddurand/fotos/71406825.png
2026-08-21 18:43:09,928 INFO photo_manager - Foto movida: /home/ddurand/proyectos/personal/rpaludoplay-app/src/static/images/42278606.png -> /home/ddurand/fotos/42278606.png
2026-08-21 18:43:09,929 INFO photo_manager - Foto movida: /home/ddurand/proyectos/personal/rpaludoplay-app/src/static/images/75497897.png -> /home/ddurand/fotos/75497897.png
2026-08-21 18:43:09,929 INFO photo_manager - Foto movida: /home/ddurand/proyectos/personal/rpaludoplay-app/src/static/images/76048772.png -> /home/ddurand/fotos/76048772.png
2026-08-21 18:43:09,929 INFO photo_manager - Foto movida: /home/ddurand/proyectos/personal/rpaludoplay-app/src/static/images/32302827.png -> /home/ddurand/fotos/32302827.png
2026-08-21 18:43:09,930 INFO photo_manager - Foto movida: /home/ddurand/proyectos/personal/rpaludoplay-app/src/static/images/47011801.png -> /home/ddurand/fotos/47011801.png
2026-08-21 18:43:09,930 INFO photo_manager - Foto movida: /home/ddurand/proyectos/personal/rpaludoplay-app/src/static/images/74493936.png -> /home/ddurand/fotos/74493936.png
2026-08-21 18:43:09,930 INFO photo_manager - Foto movida: /home/ddurand/proyectos/personal/rpaludoplay-app/src/static/images/42316135.png -> /home/ddurand/fotos/42316135.png
2026-08-21 18:43:09,930 INFO photo_manager - Foto movida: /home/ddurand/proyectos/personal/rpaludoplay-app/src/static/images/000792767.png -> /home/ddurand/fotos/000792767.png
2026-08-21 18:43:09,931 INFO photo_manager - Foto movida: /home/ddurand/proyectos/personal/rpaludoplay-app/src/static/images/70079652.png -> /home/ddurand/fotos/70079652.png
2026-08-21 18:43:09,931 INFO photo_manager - Foto movida: /home/ddurand/proyectos/personal/rpaludoplay-app/src/static/images/80119755.png -> /home/ddurand/fotos/80119755.png
2026-08-21 18:43:09,931 INFO photo_manager - Foto movida: /home/ddurand/proyectos/personal/rpaludoplay-app/src/static/images/16785160.png -> /home/ddurand/fotos/16785160.png
2026-08-21 18:43:09,931 INFO photo_manager - Foto movida: /home/ddurand/proyectos/personal/rpaludoplay-app/src/static/images/47190623.png -> /home/ddurand/fotos/47190623.png
2026-08-21 18:43:09,932 INFO photo_manager - Foto movida: /home/ddurand/proyectos/personal/rpaludoplay-app/src/static/images/41178544.png -> /home/ddurand/fotos/41178544.png
2026-08-21 18:43:09,932 INFO photo_manager - Foto movida: /home/ddurand/proyectos/personal/rpaludoplay-app/src/static/images/76034650.png -> /home/ddurand/fotos/76034650.png
2026-08-21 18:43:09,932 INFO photo_manager - Foto movida: /home/ddurand/proyectos/personal/rpaludoplay-app/src/static/images/46484415.png -> /home/ddurand/fotos/46484415.png
2026-08-21 18:43:09,932 INFO photo_manager - Foto movida: /home/ddurand/proyectos/personal/rpaludoplay-app/src/static/images/73092225.png -> /home/ddurand/fotos/73092225.png
2026-08-21 18:43:09,933 INFO photo_manager - Foto movida: /home/ddurand/proyectos/personal/rpaludoplay-app/src/static/images/40752656.png -> /home/ddurand/fotos/40752656.png
2026-08-21 18:43:09,933 INFO photo_manager - Foto movida: /home/ddurand/proyectos/personal/rpaludoplay-app/src/static/images/72381824.png -> /home/ddurand/fotos/72381824.png
2026-08-21 18:43:09,933 INFO photo_manager - Foto movida: /home/ddurand/proyectos/personal/rpaludoplay-app/src/static/images/74986316.png -> /home/ddurand/fotos/74986316.png
2026-08-21 18:43:09,934 INFO photo_manager - Foto movida: /home/ddurand/proyectos/personal/rpaludoplay-app/src/static/images/44642873.png -> /home/ddurand/fotos/44642873.png
2026-08-21 18:43:09,934 INFO photo_manager - Foto movida: /home/ddurand/proyectos/personal/rpaludoplay-app/src/static/images/44229657.png -> /home/ddurand/fotos/44229657.png
2026-08-21 18:43:09,934 INFO photo_manager - Foto movida: /home/ddurand/proyectos/personal/rpaludoplay-app/src/static/images/10723752.png -> /home/ddurand/fotos/10723752.png
2026-08-21 18:43:09,934 INFO photo_manager - Foto movida: /home/ddurand/proyectos/personal/rpaludoplay-app/src/static/images/44426173.png -> /home/ddurand/fotos/44426173.png
2026-08-21 18:43:09,935 INFO photo_manager - Foto movida: /home/ddurand/proyectos/personal/rpaludoplay-app/src/static/images/70394790.png -> /home/ddurand/fotos/70394790.png
2026-08-21 18:43:09,935 INFO photo_manager - Foto movida: /home/ddurand/proyectos/personal/rpaludoplay-app/src/static/images/41741455.png -> /home/ddurand/fotos/41741455.png
2026-08-21 18:43:09,936 INFO photo_manager - Foto movida: /home/ddurand/proyectos/personal/rpaludoplay-app/src/static/images/47519060.png -> /home/ddurand/fotos/47519060.png
2026-08-21 18:43:09,936 INFO photo_manager - Foto movida: /home/ddurand/proyectos/personal/rpaludoplay-app/src/static/images/40619515.png -> /home/ddurand/fotos/40619515.png
2026-08-21 18:43:09,937 INFO photo_manager - Foto movida: /home/ddurand/proyectos/personal/rpaludoplay-app/src/static/images/72713521.png -> /home/ddurand/fotos/72713521.png
2026-08-21 18:43:09,937 INFO photo_manager - Foto movida: /home/ddurand/proyectos/personal/rpaludoplay-app/src/static/images/72494209.png -> /home/ddurand/fotos/72494209.png
2026-08-21 18:43:09,938 INFO photo_manager - Foto movida: /home/ddurand/proyectos/personal/rpaludoplay-app/src/static/images/21134427.png -> /home/ddurand/fotos/21134427.png
2026-08-21 18:43:09,939 INFO photo_manager - Foto movida: /home/ddurand/proyectos/personal/rpaludoplay-app/src/static/images/75399517.png -> /home/ddurand/fotos/75399517.png
2026-08-21 18:43:09,939 INFO photo_manager - Foto movida: /home/ddurand/proyectos/personal/rpaludoplay-app/src/static/images/00516295.png -> /home/ddurand/fotos/00516295.png
2026-08-21 18:43:09,939 INFO photo_manager - Foto movida: /home/ddurand/proyectos/personal/rpaludoplay-app/src/static/images/40625285.png -> /home/ddurand/fotos/40625285.png
2026-08-21 18:43:09,940 INFO photo_manager - Foto movida: /home/ddurand/proyectos/personal/rpaludoplay-app/src/static/images/06273964.png -> /home/ddurand/fotos/06273964.png
2026-08-21 18:43:09,940 INFO photo_manager - Foto movida: /home/ddurand/proyectos/personal/rpaludoplay-app/src/static/images/72210222.png -> /home/ddurand/fotos/72210222.png
2026-08-21 18:43:09,940 INFO photo_manager - Foto movida: /home/ddurand/proyectos/personal/rpaludoplay-app/src/static/images/42426418.png -> /home/ddurand/fotos/42426418.png
2026-08-21 18:43:09,941 INFO photo_manager - Foto movida: /home/ddurand/proyectos/personal/rpaludoplay-app/src/static/images/23980419.png -> /home/ddurand/fotos/23980419.png
2026-08-21 18:43:09,941 INFO photo_manager - Foto movida: /home/ddurand/proyectos/personal/rpaludoplay-app/src/static/images/41514038.png -> /home/ddurand/fotos/41514038.png
2026-08-21 18:43:09,942 INFO photo_manager - Foto movida: /home/ddurand/proyectos/personal/rpaludoplay-app/src/static/images/43132906.png -> /home/ddurand/fotos/43132906.png
2026-08-21 18:43:09,942 INFO photo_manager - Foto movida: /home/ddurand/proyectos/personal/rpaludoplay-app/src/static/images/02668052.png -> /home/ddurand/fotos/02668052.png
2026-08-21 18:43:09,943 INFO photo_manager - Foto movida: /home/ddurand/proyectos/personal/rpaludoplay-app/src/static/images/44041568.png -> /home/ddurand/fotos/44041568.png
2026-08-21 18:43:09,944 INFO photo_manager - Foto movida: /home/ddurand/proyectos/personal/rpaludoplay-app/src/static/images/40655666.png -> /home/ddurand/fotos/40655666.png
2026-08-21 18:43:09,944 INFO photo_manager - Foto movida: /home/ddurand/proyectos/personal/rpaludoplay-app/src/static/images/44897203.png -> /home/ddurand/fotos/44897203.png
2026-08-21 18:43:09,944 INFO photo_manager - Foto movida: /home/ddurand/proyectos/personal/rpaludoplay-app/src/static/images/72202746.png -> /home/ddurand/fotos/72202746.png
2026-08-21 18:43:09,944 INFO photo_manager - Foto movida: /home/ddurand/proyectos/personal/rpaludoplay-app/src/static/images/46410060.png -> /home/ddurand/fotos/46410060.png
2026-08-21 18:43:09,945 INFO photo_manager - Foto movida: /home/ddurand/proyectos/personal/rpaludoplay-app/src/static/images/70597573.png -> /home/ddurand/fotos/70597573.png
2026-08-21 18:43:09,945 INFO photo_manager - Foto movida: /home/ddurand/proyectos/personal/rpaludoplay-app/src/static/images/75682507.png -> /home/ddurand/fotos/75682507.png
2026-08-21 18:43:09,945 INFO photo_manager - Foto movida: /home/ddurand/proyectos/personal/rpaludoplay-app/src/static/images/73641460.png -> /home/ddurand/fotos/73641460.png
2026-08-21 18:43:09,945 INFO photo_manager - Foto movida: /home/ddurand/proyectos/personal/rpaludoplay-app/src/static/images/70322792.png -> /home/ddurand/fotos/70322792.png
2026-08-21 18:43:09,946 INFO photo_manager - Foto movida: /home/ddurand/proyectos/personal/rpaludoplay-app/src/static/images/08227791.png -> /home/ddurand/fotos/08227791.png
2026-08-21 18:43:09,946 INFO photo_manager - Foto movida: /home/ddurand/proyectos/personal/rpaludoplay-app/src/static/images/25758733.png -> /home/ddurand/fotos/25758733.png
2026-08-21 18:43:09,947 INFO photo_manager - Foto movida: /home/ddurand/proyectos/personal/rpaludoplay-app/src/static/images/43595402.png -> /home/ddurand/fotos/43595402.png
2026-08-21 18:43:09,948 INFO photo_manager - Foto movida: /home/ddurand/proyectos/personal/rpaludoplay-app/src/static/images/09905608.png -> /home/ddurand/fotos/09905608.png
2026-08-21 18:43:09,948 INFO photo_manager - Foto movida: /home/ddurand/proyectos/personal/rpaludoplay-app/src/static/images/73684176.png -> /home/ddurand/fotos/73684176.png
2026-08-21 18:43:09,948 INFO photo_manager - Foto movida: /home/ddurand/proyectos/personal/rpaludoplay-app/src/static/images/47155833.png -> /home/ddurand/fotos/47155833.png
2026-08-21 18:43:09,949 INFO photo_manager - Foto movida: /home/ddurand/proyectos/personal/rpaludoplay-app/src/static/images/70125265.png -> /home/ddurand/fotos/70125265.png
2026-08-21 18:43:09,949 INFO photo_manager - Foto movida: /home/ddurand/proyectos/personal/rpaludoplay-app/src/static/images/60853804.png -> /home/ddurand/fotos/60853804.png
2026-08-21 18:43:09,950 INFO photo_manager - Foto movida: /home/ddurand/proyectos/personal/rpaludoplay-app/src/static/images/41099888.png -> /home/ddurand/fotos/41099888.png
2026-08-21 18:43:09,950 INFO photo_manager - Foto movida: /home/ddurand/proyectos/personal/rpaludoplay-app/src/static/images/76089615.png -> /home/ddurand/fotos/76089615.png
2026-08-21 18:43:09,950 INFO photo_manager - Foto movida: /home/ddurand/proyectos/personal/rpaludoplay-app/src/static/images/71960006.png -> /home/ddurand/fotos/71960006.png
2026-08-21 18:43:09,951 INFO photo_manager - Foto movida: /home/ddurand/proyectos/personal/rpaludoplay-app/src/static/images/75621801.png -> /home/ddurand/fotos/75621801.png
2026-08-21 18:43:09,951 INFO photo_manager - Foto movida: /home/ddurand/proyectos/personal/rpaludoplay-app/src/static/images/74889048.png -> /home/ddurand/fotos/74889048.png
2026-08-21 18:43:09,952 INFO photo_manager - Foto movida: /home/ddurand/proyectos/personal/rpaludoplay-app/src/static/images/73175657.png -> /home/ddurand/fotos/73175657.png
2026-08-21 18:43:09,952 INFO photo_manager - Foto movida: /home/ddurand/proyectos/personal/rpaludoplay-app/src/static/images/46963669.png -> /home/ddurand/fotos/46963669.png
2026-08-21 18:43:09,952 INFO photo_manager - Foto movida: /home/ddurand/proyectos/personal/rpaludoplay-app/src/static/images/40325282.png -> /home/ddurand/fotos/40325282.png
2026-08-21 18:43:09,953 INFO photo_manager - Foto movida: /home/ddurand/proyectos/personal/rpaludoplay-app/src/static/images/73973719.png -> /home/ddurand/fotos/73973719.png
2026-08-21 18:43:09,953 INFO photo_manager - Foto movida: /home/ddurand/proyectos/personal/rpaludoplay-app/src/static/images/07882659.png -> /home/ddurand/fotos/07882659.png
2026-08-21 18:43:09,954 INFO photo_manager - Foto movida: /home/ddurand/proyectos/personal/rpaludoplay-app/src/static/images/09855614.png -> /home/ddurand/fotos/09855614.png
2026-08-21 18:43:09,954 INFO photo_manager - Foto movida: /home/ddurand/proyectos/personal/rpaludoplay-app/src/static/images/74532054.png -> /home/ddurand/fotos/74532054.png
2026-08-21 18:43:09,955 INFO photo_manager - Foto movida: /home/ddurand/proyectos/personal/rpaludoplay-app/src/static/images/75615038.png -> /home/ddurand/fotos/75615038.png
2026-08-21 18:43:09,955 INFO photo_manager - Foto movida: /home/ddurand/proyectos/personal/rpaludoplay-app/src/static/images/70262219.png -> /home/ddurand/fotos/70262219.png
2026-08-21 18:43:09,955 INFO photo_manager - Foto movida: /home/ddurand/proyectos/personal/rpaludoplay-app/src/static/images/45175526.png -> /home/ddurand/fotos/45175526.png
2026-08-21 18:43:09,956 INFO photo_manager - Foto movida: /home/ddurand/proyectos/personal/rpaludoplay-app/src/static/images/75220002.png -> /home/ddurand/fotos/75220002.png
2026-08-21 18:43:09,956 INFO photo_manager - Foto movida: /home/ddurand/proyectos/personal/rpaludoplay-app/src/static/images/42216229.png -> /home/ddurand/fotos/42216229.png
2026-08-21 18:43:09,956 INFO photo_manager - Foto movida: /home/ddurand/proyectos/personal/rpaludoplay-app/src/static/images/29638974.png -> /home/ddurand/fotos/29638974.png
2026-08-21 18:43:09,957 INFO photo_manager - Foto movida: /home/ddurand/proyectos/personal/rpaludoplay-app/src/static/images/71889504.png -> /home/ddurand/fotos/71889504.png
2026-08-21 18:43:09,957 INFO photo_manager - Foto movida: /home/ddurand/proyectos/personal/rpaludoplay-app/src/static/images/71889481.png -> /home/ddurand/fotos/71889481.png
2026-08-21 18:43:09,957 INFO photo_manager - Foto movida: /home/ddurand/proyectos/personal/rpaludoplay-app/src/static/images/18181122.png -> /home/ddurand/fotos/18181122.png
2026-08-21 18:43:09,958 INFO photo_manager - Foto movida: /home/ddurand/proyectos/personal/rpaludoplay-app/src/static/images/70510858.png -> /home/ddurand/fotos/70510858.png
2026-08-21 18:43:09,958 INFO photo_manager - Foto movida: /home/ddurand/proyectos/personal/rpaludoplay-app/src/static/images/72305674.png -> /home/ddurand/fotos/72305674.png
2026-08-21 18:43:09,959 INFO photo_manager - Foto movida: /home/ddurand/proyectos/personal/rpaludoplay-app/src/static/images/40089582.png -> /home/ddurand/fotos/40089582.png
2026-08-21 18:43:09,959 INFO photo_manager - Foto movida: /home/ddurand/proyectos/personal/rpaludoplay-app/src/static/images/72982675.png -> /home/ddurand/fotos/72982675.png
2026-08-21 18:43:09,959 INFO photo_manager - Foto movida: /home/ddurand/proyectos/personal/rpaludoplay-app/src/static/images/42910910.png -> /home/ddurand/fotos/42910910.png
2026-08-21 18:43:09,960 INFO photo_manager - Foto movida: /home/ddurand/proyectos/personal/rpaludoplay-app/src/static/images/71717151.png -> /home/ddurand/fotos/71717151.png
2026-08-21 18:43:09,960 INFO photo_manager - Foto movida: /home/ddurand/proyectos/personal/rpaludoplay-app/src/static/images/74118793.png -> /home/ddurand/fotos/74118793.png
2026-08-21 18:43:09,960 INFO photo_manager - Foto movida: /home/ddurand/proyectos/personal/rpaludoplay-app/src/static/images/001376961.png -> /home/ddurand/fotos/001376961.png
2026-08-21 18:43:09,961 INFO photo_manager - Foto movida: /home/ddurand/proyectos/personal/rpaludoplay-app/src/static/images/60880347.png -> /home/ddurand/fotos/60880347.png
2026-08-21 18:43:09,961 INFO photo_manager - Foto movida: /home/ddurand/proyectos/personal/rpaludoplay-app/src/static/images/44281055.png -> /home/ddurand/fotos/44281055.png
2026-08-21 18:43:09,962 INFO photo_manager - Foto movida: /home/ddurand/proyectos/personal/rpaludoplay-app/src/static/images/73587674.png -> /home/ddurand/fotos/73587674.png
2026-08-21 18:43:09,962 INFO photo_manager - Foto movida: /home/ddurand/proyectos/personal/rpaludoplay-app/src/static/images/76355089.png -> /home/ddurand/fotos/76355089.png
2026-08-21 18:43:09,962 INFO photo_manager - Foto movida: /home/ddurand/proyectos/personal/rpaludoplay-app/src/static/images/40670710.png -> /home/ddurand/fotos/40670710.png
2026-08-21 18:43:09,963 INFO photo_manager - Foto movida: /home/ddurand/proyectos/personal/rpaludoplay-app/src/static/images/73231880.png -> /home/ddurand/fotos/73231880.png
2026-08-21 18:43:09,963 INFO photo_manager - Foto movida: /home/ddurand/proyectos/personal/rpaludoplay-app/src/static/images/72638699.png -> /home/ddurand/fotos/72638699.png
2026-08-21 18:43:09,963 INFO photo_manager - Foto movida: /home/ddurand/proyectos/personal/rpaludoplay-app/src/static/images/70059989.png -> /home/ddurand/fotos/70059989.png
2026-08-21 18:43:09,964 INFO photo_manager - Foto movida: /home/ddurand/proyectos/personal/rpaludoplay-app/src/static/images/10584033.png -> /home/ddurand/fotos/10584033.png
2026-08-21 18:43:09,964 INFO photo_manager - Foto movida: /home/ddurand/proyectos/personal/rpaludoplay-app/src/static/images/10467068.png -> /home/ddurand/fotos/10467068.png
2026-08-21 18:43:09,964 INFO photo_manager - Foto movida: /home/ddurand/proyectos/personal/rpaludoplay-app/src/static/images/73856399.png -> /home/ddurand/fotos/73856399.png
2026-08-21 18:43:09,964 INFO photo_manager - Foto movida: /home/ddurand/proyectos/personal/rpaludoplay-app/src/static/images/73305584.png -> /home/ddurand/fotos/73305584.png
2026-08-21 18:43:09,965 INFO photo_manager - Foto movida: /home/ddurand/proyectos/personal/rpaludoplay-app/src/static/images/07469438.png -> /home/ddurand/fotos/07469438.png
2026-08-21 18:43:09,965 INFO photo_manager - Foto movida: /home/ddurand/proyectos/personal/rpaludoplay-app/src/static/images/06676322.png -> /home/ddurand/fotos/06676322.png
2026-08-21 18:43:09,966 INFO photo_manager - Foto movida: /home/ddurand/proyectos/personal/rpaludoplay-app/src/static/images/001066447.png -> /home/ddurand/fotos/001066447.png
2026-08-21 18:43:09,966 INFO photo_manager - Foto movida: /home/ddurand/proyectos/personal/rpaludoplay-app/src/static/images/72779459.png -> /home/ddurand/fotos/72779459.png
2026-08-21 18:43:09,966 INFO photo_manager - Foto movida: /home/ddurand/proyectos/personal/rpaludoplay-app/src/static/images/47353369.png -> /home/ddurand/fotos/47353369.png
2026-08-21 18:43:09,967 INFO photo_manager - Foto movida: /home/ddurand/proyectos/personal/rpaludoplay-app/src/static/images/44452974.png -> /home/ddurand/fotos/44452974.png
2026-08-21 18:43:09,967 INFO photo_manager - Foto movida: /home/ddurand/proyectos/personal/rpaludoplay-app/src/static/images/45420813.png -> /home/ddurand/fotos/45420813.png
2026-08-21 18:43:09,968 INFO photo_manager - Foto movida: /home/ddurand/proyectos/personal/rpaludoplay-app/src/static/images/10579349.png -> /home/ddurand/fotos/10579349.png
2026-08-21 18:43:09,968 INFO photo_manager - Foto movida: /home/ddurand/proyectos/personal/rpaludoplay-app/src/static/images/10756624.png -> /home/ddurand/fotos/10756624.png
2026-08-21 18:43:09,969 INFO photo_manager - Foto movida: /home/ddurand/proyectos/personal/rpaludoplay-app/src/static/images/42459138.png -> /home/ddurand/fotos/42459138.png
2026-08-21 18:43:09,969 INFO photo_manager - Foto movida: /home/ddurand/proyectos/personal/rpaludoplay-app/src/static/images/47054390.png -> /home/ddurand/fotos/47054390.png
2026-08-21 18:43:09,970 INFO photo_manager - Foto movida: /home/ddurand/proyectos/personal/rpaludoplay-app/src/static/images/77417665.png -> /home/ddurand/fotos/77417665.png
2026-08-21 18:43:09,970 INFO photo_manager - Foto movida: /home/ddurand/proyectos/personal/rpaludoplay-app/src/static/images/62024662.png -> /home/ddurand/fotos/62024662.png
2026-08-21 18:43:09,970 INFO photo_manager - Foto movida: /home/ddurand/proyectos/personal/rpaludoplay-app/src/static/images/26725389.png -> /home/ddurand/fotos/26725389.png
2026-08-21 18:43:09,971 INFO photo_manager - Foto movida: /home/ddurand/proyectos/personal/rpaludoplay-app/src/static/images/26673498.png -> /home/ddurand/fotos/26673498.png
2026-08-21 18:43:09,971 INFO photo_manager - Foto movida: /home/ddurand/proyectos/personal/rpaludoplay-app/src/static/images/72220554.png -> /home/ddurand/fotos/72220554.png
2026-08-21 18:43:09,971 INFO photo_manager - Foto movida: /home/ddurand/proyectos/personal/rpaludoplay-app/src/static/images/77033329.png -> /home/ddurand/fotos/77033329.png
2026-08-21 18:43:09,972 INFO photo_manager - Foto movida: /home/ddurand/proyectos/personal/rpaludoplay-app/src/static/images/80625301.png -> /home/ddurand/fotos/80625301.png
2026-08-21 18:43:09,972 INFO photo_manager - Foto movida: /home/ddurand/proyectos/personal/rpaludoplay-app/src/static/images/76615916.png -> /home/ddurand/fotos/76615916.png
2026-08-21 18:43:09,972 INFO photo_manager - Foto movida: /home/ddurand/proyectos/personal/rpaludoplay-app/src/static/images/48517754.png -> /home/ddurand/fotos/48517754.png
2026-08-21 18:43:09,972 INFO photo_manager - Foto movida: /home/ddurand/proyectos/personal/rpaludoplay-app/src/static/images/09316232.png -> /home/ddurand/fotos/09316232.png
2026-08-21 18:43:09,973 INFO photo_manager - Foto movida: /home/ddurand/proyectos/personal/rpaludoplay-app/src/static/images/70712721.png -> /home/ddurand/fotos/70712721.png
2026-08-21 18:43:09,973 INFO photo_manager - Foto movida: /home/ddurand/proyectos/personal/rpaludoplay-app/src/static/images/47844221.png -> /home/ddurand/fotos/47844221.png
2026-08-21 18:43:09,974 INFO photo_manager - Foto movida: /home/ddurand/proyectos/personal/rpaludoplay-app/src/static/images/01072889.png -> /home/ddurand/fotos/01072889.png
2026-08-21 18:43:09,974 INFO photo_manager - Foto movida: /home/ddurand/proyectos/personal/rpaludoplay-app/src/static/images/74045027.png -> /home/ddurand/fotos/74045027.png
2026-08-21 18:43:09,974 INFO photo_manager - Foto movida: /home/ddurand/proyectos/personal/rpaludoplay-app/src/static/images/005645926.png -> /home/ddurand/fotos/005645926.png
2026-08-21 18:43:09,975 INFO photo_manager - Foto movida: /home/ddurand/proyectos/personal/rpaludoplay-app/src/static/images/74651454.png -> /home/ddurand/fotos/74651454.png
2026-08-21 18:43:09,975 INFO photo_manager - Foto movida: /home/ddurand/proyectos/personal/rpaludoplay-app/src/static/images/46854746.png -> /home/ddurand/fotos/46854746.png
2026-08-21 18:43:09,975 INFO photo_manager - Foto movida: /home/ddurand/proyectos/personal/rpaludoplay-app/src/static/images/46689776.png -> /home/ddurand/fotos/46689776.png
2026-08-21 18:43:09,976 INFO photo_manager - Foto movida: /home/ddurand/proyectos/personal/rpaludoplay-app/src/static/images/46723880.png -> /home/ddurand/fotos/46723880.png
2026-08-21 18:43:09,976 INFO photo_manager - Foto movida: /home/ddurand/proyectos/personal/rpaludoplay-app/src/static/images/77542241.png -> /home/ddurand/fotos/77542241.png
2026-08-21 18:43:09,977 INFO photo_manager - Foto movida: /home/ddurand/proyectos/personal/rpaludoplay-app/src/static/images/10201137.png -> /home/ddurand/fotos/10201137.png
2026-08-21 18:43:09,977 INFO photo_manager - Foto movida: /home/ddurand/proyectos/personal/rpaludoplay-app/src/static/images/03699921.png -> /home/ddurand/fotos/03699921.png
2026-08-21 18:43:09,977 INFO photo_manager - Foto movida: /home/ddurand/proyectos/personal/rpaludoplay-app/src/static/images/60744215.png -> /home/ddurand/fotos/60744215.png
2026-08-21 18:43:09,978 INFO photo_manager - Foto movida: /home/ddurand/proyectos/personal/rpaludoplay-app/src/static/images/61842517.png -> /home/ddurand/fotos/61842517.png
2026-08-21 18:43:09,978 INFO photo_manager - Foto movida: /home/ddurand/proyectos/personal/rpaludoplay-app/src/static/images/75080931.png -> /home/ddurand/fotos/75080931.png
2026-08-21 18:43:09,978 INFO photo_manager - Foto movida: /home/ddurand/proyectos/personal/rpaludoplay-app/src/static/images/42334493.png -> /home/ddurand/fotos/42334493.png
2026-08-21 18:43:09,979 INFO photo_manager - Foto movida: /home/ddurand/proyectos/personal/rpaludoplay-app/src/static/images/45968588.png -> /home/ddurand/fotos/45968588.png
2026-08-21 18:43:09,979 INFO photo_manager - Foto movida: /home/ddurand/proyectos/personal/rpaludoplay-app/src/static/images/47904575.png -> /home/ddurand/fotos/47904575.png
2026-08-21 18:43:09,979 INFO photo_manager - Foto movida: /home/ddurand/proyectos/personal/rpaludoplay-app/src/static/images/10092974.png -> /home/ddurand/fotos/10092974.png
2026-08-21 18:43:09,980 INFO photo_manager - Foto movida: /home/ddurand/proyectos/personal/rpaludoplay-app/src/static/images/32939236.png -> /home/ddurand/fotos/32939236.png
2026-08-21 18:43:09,980 INFO photo_manager - Foto movida: /home/ddurand/proyectos/personal/rpaludoplay-app/src/static/images/74899782.png -> /home/ddurand/fotos/74899782.png
2026-08-21 18:43:09,980 INFO photo_manager - Foto movida: /home/ddurand/proyectos/personal/rpaludoplay-app/src/static/images/71102123.png -> /home/ddurand/fotos/71102123.png
2026-08-21 18:43:09,981 INFO photo_manager - Foto movida: /home/ddurand/proyectos/personal/rpaludoplay-app/src/static/images/71941702.png -> /home/ddurand/fotos/71941702.png
2026-08-21 18:43:09,981 INFO photo_manager - Foto movida: /home/ddurand/proyectos/personal/rpaludoplay-app/src/static/images/07238387.png -> /home/ddurand/fotos/07238387.png
2026-08-21 18:43:09,981 INFO photo_manager - Foto movida: /home/ddurand/proyectos/personal/rpaludoplay-app/src/static/images/71045323.png -> /home/ddurand/fotos/71045323.png
2026-08-21 18:43:09,982 INFO photo_manager - Foto movida: /home/ddurand/proyectos/personal/rpaludoplay-app/src/static/images/40762248.png -> /home/ddurand/fotos/40762248.png
2026-08-21 18:43:09,982 INFO photo_manager - Foto movida: /home/ddurand/proyectos/personal/rpaludoplay-app/src/static/images/42586520.png -> /home/ddurand/fotos/42586520.png
2026-08-21 18:43:09,982 INFO photo_manager - Foto movida: /home/ddurand/proyectos/personal/rpaludoplay-app/src/static/images/78288544.png -> /home/ddurand/fotos/78288544.png
2026-08-21 18:43:09,983 INFO photo_manager - Foto movida: /home/ddurand/proyectos/personal/rpaludoplay-app/src/static/images/47748437.png -> /home/ddurand/fotos/47748437.png
2026-08-21 18:43:09,983 INFO photo_manager - Foto movida: /home/ddurand/proyectos/personal/rpaludoplay-app/src/static/images/10550635.png -> /home/ddurand/fotos/10550635.png
2026-08-21 18:43:09,983 INFO photo_manager - Foto movida: /home/ddurand/proyectos/personal/rpaludoplay-app/src/static/images/70693855.png -> /home/ddurand/fotos/70693855.png
2026-08-21 18:43:09,984 INFO photo_manager - Foto movida: /home/ddurand/proyectos/personal/rpaludoplay-app/src/static/images/42117746.png -> /home/ddurand/fotos/42117746.png
2026-08-21 18:43:09,984 INFO photo_manager - Foto movida: /home/ddurand/proyectos/personal/rpaludoplay-app/src/static/images/74895243.png -> /home/ddurand/fotos/74895243.png
2026-08-21 18:43:09,984 INFO photo_manager - Foto movida: /home/ddurand/proyectos/personal/rpaludoplay-app/src/static/images/70065616.png -> /home/ddurand/fotos/70065616.png
2026-08-21 18:43:09,985 INFO photo_manager - Foto movida: /home/ddurand/proyectos/personal/rpaludoplay-app/src/static/images/77668243.png -> /home/ddurand/fotos/77668243.png
2026-08-21 18:43:09,985 INFO photo_manager - Foto movida: /home/ddurand/proyectos/personal/rpaludoplay-app/src/static/images/70524567.png -> /home/ddurand/fotos/70524567.png
2026-08-21 18:43:09,985 INFO photo_manager - Foto movida: /home/ddurand/proyectos/personal/rpaludoplay-app/src/static/images/75489535.png -> /home/ddurand/fotos/75489535.png
2026-08-21 18:43:09,986 INFO photo_manager - Foto movida: /home/ddurand/proyectos/personal/rpaludoplay-app/src/static/images/80475848.png -> /home/ddurand/fotos/80475848.png
2026-08-21 18:43:09,986 INFO photo_manager - Foto movida: /home/ddurand/proyectos/personal/rpaludoplay-app/src/static/images/77094580.png -> /home/ddurand/fotos/77094580.png
2026-08-21 18:43:09,987 INFO photo_manager - Foto movida: /home/ddurand/proyectos/personal/rpaludoplay-app/src/static/images/77665653.png -> /home/ddurand/fotos/77665653.png
2026-08-21 18:43:09,987 INFO photo_manager - Foto movida: /home/ddurand/proyectos/personal/rpaludoplay-app/src/static/images/19225906.png -> /home/ddurand/fotos/19225906.png
2026-08-21 18:43:09,988 INFO photo_manager - Foto movida: /home/ddurand/proyectos/personal/rpaludoplay-app/src/static/images/29221955.png -> /home/ddurand/fotos/29221955.png
2026-08-21 18:43:09,988 INFO photo_manager - Foto movida: /home/ddurand/proyectos/personal/rpaludoplay-app/src/static/images/44420541.png -> /home/ddurand/fotos/44420541.png
2026-08-21 18:43:09,989 INFO photo_manager - Foto movida: /home/ddurand/proyectos/personal/rpaludoplay-app/src/static/images/45209998.png -> /home/ddurand/fotos/45209998.png
2026-08-21 18:43:09,989 INFO photo_manager - Foto movida: /home/ddurand/proyectos/personal/rpaludoplay-app/src/static/images/47250030.png -> /home/ddurand/fotos/47250030.png
2026-08-21 18:43:09,989 INFO photo_manager - Foto movida: /home/ddurand/proyectos/personal/rpaludoplay-app/src/static/images/74131630.png -> /home/ddurand/fotos/74131630.png
2026-08-21 18:43:09,990 INFO photo_manager - Foto movida: /home/ddurand/proyectos/personal/rpaludoplay-app/src/static/images/41740552.png -> /home/ddurand/fotos/41740552.png
2026-08-21 18:43:09,990 INFO photo_manager - Foto movida: /home/ddurand/proyectos/personal/rpaludoplay-app/src/static/images/70555725.png -> /home/ddurand/fotos/70555725.png
2026-08-21 18:43:09,991 INFO photo_manager - Foto movida: /home/ddurand/proyectos/personal/rpaludoplay-app/src/static/images/73780139.png -> /home/ddurand/fotos/73780139.png
2026-08-21 18:43:09,991 INFO photo_manager - Foto movida: /home/ddurand/proyectos/personal/rpaludoplay-app/src/static/images/46844489.png -> /home/ddurand/fotos/46844489.png
2026-08-21 18:43:09,991 INFO photo_manager - Foto movida: /home/ddurand/proyectos/personal/rpaludoplay-app/src/static/images/16659147.png -> /home/ddurand/fotos/16659147.png
2026-08-21 18:43:09,992 INFO photo_manager - Foto movida: /home/ddurand/proyectos/personal/rpaludoplay-app/src/static/images/73859550.png -> /home/ddurand/fotos/73859550.png
2026-08-21 18:43:09,992 INFO photo_manager - Foto movida: /home/ddurand/proyectos/personal/rpaludoplay-app/src/static/images/75868535.png -> /home/ddurand/fotos/75868535.png
2026-08-21 18:43:09,992 INFO photo_manager - Foto movida: /home/ddurand/proyectos/personal/rpaludoplay-app/src/static/images/77245679.png -> /home/ddurand/fotos/77245679.png
2026-08-21 18:43:09,993 INFO photo_manager - Foto movida: /home/ddurand/proyectos/personal/rpaludoplay-app/src/static/images/74707330.png -> /home/ddurand/fotos/74707330.png
2026-08-21 18:43:09,993 INFO photo_manager - Foto movida: /home/ddurand/proyectos/personal/rpaludoplay-app/src/static/images/76287242.png -> /home/ddurand/fotos/76287242.png
2026-08-21 18:43:09,993 INFO photo_manager - Foto movida: /home/ddurand/proyectos/personal/rpaludoplay-app/src/static/images/60739441.png -> /home/ddurand/fotos/60739441.png
2026-08-21 18:43:09,994 INFO photo_manager - Foto movida: /home/ddurand/proyectos/personal/rpaludoplay-app/src/static/images/41025443.png -> /home/ddurand/fotos/41025443.png
2026-08-21 18:43:09,994 INFO photo_manager - Foto movida: /home/ddurand/proyectos/personal/rpaludoplay-app/src/static/images/48061877.png -> /home/ddurand/fotos/48061877.png
2026-08-21 18:43:09,994 INFO photo_manager - Foto movida: /home/ddurand/proyectos/personal/rpaludoplay-app/src/static/images/29412884.png -> /home/ddurand/fotos/29412884.png
2026-08-21 18:43:09,995 INFO photo_manager - Foto movida: /home/ddurand/proyectos/personal/rpaludoplay-app/src/static/images/10731335.png -> /home/ddurand/fotos/10731335.png
2026-08-21 18:43:09,995 INFO photo_manager - Foto movida: /home/ddurand/proyectos/personal/rpaludoplay-app/src/static/images/49025369.png -> /home/ddurand/fotos/49025369.png
2026-08-21 18:43:09,996 INFO photo_manager - Foto movida: /home/ddurand/proyectos/personal/rpaludoplay-app/src/static/images/47327606.png -> /home/ddurand/fotos/47327606.png
2026-08-21 18:43:09,996 INFO photo_manager - Foto movida: /home/ddurand/proyectos/personal/rpaludoplay-app/src/static/images/45247627.png -> /home/ddurand/fotos/45247627.png
2026-08-21 18:43:09,996 INFO photo_manager - Foto movida: /home/ddurand/proyectos/personal/rpaludoplay-app/src/static/images/77068742.png -> /home/ddurand/fotos/77068742.png
2026-08-21 18:43:09,997 INFO photo_manager - Foto movida: /home/ddurand/proyectos/personal/rpaludoplay-app/src/static/images/72047108.png -> /home/ddurand/fotos/72047108.png
2026-08-21 18:43:09,997 INFO photo_manager - Foto movida: /home/ddurand/proyectos/personal/rpaludoplay-app/src/static/images/71406924.png -> /home/ddurand/fotos/71406924.png
2026-08-21 18:43:09,997 INFO photo_manager - Foto movida: /home/ddurand/proyectos/personal/rpaludoplay-app/src/static/images/80443788.png -> /home/ddurand/fotos/80443788.png
2026-08-21 18:43:09,998 INFO photo_manager - Foto movida: /home/ddurand/proyectos/personal/rpaludoplay-app/src/static/images/28710136.png -> /home/ddurand/fotos/28710136.png
2026-08-21 18:43:09,998 INFO photo_manager - Foto movida: /home/ddurand/proyectos/personal/rpaludoplay-app/src/static/images/10508714.png -> /home/ddurand/fotos/10508714.png
2026-08-21 18:43:09,998 INFO photo_manager - Foto movida: /home/ddurand/proyectos/personal/rpaludoplay-app/src/static/images/45987222.png -> /home/ddurand/fotos/45987222.png
2026-08-21 18:43:09,999 INFO photo_manager - Foto movida: /home/ddurand/proyectos/personal/rpaludoplay-app/src/static/images/73089535.png -> /home/ddurand/fotos/73089535.png
2026-08-21 18:43:09,999 INFO photo_manager - Foto movida: /home/ddurand/proyectos/personal/rpaludoplay-app/src/static/images/009714957.png -> /home/ddurand/fotos/009714957.png
2026-08-21 18:43:10,000 INFO photo_manager - Foto movida: /home/ddurand/proyectos/personal/rpaludoplay-app/src/static/images/73090285.png -> /home/ddurand/fotos/73090285.png
2026-08-21 18:43:10,000 INFO photo_manager - Foto movida: /home/ddurand/proyectos/personal/rpaludoplay-app/src/static/images/71802684.png -> /home/ddurand/fotos/71802684.png
2026-08-21 18:43:10,000 INFO photo_manager - Foto movida: /home/ddurand/proyectos/personal/rpaludoplay-app/src/static/images/75422195.png -> /home/ddurand/fotos/75422195.png
2026-08-21 18:43:10,001 INFO photo_manager - Foto movida: /home/ddurand/proyectos/personal/rpaludoplay-app/src/static/images/45654638.png -> /home/ddurand/fotos/45654638.png
2026-08-21 18:43:10,001 INFO photo_manager - Foto movida: /home/ddurand/proyectos/personal/rpaludoplay-app/src/static/images/10167935.png -> /home/ddurand/fotos/10167935.png
2026-08-21 18:43:10,001 INFO photo_manager - Foto movida: /home/ddurand/proyectos/personal/rpaludoplay-app/src/static/images/72970592.png -> /home/ddurand/fotos/72970592.png
2026-08-21 18:43:10,002 INFO photo_manager - Foto movida: /home/ddurand/proyectos/personal/rpaludoplay-app/src/static/images/70432031.png -> /home/ddurand/fotos/70432031.png
2026-08-21 18:43:10,002 INFO photo_manager - Foto movida: /home/ddurand/proyectos/personal/rpaludoplay-app/src/static/images/72967240.png -> /home/ddurand/fotos/72967240.png
2026-08-21 18:43:10,003 INFO photo_manager - Foto movida: /home/ddurand/proyectos/personal/rpaludoplay-app/src/static/images/46586634.png -> /home/ddurand/fotos/46586634.png
2026-08-21 18:43:10,003 INFO photo_manager - Foto movida: /home/ddurand/proyectos/personal/rpaludoplay-app/src/static/images/74305281.png -> /home/ddurand/fotos/74305281.png
2026-08-21 18:43:10,004 INFO photo_manager - Foto movida: /home/ddurand/proyectos/personal/rpaludoplay-app/src/static/images/000544470.png -> /home/ddurand/fotos/000544470.png
2026-08-21 18:43:10,005 INFO photo_manager - Foto movida: /home/ddurand/proyectos/personal/rpaludoplay-app/src/static/images/46391857.png -> /home/ddurand/fotos/46391857.png
2026-08-21 18:43:10,006 INFO photo_manager - Foto movida: /home/ddurand/proyectos/personal/rpaludoplay-app/src/static/images/73036348.png -> /home/ddurand/fotos/73036348.png
2026-08-21 18:43:10,006 INFO photo_manager - Foto movida: /home/ddurand/proyectos/personal/rpaludoplay-app/src/static/images/71844666.png -> /home/ddurand/fotos/71844666.png
2026-08-21 18:43:10,007 INFO photo_manager - Foto movida: /home/ddurand/proyectos/personal/rpaludoplay-app/src/static/images/80224518.png -> /home/ddurand/fotos/80224518.png
2026-08-21 18:43:10,007 INFO photo_manager - Foto movida: /home/ddurand/proyectos/personal/rpaludoplay-app/src/static/images/46678823.png -> /home/ddurand/fotos/46678823.png
2026-08-21 18:43:10,007 INFO photo_manager - Foto movida: /home/ddurand/proyectos/personal/rpaludoplay-app/src/static/images/42347080.png -> /home/ddurand/fotos/42347080.png
2026-08-21 18:43:10,008 INFO photo_manager - Foto movida: /home/ddurand/proyectos/personal/rpaludoplay-app/src/static/images/43556688.png -> /home/ddurand/fotos/43556688.png
2026-08-21 18:43:10,008 INFO photo_manager - Foto movida: /home/ddurand/proyectos/personal/rpaludoplay-app/src/static/images/23841860.png -> /home/ddurand/fotos/23841860.png
2026-08-21 18:43:10,008 INFO photo_manager - Foto movida: /home/ddurand/proyectos/personal/rpaludoplay-app/src/static/images/46802428.png -> /home/ddurand/fotos/46802428.png
2026-08-21 18:43:10,009 INFO photo_manager - Foto movida: /home/ddurand/proyectos/personal/rpaludoplay-app/src/static/images/41351271.png -> /home/ddurand/fotos/41351271.png
2026-08-21 18:43:10,009 INFO photo_manager - Foto movida: /home/ddurand/proyectos/personal/rpaludoplay-app/src/static/images/71459808.png -> /home/ddurand/fotos/71459808.png
2026-08-21 18:43:10,009 INFO photo_manager - Foto movida: /home/ddurand/proyectos/personal/rpaludoplay-app/src/static/images/75276807.png -> /home/ddurand/fotos/75276807.png
2026-08-21 18:43:10,009 INFO photo_manager - Foto movida: /home/ddurand/proyectos/personal/rpaludoplay-app/src/static/images/41934531.png -> /home/ddurand/fotos/41934531.png
2026-08-21 18:43:10,010 INFO photo_manager - Foto movida: /home/ddurand/proyectos/personal/rpaludoplay-app/src/static/images/10370540.png -> /home/ddurand/fotos/10370540.png
2026-08-21 18:43:10,011 INFO photo_manager - Foto movida: /home/ddurand/proyectos/personal/rpaludoplay-app/src/static/images/75933354.png -> /home/ddurand/fotos/75933354.png
2026-08-21 18:43:10,011 INFO photo_manager - Foto movida: /home/ddurand/proyectos/personal/rpaludoplay-app/src/static/images/40362515.png -> /home/ddurand/fotos/40362515.png
2026-08-21 18:43:10,012 INFO photo_manager - Foto movida: /home/ddurand/proyectos/personal/rpaludoplay-app/src/static/images/41578547.png -> /home/ddurand/fotos/41578547.png
2026-08-21 18:43:10,012 INFO photo_manager - Foto movida: /home/ddurand/proyectos/personal/rpaludoplay-app/src/static/images/41122753.png -> /home/ddurand/fotos/41122753.png
2026-08-21 18:43:10,013 INFO photo_manager - Foto movida: /home/ddurand/proyectos/personal/rpaludoplay-app/src/static/images/41616885.png -> /home/ddurand/fotos/41616885.png
2026-08-21 18:43:10,013 INFO photo_manager - Foto movida: /home/ddurand/proyectos/personal/rpaludoplay-app/src/static/images/71284713.png -> /home/ddurand/fotos/71284713.png
2026-08-21 18:43:10,014 INFO photo_manager - Foto movida: /home/ddurand/proyectos/personal/rpaludoplay-app/src/static/images/71934264.png -> /home/ddurand/fotos/71934264.png
2026-08-21 18:43:10,014 INFO photo_manager - Foto movida: /home/ddurand/proyectos/personal/rpaludoplay-app/src/static/images/74695286.png -> /home/ddurand/fotos/74695286.png
2026-08-21 18:43:10,014 INFO photo_manager - Foto movida: /home/ddurand/proyectos/personal/rpaludoplay-app/src/static/images/46073841.png -> /home/ddurand/fotos/46073841.png
2026-08-21 18:43:10,015 INFO photo_manager - Foto movida: /home/ddurand/proyectos/personal/rpaludoplay-app/src/static/images/26703326.png -> /home/ddurand/fotos/26703326.png
2026-08-21 18:43:10,015 INFO photo_manager - Foto movida: /home/ddurand/proyectos/personal/rpaludoplay-app/src/static/images/07758276.png -> /home/ddurand/fotos/07758276.png
2026-08-21 18:43:10,015 INFO photo_manager - Foto movida: /home/ddurand/proyectos/personal/rpaludoplay-app/src/static/images/70659296.png -> /home/ddurand/fotos/70659296.png
2026-08-21 18:43:10,015 INFO photo_manager - Foto movida: /home/ddurand/proyectos/personal/rpaludoplay-app/src/static/images/09802035.png -> /home/ddurand/fotos/09802035.png
2026-08-21 18:43:10,016 INFO photo_manager - Foto movida: /home/ddurand/proyectos/personal/rpaludoplay-app/src/static/images/43095587.png -> /home/ddurand/fotos/43095587.png
2026-08-21 18:43:10,016 INFO photo_manager - Foto movida: /home/ddurand/proyectos/personal/rpaludoplay-app/src/static/images/70884357.png -> /home/ddurand/fotos/70884357.png
2026-08-21 18:43:10,016 INFO photo_manager - Foto movida: /home/ddurand/proyectos/personal/rpaludoplay-app/src/static/images/009837132.png -> /home/ddurand/fotos/009837132.png
2026-08-21 18:43:10,017 INFO photo_manager - Foto movida: /home/ddurand/proyectos/personal/rpaludoplay-app/src/static/images/72628311.png -> /home/ddurand/fotos/72628311.png
2026-08-21 18:43:10,017 INFO photo_manager - Foto movida: /home/ddurand/proyectos/personal/rpaludoplay-app/src/static/images/33250537.png -> /home/ddurand/fotos/33250537.png
2026-08-21 18:43:10,017 INFO photo_manager - Foto movida: /home/ddurand/proyectos/personal/rpaludoplay-app/src/static/images/75216815.png -> /home/ddurand/fotos/75216815.png
2026-08-21 18:43:10,017 INFO photo_manager - Foto movida: /home/ddurand/proyectos/personal/rpaludoplay-app/src/static/images/77576732.png -> /home/ddurand/fotos/77576732.png
2026-08-21 18:43:10,018 INFO photo_manager - Foto movida: /home/ddurand/proyectos/personal/rpaludoplay-app/src/static/images/74471826.png -> /home/ddurand/fotos/74471826.png
2026-08-21 18:43:10,018 INFO photo_manager - Foto movida: /home/ddurand/proyectos/personal/rpaludoplay-app/src/static/images/48012320.png -> /home/ddurand/fotos/48012320.png
2026-08-21 18:43:10,018 INFO photo_manager - Foto movida: /home/ddurand/proyectos/personal/rpaludoplay-app/src/static/images/09564866.png -> /home/ddurand/fotos/09564866.png
2026-08-21 18:43:10,019 INFO photo_manager - Foto movida: /home/ddurand/proyectos/personal/rpaludoplay-app/src/static/images/76281439.png -> /home/ddurand/fotos/76281439.png
2026-08-21 18:43:10,019 INFO photo_manager - Foto movida: /home/ddurand/proyectos/personal/rpaludoplay-app/src/static/images/72141465.png -> /home/ddurand/fotos/72141465.png
2026-08-21 18:43:10,019 INFO photo_manager - Foto movida: /home/ddurand/proyectos/personal/rpaludoplay-app/src/static/images/45832265.png -> /home/ddurand/fotos/45832265.png
2026-08-21 18:43:10,020 INFO photo_manager - Foto movida: /home/ddurand/proyectos/personal/rpaludoplay-app/src/static/images/48297408.png -> /home/ddurand/fotos/48297408.png
2026-08-21 18:43:10,020 INFO photo_manager - Foto movida: /home/ddurand/proyectos/personal/rpaludoplay-app/src/static/images/48016389.png -> /home/ddurand/fotos/48016389.png
2026-08-21 18:43:10,021 INFO photo_manager - Foto movida: /home/ddurand/proyectos/personal/rpaludoplay-app/src/static/images/70292171.png -> /home/ddurand/fotos/70292171.png
2026-08-21 18:43:10,021 INFO photo_manager - Foto movida: /home/ddurand/proyectos/personal/rpaludoplay-app/src/static/images/72754402.png -> /home/ddurand/fotos/72754402.png
2026-08-21 18:43:10,022 INFO photo_manager - Foto movida: /home/ddurand/proyectos/personal/rpaludoplay-app/src/static/images/74959300.png -> /home/ddurand/fotos/74959300.png
2026-08-21 18:43:10,022 INFO photo_manager - Foto movida: /home/ddurand/proyectos/personal/rpaludoplay-app/src/static/images/74914322.png -> /home/ddurand/fotos/74914322.png
2026-08-21 18:43:10,022 INFO photo_manager - Foto movida: /home/ddurand/proyectos/personal/rpaludoplay-app/src/static/images/70207384.png -> /home/ddurand/fotos/70207384.png
2026-08-21 18:43:10,023 INFO photo_manager - Foto movida: /home/ddurand/proyectos/personal/rpaludoplay-app/src/static/images/75857073.png -> /home/ddurand/fotos/75857073.png
2026-08-21 18:43:10,023 INFO photo_manager - Foto movida: /home/ddurand/proyectos/personal/rpaludoplay-app/src/static/images/71787264.png -> /home/ddurand/fotos/71787264.png
2026-08-21 18:43:10,024 INFO photo_manager - Foto movida: /home/ddurand/proyectos/personal/rpaludoplay-app/src/static/images/45499416.png -> /home/ddurand/fotos/45499416.png
2026-08-21 18:43:10,024 INFO photo_manager - Foto movida: /home/ddurand/proyectos/personal/rpaludoplay-app/src/static/images/46518414.png -> /home/ddurand/fotos/46518414.png
2026-08-21 18:43:10,024 INFO photo_manager - Foto movida: /home/ddurand/proyectos/personal/rpaludoplay-app/src/static/images/48150005.png -> /home/ddurand/fotos/48150005.png
2026-08-21 18:43:10,025 INFO photo_manager - Foto movida: /home/ddurand/proyectos/personal/rpaludoplay-app/src/static/images/70596744.png -> /home/ddurand/fotos/70596744.png
2026-08-21 18:43:10,025 INFO photo_manager - Foto movida: /home/ddurand/proyectos/personal/rpaludoplay-app/src/static/images/77224366.png -> /home/ddurand/fotos/77224366.png
2026-08-21 18:43:10,025 INFO photo_manager - Foto movida: /home/ddurand/proyectos/personal/rpaludoplay-app/src/static/images/70121109.png -> /home/ddurand/fotos/70121109.png
2026-08-21 18:43:10,026 INFO photo_manager - Foto movida: /home/ddurand/proyectos/personal/rpaludoplay-app/src/static/images/45186345.png -> /home/ddurand/fotos/45186345.png
2026-08-21 18:43:10,026 INFO photo_manager - Foto movida: /home/ddurand/proyectos/personal/rpaludoplay-app/src/static/images/44700246.png -> /home/ddurand/fotos/44700246.png
2026-08-21 18:43:10,027 INFO photo_manager - Foto movida: /home/ddurand/proyectos/personal/rpaludoplay-app/src/static/images/72757265.png -> /home/ddurand/fotos/72757265.png
2026-08-21 18:43:10,027 INFO photo_manager - Foto movida: /home/ddurand/proyectos/personal/rpaludoplay-app/src/static/images/71075056.png -> /home/ddurand/fotos/71075056.png
2026-08-21 18:43:10,027 INFO photo_manager - Foto movida: /home/ddurand/proyectos/personal/rpaludoplay-app/src/static/images/74208025.png -> /home/ddurand/fotos/74208025.png
2026-08-21 18:43:10,028 INFO photo_manager - Foto movida: /home/ddurand/proyectos/personal/rpaludoplay-app/src/static/images/44532555.png -> /home/ddurand/fotos/44532555.png
2026-08-21 18:43:10,028 INFO photo_manager - Foto movida: /home/ddurand/proyectos/personal/rpaludoplay-app/src/static/images/08866522.png -> /home/ddurand/fotos/08866522.png
2026-08-21 18:43:10,028 INFO photo_manager - Foto movida: /home/ddurand/proyectos/personal/rpaludoplay-app/src/static/images/22264038.png -> /home/ddurand/fotos/22264038.png
2026-08-21 18:43:10,028 INFO photo_manager - Foto movida: /home/ddurand/proyectos/personal/rpaludoplay-app/src/static/images/40152679.png -> /home/ddurand/fotos/40152679.png
2026-08-21 18:43:10,029 INFO photo_manager - Foto movida: /home/ddurand/proyectos/personal/rpaludoplay-app/src/static/images/73941354.png -> /home/ddurand/fotos/73941354.png
2026-08-21 18:43:10,029 INFO photo_manager - Foto movida: /home/ddurand/proyectos/personal/rpaludoplay-app/src/static/images/76642600.png -> /home/ddurand/fotos/76642600.png
2026-08-21 18:43:10,029 INFO photo_manager - Foto movida: /home/ddurand/proyectos/personal/rpaludoplay-app/src/static/images/70283163.png -> /home/ddurand/fotos/70283163.png
2026-08-21 18:43:10,030 INFO photo_manager - Foto movida: /home/ddurand/proyectos/personal/rpaludoplay-app/src/static/images/46519141.png -> /home/ddurand/fotos/46519141.png
2026-08-21 18:43:10,030 INFO photo_manager - Foto movida: /home/ddurand/proyectos/personal/rpaludoplay-app/src/static/images/42873058.png -> /home/ddurand/fotos/42873058.png
2026-08-21 18:43:10,030 INFO photo_manager - Foto movida: /home/ddurand/proyectos/personal/rpaludoplay-app/src/static/images/09907890.png -> /home/ddurand/fotos/09907890.png
2026-08-21 18:43:10,030 INFO photo_manager - Foto movida: /home/ddurand/proyectos/personal/rpaludoplay-app/src/static/images/72731874.png -> /home/ddurand/fotos/72731874.png
2026-08-21 18:43:10,031 INFO photo_manager - Foto movida: /home/ddurand/proyectos/personal/rpaludoplay-app/src/static/images/47885501.png -> /home/ddurand/fotos/47885501.png
2026-08-21 18:43:10,031 INFO photo_manager - Foto movida: /home/ddurand/proyectos/personal/rpaludoplay-app/src/static/images/73644807.png -> /home/ddurand/fotos/73644807.png
2026-08-21 18:43:10,031 INFO photo_manager - Foto movida: /home/ddurand/proyectos/personal/rpaludoplay-app/src/static/images/10745018.png -> /home/ddurand/fotos/10745018.png
2026-08-21 18:43:10,032 INFO photo_manager - Foto movida: /home/ddurand/proyectos/personal/rpaludoplay-app/src/static/images/73301789.png -> /home/ddurand/fotos/73301789.png
2026-08-21 18:43:10,032 INFO photo_manager - Foto movida: /home/ddurand/proyectos/personal/rpaludoplay-app/src/static/images/10282211.png -> /home/ddurand/fotos/10282211.png
2026-08-21 18:43:10,032 INFO photo_manager - Foto movida: /home/ddurand/proyectos/personal/rpaludoplay-app/src/static/images/73072659.png -> /home/ddurand/fotos/73072659.png
2026-08-21 18:43:10,032 INFO photo_manager - Foto movida: /home/ddurand/proyectos/personal/rpaludoplay-app/src/static/images/72440075.png -> /home/ddurand/fotos/72440075.png
2026-08-21 18:43:10,033 INFO photo_manager - Foto movida: /home/ddurand/proyectos/personal/rpaludoplay-app/src/static/images/41426983.png -> /home/ddurand/fotos/41426983.png
2026-08-21 18:43:10,033 INFO photo_manager - Foto movida: /home/ddurand/proyectos/personal/rpaludoplay-app/src/static/images/07878753.png -> /home/ddurand/fotos/07878753.png
2026-08-21 18:43:10,033 INFO photo_manager - Foto movida: /home/ddurand/proyectos/personal/rpaludoplay-app/src/static/images/73026057.png -> /home/ddurand/fotos/73026057.png
2026-08-21 18:43:10,034 INFO photo_manager - Foto movida: /home/ddurand/proyectos/personal/rpaludoplay-app/src/static/images/70128705.png -> /home/ddurand/fotos/70128705.png
2026-08-21 18:43:10,034 INFO photo_manager - Foto movida: /home/ddurand/proyectos/personal/rpaludoplay-app/src/static/images/09441597.png -> /home/ddurand/fotos/09441597.png
2026-08-21 18:43:10,034 INFO photo_manager - Foto movida: /home/ddurand/proyectos/personal/rpaludoplay-app/src/static/images/07730470.png -> /home/ddurand/fotos/07730470.png
2026-08-21 18:43:10,035 INFO photo_manager - Foto movida: /home/ddurand/proyectos/personal/rpaludoplay-app/src/static/images/43963159.png -> /home/ddurand/fotos/43963159.png
2026-08-21 18:43:10,035 INFO photo_manager - Foto movida: /home/ddurand/proyectos/personal/rpaludoplay-app/src/static/images/45877640.png -> /home/ddurand/fotos/45877640.png
2026-08-21 18:43:10,035 INFO photo_manager - Foto movida: /home/ddurand/proyectos/personal/rpaludoplay-app/src/static/images/71638407.png -> /home/ddurand/fotos/71638407.png
2026-08-21 18:43:10,036 INFO photo_manager - Foto movida: /home/ddurand/proyectos/personal/rpaludoplay-app/src/static/images/60847661.png -> /home/ddurand/fotos/60847661.png
2026-08-21 18:43:10,036 INFO photo_manager - Foto movida: /home/ddurand/proyectos/personal/rpaludoplay-app/src/static/images/62127767.png -> /home/ddurand/fotos/62127767.png
2026-08-21 18:43:10,036 INFO photo_manager - Foto movida: /home/ddurand/proyectos/personal/rpaludoplay-app/src/static/images/43992677.png -> /home/ddurand/fotos/43992677.png
2026-08-21 18:43:10,037 INFO photo_manager - Foto movida: /home/ddurand/proyectos/personal/rpaludoplay-app/src/static/images/80115036.png -> /home/ddurand/fotos/80115036.png
2026-08-21 18:43:10,037 INFO photo_manager - Foto movida: /home/ddurand/proyectos/personal/rpaludoplay-app/src/static/images/47683811.png -> /home/ddurand/fotos/47683811.png
2026-08-21 18:43:10,037 INFO photo_manager - Foto movida: /home/ddurand/proyectos/personal/rpaludoplay-app/src/static/images/71253013.png -> /home/ddurand/fotos/71253013.png
2026-08-21 18:43:10,038 INFO photo_manager - Foto movida: /home/ddurand/proyectos/personal/rpaludoplay-app/src/static/images/71046421.png -> /home/ddurand/fotos/71046421.png
2026-08-21 18:43:10,038 INFO photo_manager - Foto movida: /home/ddurand/proyectos/personal/rpaludoplay-app/src/static/images/40000819.png -> /home/ddurand/fotos/40000819.png
2026-08-21 18:43:10,038 INFO photo_manager - Foto movida: /home/ddurand/proyectos/personal/rpaludoplay-app/src/static/images/45922885.png -> /home/ddurand/fotos/45922885.png
2026-08-21 18:43:10,039 INFO photo_manager - Foto movida: /home/ddurand/proyectos/personal/rpaludoplay-app/src/static/images/000177264.png -> /home/ddurand/fotos/000177264.png
2026-08-21 18:43:10,039 INFO photo_manager - Foto movida: /home/ddurand/proyectos/personal/rpaludoplay-app/src/static/images/41444976.png -> /home/ddurand/fotos/41444976.png
2026-08-21 18:43:10,039 INFO photo_manager - Foto movida: /home/ddurand/proyectos/personal/rpaludoplay-app/src/static/images/47542127.png -> /home/ddurand/fotos/47542127.png
2026-08-21 18:43:10,040 INFO photo_manager - Foto movida: /home/ddurand/proyectos/personal/rpaludoplay-app/src/static/images/90216910.png -> /home/ddurand/fotos/90216910.png
2026-08-21 18:43:10,040 INFO photo_manager - Foto movida: /home/ddurand/proyectos/personal/rpaludoplay-app/src/static/images/73059346.png -> /home/ddurand/fotos/73059346.png
2026-08-21 18:43:10,040 INFO photo_manager - Foto movida: /home/ddurand/proyectos/personal/rpaludoplay-app/src/static/images/77145757.png -> /home/ddurand/fotos/77145757.png
2026-08-21 18:43:10,041 INFO photo_manager - Foto movida: /home/ddurand/proyectos/personal/rpaludoplay-app/src/static/images/19258419.png -> /home/ddurand/fotos/19258419.png
2026-08-21 18:43:10,041 INFO photo_manager - Foto movida: /home/ddurand/proyectos/personal/rpaludoplay-app/src/static/images/16571863.png -> /home/ddurand/fotos/16571863.png
2026-08-21 18:43:10,042 INFO photo_manager - Foto movida: /home/ddurand/proyectos/personal/rpaludoplay-app/src/static/images/22089802.png -> /home/ddurand/fotos/22089802.png
2026-08-21 18:43:10,042 INFO photo_manager - Foto movida: /home/ddurand/proyectos/personal/rpaludoplay-app/src/static/images/75603134.png -> /home/ddurand/fotos/75603134.png
2026-08-21 18:43:10,042 INFO photo_manager - Foto movida: /home/ddurand/proyectos/personal/rpaludoplay-app/src/static/images/71364435.png -> /home/ddurand/fotos/71364435.png
2026-08-21 18:43:10,043 INFO photo_manager - Foto movida: /home/ddurand/proyectos/personal/rpaludoplay-app/src/static/images/07634544.png -> /home/ddurand/fotos/07634544.png
2026-08-21 18:43:10,043 INFO photo_manager - Foto movida: /home/ddurand/proyectos/personal/rpaludoplay-app/src/static/images/76626594.png -> /home/ddurand/fotos/76626594.png
2026-08-21 18:43:10,044 INFO photo_manager - Foto movida: /home/ddurand/proyectos/personal/rpaludoplay-app/src/static/images/005414062.png -> /home/ddurand/fotos/005414062.png
2026-08-21 18:43:10,044 INFO photo_manager - Foto movida: /home/ddurand/proyectos/personal/rpaludoplay-app/src/static/images/05644577.png -> /home/ddurand/fotos/05644577.png
2026-08-21 18:43:10,044 INFO photo_manager - Foto movida: /home/ddurand/proyectos/personal/rpaludoplay-app/src/static/images/72700758.png -> /home/ddurand/fotos/72700758.png
2026-08-21 18:43:10,045 INFO photo_manager - Foto movida: /home/ddurand/proyectos/personal/rpaludoplay-app/src/static/images/06175247.png -> /home/ddurand/fotos/06175247.png
2026-08-21 18:43:10,045 INFO photo_manager - Foto movida: /home/ddurand/proyectos/personal/rpaludoplay-app/src/static/images/71046200.png -> /home/ddurand/fotos/71046200.png
2026-08-21 18:43:10,046 INFO photo_manager - Foto movida: /home/ddurand/proyectos/personal/rpaludoplay-app/src/static/images/009559318.png -> /home/ddurand/fotos/009559318.png
2026-08-21 18:43:10,046 INFO photo_manager - Foto movida: /home/ddurand/proyectos/personal/rpaludoplay-app/src/static/images/005305427.png -> /home/ddurand/fotos/005305427.png
2026-08-21 18:43:10,046 INFO photo_manager - Foto movida: /home/ddurand/proyectos/personal/rpaludoplay-app/src/static/images/008541486.png -> /home/ddurand/fotos/008541486.png
2026-08-21 18:43:10,047 INFO photo_manager - Foto movida: /home/ddurand/proyectos/personal/rpaludoplay-app/src/static/images/009507146.png -> /home/ddurand/fotos/009507146.png
2026-08-21 18:43:10,047 INFO photo_manager - Foto movida: /home/ddurand/proyectos/personal/rpaludoplay-app/src/static/images/005845994.png -> /home/ddurand/fotos/005845994.png
2026-08-21 18:43:10,047 INFO photo_manager - Foto movida: /home/ddurand/proyectos/personal/rpaludoplay-app/src/static/images/006028612.png -> /home/ddurand/fotos/006028612.png
2026-08-21 18:43:10,047 INFO photo_manager - Foto movida: /home/ddurand/proyectos/personal/rpaludoplay-app/src/static/images/008580635.png -> /home/ddurand/fotos/008580635.png
2026-08-21 18:43:10,048 INFO photo_manager - Foto movida: /home/ddurand/proyectos/personal/rpaludoplay-app/src/static/images/009553551.png -> /home/ddurand/fotos/009553551.png
2026-08-21 18:43:10,048 INFO photo_manager - Foto movida: /home/ddurand/proyectos/personal/rpaludoplay-app/src/static/images/005878322.png -> /home/ddurand/fotos/005878322.png
2026-08-21 18:43:10,048 INFO photo_manager - Foto movida: /home/ddurand/proyectos/personal/rpaludoplay-app/src/static/images/009079994.png -> /home/ddurand/fotos/009079994.png
2026-08-21 18:43:10,049 INFO photo_manager - Foto movida: /home/ddurand/proyectos/personal/rpaludoplay-app/src/static/images/009704496.png -> /home/ddurand/fotos/009704496.png
2026-08-21 18:43:10,050 INFO photo_manager - Foto movida: /home/ddurand/proyectos/personal/rpaludoplay-app/src/static/images/006957586.png -> /home/ddurand/fotos/006957586.png
2026-08-21 18:43:10,050 INFO photo_manager - Foto movida: /home/ddurand/proyectos/personal/rpaludoplay-app/src/static/images/006050552.png -> /home/ddurand/fotos/006050552.png
2026-08-21 18:43:10,050 INFO photo_manager - Foto movida: /home/ddurand/proyectos/personal/rpaludoplay-app/src/static/images/009341462.png -> /home/ddurand/fotos/009341462.png
2026-08-21 18:43:10,050 INFO photo_manager - Foto movida: /home/ddurand/proyectos/personal/rpaludoplay-app/src/static/images/009488116.png -> /home/ddurand/fotos/009488116.png
2026-08-21 18:43:10,051 INFO photo_manager - Foto movida: /home/ddurand/proyectos/personal/rpaludoplay-app/src/static/images/003888882.png -> /home/ddurand/fotos/003888882.png
2026-08-21 18:43:10,051 INFO photo_manager - Foto movida: /home/ddurand/proyectos/personal/rpaludoplay-app/src/static/images/009552893.png -> /home/ddurand/fotos/009552893.png
2026-08-21 18:43:10,052 INFO photo_manager - Foto movida: /home/ddurand/proyectos/personal/rpaludoplay-app/src/static/images/73246405.png -> /home/ddurand/fotos/73246405.png
2026-08-21 18:43:10,052 INFO photo_manager - Foto movida: /home/ddurand/proyectos/personal/rpaludoplay-app/src/static/images/006047753.png -> /home/ddurand/fotos/006047753.png
2026-08-21 18:43:10,052 INFO photo_manager - Foto movida: /home/ddurand/proyectos/personal/rpaludoplay-app/src/static/images/72544387.png -> /home/ddurand/fotos/72544387.png
2026-08-21 18:43:10,053 INFO photo_manager - Foto movida: /home/ddurand/proyectos/personal/rpaludoplay-app/src/static/images/42139980.png -> /home/ddurand/fotos/42139980.png
2026-08-21 18:43:10,053 INFO photo_manager - Foto movida: /home/ddurand/proyectos/personal/rpaludoplay-app/src/static/images/70360347.png -> /home/ddurand/fotos/70360347.png
2026-08-21 18:43:10,054 INFO photo_manager - Foto movida: /home/ddurand/proyectos/personal/rpaludoplay-app/src/static/images/46731896.png -> /home/ddurand/fotos/46731896.png
2026-08-21 18:43:10,054 INFO photo_manager - Foto movida: /home/ddurand/proyectos/personal/rpaludoplay-app/src/static/images/41347417.png -> /home/ddurand/fotos/41347417.png
2026-08-21 18:43:10,054 INFO photo_manager - Foto movida: /home/ddurand/proyectos/personal/rpaludoplay-app/src/static/images/41362561.png -> /home/ddurand/fotos/41362561.png
2026-08-21 18:43:10,055 INFO photo_manager - Foto movida: /home/ddurand/proyectos/personal/rpaludoplay-app/src/static/images/75018856.png -> /home/ddurand/fotos/75018856.png
2026-08-21 18:43:10,055 INFO photo_manager - Foto movida: /home/ddurand/proyectos/personal/rpaludoplay-app/src/static/images/47785740.png -> /home/ddurand/fotos/47785740.png
2026-08-21 18:43:10,055 INFO photo_manager - Foto movida: /home/ddurand/proyectos/personal/rpaludoplay-app/src/static/images/73418204.png -> /home/ddurand/fotos/73418204.png
2026-08-21 18:43:10,056 INFO photo_manager - Foto movida: /home/ddurand/proyectos/personal/rpaludoplay-app/src/static/images/001975748.png -> /home/ddurand/fotos/001975748.png
2026-08-21 18:43:10,056 INFO photo_manager - Foto movida: /home/ddurand/proyectos/personal/rpaludoplay-app/src/static/images/07265902.png -> /home/ddurand/fotos/07265902.png
2026-08-21 18:43:10,056 INFO photo_manager - Foto movida: /home/ddurand/proyectos/personal/rpaludoplay-app/src/static/images/74876650.png -> /home/ddurand/fotos/74876650.png
2026-08-21 18:43:10,056 INFO photo_manager - Foto movida: /home/ddurand/proyectos/personal/rpaludoplay-app/src/static/images/40272538.png -> /home/ddurand/fotos/40272538.png
2026-08-21 18:43:10,057 INFO photo_manager - Foto movida: /home/ddurand/proyectos/personal/rpaludoplay-app/src/static/images/72728179.png -> /home/ddurand/fotos/72728179.png
2026-08-21 18:43:10,057 INFO photo_manager - Foto movida: /home/ddurand/proyectos/personal/rpaludoplay-app/src/static/images/00504825.png -> /home/ddurand/fotos/00504825.png
2026-08-21 18:43:10,057 INFO photo_manager - Foto movida: /home/ddurand/proyectos/personal/rpaludoplay-app/src/static/images/77173733.png -> /home/ddurand/fotos/77173733.png
2026-08-21 18:43:10,058 INFO photo_manager - Foto movida: /home/ddurand/proyectos/personal/rpaludoplay-app/src/static/images/46126377.png -> /home/ddurand/fotos/46126377.png
2026-08-21 18:43:10,058 INFO photo_manager - Foto movida: /home/ddurand/proyectos/personal/rpaludoplay-app/src/static/images/40030224.png -> /home/ddurand/fotos/40030224.png
2026-08-21 18:43:10,059 INFO photo_manager - Foto movida: /home/ddurand/proyectos/personal/rpaludoplay-app/src/static/images/70587040.png -> /home/ddurand/fotos/70587040.png
2026-08-21 18:43:10,059 INFO photo_manager - Foto movida: /home/ddurand/proyectos/personal/rpaludoplay-app/src/static/images/45890816.png -> /home/ddurand/fotos/45890816.png
2026-08-21 18:43:10,059 INFO photo_manager - Foto movida: /home/ddurand/proyectos/personal/rpaludoplay-app/src/static/images/16778205.png -> /home/ddurand/fotos/16778205.png
2026-08-21 18:43:10,060 INFO photo_manager - Foto movida: /home/ddurand/proyectos/personal/rpaludoplay-app/src/static/images/29616004.png -> /home/ddurand/fotos/29616004.png
2026-08-21 18:43:10,060 INFO photo_manager - Foto movida: /home/ddurand/proyectos/personal/rpaludoplay-app/src/static/images/70635549.png -> /home/ddurand/fotos/70635549.png
2026-08-21 18:43:10,061 INFO photo_manager - Foto movida: /home/ddurand/proyectos/personal/rpaludoplay-app/src/static/images/27832264.png -> /home/ddurand/fotos/27832264.png
2026-08-21 18:43:10,061 INFO photo_manager - Foto movida: /home/ddurand/proyectos/personal/rpaludoplay-app/src/static/images/48128613.png -> /home/ddurand/fotos/48128613.png
2026-08-21 18:43:10,061 INFO photo_manager - Foto movida: /home/ddurand/proyectos/personal/rpaludoplay-app/src/static/images/42608033.png -> /home/ddurand/fotos/42608033.png
2026-08-21 18:43:10,062 INFO photo_manager - Foto movida: /home/ddurand/proyectos/personal/rpaludoplay-app/src/static/images/40832830.png -> /home/ddurand/fotos/40832830.png
2026-08-21 18:43:10,062 INFO photo_manager - Foto movida: /home/ddurand/proyectos/personal/rpaludoplay-app/src/static/images/70777601.png -> /home/ddurand/fotos/70777601.png
2026-08-21 18:43:10,063 INFO photo_manager - Foto movida: /home/ddurand/proyectos/personal/rpaludoplay-app/src/static/images/003598076.png -> /home/ddurand/fotos/003598076.png
2026-08-21 18:43:10,063 INFO photo_manager - Foto movida: /home/ddurand/proyectos/personal/rpaludoplay-app/src/static/images/16429620.png -> /home/ddurand/fotos/16429620.png
2026-08-21 18:43:10,063 INFO photo_manager - Foto movida: /home/ddurand/proyectos/personal/rpaludoplay-app/src/static/images/71423351.png -> /home/ddurand/fotos/71423351.png
2026-08-21 18:43:10,064 INFO photo_manager - Foto movida: /home/ddurand/proyectos/personal/rpaludoplay-app/src/static/images/73390483.png -> /home/ddurand/fotos/73390483.png
2026-08-21 18:43:10,064 INFO photo_manager - Foto movida: /home/ddurand/proyectos/personal/rpaludoplay-app/src/static/images/002573273.png -> /home/ddurand/fotos/002573273.png
2026-08-21 18:43:10,065 INFO photo_manager - Foto movida: /home/ddurand/proyectos/personal/rpaludoplay-app/src/static/images/06666629.png -> /home/ddurand/fotos/06666629.png
2026-08-21 18:43:10,065 INFO photo_manager - Foto movida: /home/ddurand/proyectos/personal/rpaludoplay-app/src/static/images/001914587.png -> /home/ddurand/fotos/001914587.png
2026-08-21 18:43:10,065 INFO photo_manager - Foto movida: /home/ddurand/proyectos/personal/rpaludoplay-app/src/static/images/73812709.png -> /home/ddurand/fotos/73812709.png
2026-08-21 18:43:10,065 INFO photo_manager - Foto movida: /home/ddurand/proyectos/personal/rpaludoplay-app/src/static/images/76055088.png -> /home/ddurand/fotos/76055088.png
2026-08-21 18:43:10,066 INFO photo_manager - Foto movida: /home/ddurand/proyectos/personal/rpaludoplay-app/src/static/images/73329796.png -> /home/ddurand/fotos/73329796.png
2026-08-21 18:43:10,066 INFO photo_manager - Foto movida: /home/ddurand/proyectos/personal/rpaludoplay-app/src/static/images/74159640.png -> /home/ddurand/fotos/74159640.png
2026-08-21 18:43:10,067 INFO photo_manager - Foto movida: /home/ddurand/proyectos/personal/rpaludoplay-app/src/static/images/26723280.png -> /home/ddurand/fotos/26723280.png
2026-08-21 18:43:10,067 INFO photo_manager - Foto movida: /home/ddurand/proyectos/personal/rpaludoplay-app/src/static/images/47025280.png -> /home/ddurand/fotos/47025280.png
2026-08-21 18:43:10,067 INFO photo_manager - Foto movida: /home/ddurand/proyectos/personal/rpaludoplay-app/src/static/images/46994974.png -> /home/ddurand/fotos/46994974.png
2026-08-21 18:43:10,068 INFO photo_manager - Foto movida: /home/ddurand/proyectos/personal/rpaludoplay-app/src/static/images/44877728.png -> /home/ddurand/fotos/44877728.png
2026-08-21 18:43:10,068 INFO photo_manager - Foto movida: /home/ddurand/proyectos/personal/rpaludoplay-app/src/static/images/07445176.png -> /home/ddurand/fotos/07445176.png
2026-08-21 18:43:10,068 INFO photo_manager - Foto movida: /home/ddurand/proyectos/personal/rpaludoplay-app/src/static/images/40386529.png -> /home/ddurand/fotos/40386529.png
2026-08-21 18:43:10,069 INFO photo_manager - Foto movida: /home/ddurand/proyectos/personal/rpaludoplay-app/src/static/images/76378374.png -> /home/ddurand/fotos/76378374.png
2026-08-21 18:43:10,069 INFO photo_manager - Foto movida: /home/ddurand/proyectos/personal/rpaludoplay-app/src/static/images/60961839.png -> /home/ddurand/fotos/60961839.png
2026-08-21 18:43:10,069 INFO photo_manager - Foto movida: /home/ddurand/proyectos/personal/rpaludoplay-app/src/static/images/75310666.png -> /home/ddurand/fotos/75310666.png
2026-08-21 18:43:10,070 INFO photo_manager - Foto movida: /home/ddurand/proyectos/personal/rpaludoplay-app/src/static/images/71471315.png -> /home/ddurand/fotos/71471315.png
2026-08-21 18:43:10,070 INFO photo_manager - Foto movida: /home/ddurand/proyectos/personal/rpaludoplay-app/src/static/images/07750569.png -> /home/ddurand/fotos/07750569.png
2026-08-21 18:43:10,071 INFO photo_manager - Foto movida: /home/ddurand/proyectos/personal/rpaludoplay-app/src/static/images/46852426.png -> /home/ddurand/fotos/46852426.png
2026-08-21 18:43:10,071 INFO photo_manager - Foto movida: /home/ddurand/proyectos/personal/rpaludoplay-app/src/static/images/76634714.png -> /home/ddurand/fotos/76634714.png
2026-08-21 18:43:10,071 INFO photo_manager - Foto movida: /home/ddurand/proyectos/personal/rpaludoplay-app/src/static/images/45052073.png -> /home/ddurand/fotos/45052073.png
2026-08-21 18:43:10,072 INFO photo_manager - Foto movida: /home/ddurand/proyectos/personal/rpaludoplay-app/src/static/images/48276368.png -> /home/ddurand/fotos/48276368.png
2026-08-21 18:43:10,072 INFO photo_manager - Foto movida: /home/ddurand/proyectos/personal/rpaludoplay-app/src/static/images/42830678.png -> /home/ddurand/fotos/42830678.png
2026-08-21 18:43:10,072 INFO photo_manager - Foto movida: /home/ddurand/proyectos/personal/rpaludoplay-app/src/static/images/45660572.png -> /home/ddurand/fotos/45660572.png
2026-08-21 18:43:10,073 INFO photo_manager - Foto movida: /home/ddurand/proyectos/personal/rpaludoplay-app/src/static/images/47522461.png -> /home/ddurand/fotos/47522461.png
2026-08-21 18:43:10,073 INFO photo_manager - Foto movida: /home/ddurand/proyectos/personal/rpaludoplay-app/src/static/images/44136366.png -> /home/ddurand/fotos/44136366.png
2026-08-21 18:43:10,073 INFO photo_manager - Foto movida: /home/ddurand/proyectos/personal/rpaludoplay-app/src/static/images/44858574.png -> /home/ddurand/fotos/44858574.png
2026-08-21 18:43:10,073 INFO photo_manager - Foto movida: /home/ddurand/proyectos/personal/rpaludoplay-app/src/static/images/70877858.png -> /home/ddurand/fotos/70877858.png
2026-08-21 18:43:10,074 INFO photo_manager - Foto movida: /home/ddurand/proyectos/personal/rpaludoplay-app/src/static/images/48034729.png -> /home/ddurand/fotos/48034729.png
2026-08-21 18:43:10,074 INFO photo_manager - Foto movida: /home/ddurand/proyectos/personal/rpaludoplay-app/src/static/images/006169131.png -> /home/ddurand/fotos/006169131.png
2026-08-21 18:43:10,074 INFO photo_manager - Foto movida: /home/ddurand/proyectos/personal/rpaludoplay-app/src/static/images/41945615.png -> /home/ddurand/fotos/41945615.png
2026-08-21 18:43:10,075 INFO photo_manager - Foto movida: /home/ddurand/proyectos/personal/rpaludoplay-app/src/static/images/46988112.png -> /home/ddurand/fotos/46988112.png
2026-08-21 18:43:10,075 INFO photo_manager - Foto movida: /home/ddurand/proyectos/personal/rpaludoplay-app/src/static/images/77427229.png -> /home/ddurand/fotos/77427229.png
2026-08-21 18:43:10,075 INFO photo_manager - Foto movida: /home/ddurand/proyectos/personal/rpaludoplay-app/src/static/images/72792391.png -> /home/ddurand/fotos/72792391.png
2026-08-21 18:43:10,076 INFO photo_manager - Foto movida: /home/ddurand/proyectos/personal/rpaludoplay-app/src/static/images/47769131.png -> /home/ddurand/fotos/47769131.png
2026-08-21 18:43:10,076 INFO photo_manager - Foto movida: /home/ddurand/proyectos/personal/rpaludoplay-app/src/static/images/75130115.png -> /home/ddurand/fotos/75130115.png
2026-08-21 18:43:10,076 INFO photo_manager - Foto movida: /home/ddurand/proyectos/personal/rpaludoplay-app/src/static/images/43855278.png -> /home/ddurand/fotos/43855278.png
2026-08-21 18:43:10,077 INFO photo_manager - Foto movida: /home/ddurand/proyectos/personal/rpaludoplay-app/src/static/images/42939930.png -> /home/ddurand/fotos/42939930.png
2026-08-21 18:43:10,077 INFO photo_manager - Foto movida: /home/ddurand/proyectos/personal/rpaludoplay-app/src/static/images/60946430.png -> /home/ddurand/fotos/60946430.png
2026-08-21 18:43:10,077 INFO photo_manager - Foto movida: /home/ddurand/proyectos/personal/rpaludoplay-app/src/static/images/70328612.png -> /home/ddurand/fotos/70328612.png
2026-08-21 18:43:10,077 INFO photo_manager - Foto movida: /home/ddurand/proyectos/personal/rpaludoplay-app/src/static/images/42556875.png -> /home/ddurand/fotos/42556875.png
2026-08-21 18:43:10,078 INFO photo_manager - Foto movida: /home/ddurand/proyectos/personal/rpaludoplay-app/src/static/images/71591215.png -> /home/ddurand/fotos/71591215.png
2026-08-21 18:43:10,078 INFO photo_manager - Foto movida: /home/ddurand/proyectos/personal/rpaludoplay-app/src/static/images/76135969.png -> /home/ddurand/fotos/76135969.png
2026-08-21 18:43:10,078 INFO photo_manager - Foto movida: /home/ddurand/proyectos/personal/rpaludoplay-app/src/static/images/42505495.png -> /home/ddurand/fotos/42505495.png
2026-08-21 18:43:10,078 INFO photo_manager - Foto movida: /home/ddurand/proyectos/personal/rpaludoplay-app/src/static/images/72029653.png -> /home/ddurand/fotos/72029653.png
2026-08-21 18:43:10,079 INFO photo_manager - Foto movida: /home/ddurand/proyectos/personal/rpaludoplay-app/src/static/images/74489379.png -> /home/ddurand/fotos/74489379.png
2026-08-21 18:43:10,079 INFO photo_manager - Foto movida: /home/ddurand/proyectos/personal/rpaludoplay-app/src/static/images/71937833.png -> /home/ddurand/fotos/71937833.png
2026-08-21 18:43:10,079 INFO photo_manager - Foto movida: /home/ddurand/proyectos/personal/rpaludoplay-app/src/static/images/41874317.png -> /home/ddurand/fotos/41874317.png
2026-08-21 18:43:10,079 INFO photo_manager - Foto movida: /home/ddurand/proyectos/personal/rpaludoplay-app/src/static/images/09138428.png -> /home/ddurand/fotos/09138428.png
2026-08-21 18:43:10,080 INFO photo_manager - Foto movida: /home/ddurand/proyectos/personal/rpaludoplay-app/src/static/images/08860707.png -> /home/ddurand/fotos/08860707.png
2026-08-21 18:43:10,080 INFO photo_manager - Foto movida: /home/ddurand/proyectos/personal/rpaludoplay-app/src/static/images/72663284.png -> /home/ddurand/fotos/72663284.png
2026-08-21 18:43:10,080 INFO photo_manager - Foto movida: /home/ddurand/proyectos/personal/rpaludoplay-app/src/static/images/70544214.png -> /home/ddurand/fotos/70544214.png
2026-08-21 18:43:10,080 INFO photo_manager - Foto movida: /home/ddurand/proyectos/personal/rpaludoplay-app/src/static/images/16598478.png -> /home/ddurand/fotos/16598478.png
2026-08-21 18:43:10,081 INFO photo_manager - Foto movida: /home/ddurand/proyectos/personal/rpaludoplay-app/src/static/images/43663931.png -> /home/ddurand/fotos/43663931.png
2026-08-21 18:43:10,081 INFO photo_manager - Foto movida: /home/ddurand/proyectos/personal/rpaludoplay-app/src/static/images/44992321.png -> /home/ddurand/fotos/44992321.png
2026-08-21 18:43:10,081 INFO photo_manager - Foto movida: /home/ddurand/proyectos/personal/rpaludoplay-app/src/static/images/000323236.png -> /home/ddurand/fotos/000323236.png
2026-08-21 18:43:10,081 INFO photo_manager - Foto movida: /home/ddurand/proyectos/personal/rpaludoplay-app/src/static/images/72701562.png -> /home/ddurand/fotos/72701562.png
2026-08-21 18:43:10,082 INFO photo_manager - Foto movida: /home/ddurand/proyectos/personal/rpaludoplay-app/src/static/images/43844948.png -> /home/ddurand/fotos/43844948.png
2026-08-21 18:43:10,082 INFO photo_manager - Foto movida: /home/ddurand/proyectos/personal/rpaludoplay-app/src/static/images/46742754.png -> /home/ddurand/fotos/46742754.png
2026-08-21 18:43:10,082 INFO photo_manager - Foto movida: /home/ddurand/proyectos/personal/rpaludoplay-app/src/static/images/74324228.png -> /home/ddurand/fotos/74324228.png
2026-08-21 18:43:10,083 INFO photo_manager - Foto movida: /home/ddurand/proyectos/personal/rpaludoplay-app/src/static/images/72415741.png -> /home/ddurand/fotos/72415741.png
2026-08-21 18:43:10,083 INFO photo_manager - Foto movida: /home/ddurand/proyectos/personal/rpaludoplay-app/src/static/images/009396632.png -> /home/ddurand/fotos/009396632.png
2026-08-21 18:43:10,083 INFO photo_manager - Foto movida: /home/ddurand/proyectos/personal/rpaludoplay-app/src/static/images/29609907.png -> /home/ddurand/fotos/29609907.png
2026-08-21 18:43:10,083 INFO photo_manager - Foto movida: /home/ddurand/proyectos/personal/rpaludoplay-app/src/static/images/43815088.png -> /home/ddurand/fotos/43815088.png
2026-08-21 18:43:10,084 INFO photo_manager - Foto movida: /home/ddurand/proyectos/personal/rpaludoplay-app/src/static/images/48040491.png -> /home/ddurand/fotos/48040491.png
2026-08-21 18:43:10,084 INFO photo_manager - Foto movida: /home/ddurand/proyectos/personal/rpaludoplay-app/src/static/images/77354543.png -> /home/ddurand/fotos/77354543.png
2026-08-21 18:43:10,084 INFO photo_manager - Foto movida: /home/ddurand/proyectos/personal/rpaludoplay-app/src/static/images/43504302.png -> /home/ddurand/fotos/43504302.png
2026-08-21 18:43:10,084 INFO photo_manager - Foto movida: /home/ddurand/proyectos/personal/rpaludoplay-app/src/static/images/72261815.png -> /home/ddurand/fotos/72261815.png
2026-08-21 18:43:10,085 INFO photo_manager - Foto movida: /home/ddurand/proyectos/personal/rpaludoplay-app/src/static/images/72328144.png -> /home/ddurand/fotos/72328144.png
2026-08-21 18:43:10,085 INFO photo_manager - Foto movida: /home/ddurand/proyectos/personal/rpaludoplay-app/src/static/images/74564840.png -> /home/ddurand/fotos/74564840.png
2026-08-21 18:43:10,086 INFO photo_manager - Foto movida: /home/ddurand/proyectos/personal/rpaludoplay-app/src/static/images/42401860.png -> /home/ddurand/fotos/42401860.png
2026-08-21 18:43:10,086 INFO photo_manager - Foto movida: /home/ddurand/proyectos/personal/rpaludoplay-app/src/static/images/40217999.png -> /home/ddurand/fotos/40217999.png
2026-08-21 18:43:10,087 INFO photo_manager - Foto movida: /home/ddurand/proyectos/personal/rpaludoplay-app/src/static/images/72869808.png -> /home/ddurand/fotos/72869808.png
2026-08-21 18:43:10,087 INFO photo_manager - Foto movida: /home/ddurand/proyectos/personal/rpaludoplay-app/src/static/images/09159457.png -> /home/ddurand/fotos/09159457.png
2026-08-21 18:43:10,087 INFO photo_manager - Foto movida: /home/ddurand/proyectos/personal/rpaludoplay-app/src/static/images/19233727.png -> /home/ddurand/fotos/19233727.png
2026-08-21 18:43:10,087 INFO photo_manager - Foto movida: /home/ddurand/proyectos/personal/rpaludoplay-app/src/static/images/27168221.png -> /home/ddurand/fotos/27168221.png
2026-08-21 18:43:10,088 INFO photo_manager - Foto movida: /home/ddurand/proyectos/personal/rpaludoplay-app/src/static/images/29698187.png -> /home/ddurand/fotos/29698187.png
2026-08-21 18:43:10,088 INFO photo_manager - Foto movida: /home/ddurand/proyectos/personal/rpaludoplay-app/src/static/images/45893732.png -> /home/ddurand/fotos/45893732.png
2026-08-21 18:43:10,088 INFO photo_manager - Foto movida: /home/ddurand/proyectos/personal/rpaludoplay-app/src/static/images/47867159.png -> /home/ddurand/fotos/47867159.png
2026-08-21 18:43:10,089 INFO photo_manager - Foto movida: /home/ddurand/proyectos/personal/rpaludoplay-app/src/static/images/10648099.png -> /home/ddurand/fotos/10648099.png
2026-08-21 18:43:10,089 INFO photo_manager - Foto movida: /home/ddurand/proyectos/personal/rpaludoplay-app/src/static/images/42547187.png -> /home/ddurand/fotos/42547187.png
2026-08-21 18:43:10,089 INFO photo_manager - Foto movida: /home/ddurand/proyectos/personal/rpaludoplay-app/src/static/images/70939237.png -> /home/ddurand/fotos/70939237.png
2026-08-21 18:43:10,090 INFO photo_manager - Foto movida: /home/ddurand/proyectos/personal/rpaludoplay-app/src/static/images/72844051.png -> /home/ddurand/fotos/72844051.png
2026-08-21 18:43:10,090 INFO photo_manager - Foto movida: /home/ddurand/proyectos/personal/rpaludoplay-app/src/static/images/32951362.png -> /home/ddurand/fotos/32951362.png
2026-08-21 18:43:10,090 INFO photo_manager - Foto movida: /home/ddurand/proyectos/personal/rpaludoplay-app/src/static/images/75981533.png -> /home/ddurand/fotos/75981533.png
2026-08-21 18:43:10,090 INFO photo_manager - Foto movida: /home/ddurand/proyectos/personal/rpaludoplay-app/src/static/images/000063439.png -> /home/ddurand/fotos/000063439.png
2026-08-21 18:43:10,091 INFO photo_manager - Foto movida: /home/ddurand/proyectos/personal/rpaludoplay-app/src/static/images/40395188.png -> /home/ddurand/fotos/40395188.png
2026-08-21 18:43:10,091 INFO photo_manager - Foto movida: /home/ddurand/proyectos/personal/rpaludoplay-app/src/static/images/09540247.png -> /home/ddurand/fotos/09540247.png
2026-08-21 18:43:10,091 INFO photo_manager - Foto movida: /home/ddurand/proyectos/personal/rpaludoplay-app/src/static/images/90161671.png -> /home/ddurand/fotos/90161671.png
2026-08-21 18:43:10,091 INFO photo_manager - Foto movida: /home/ddurand/proyectos/personal/rpaludoplay-app/src/static/images/45496256.png -> /home/ddurand/fotos/45496256.png
2026-08-21 18:43:10,092 INFO photo_manager - Foto movida: /home/ddurand/proyectos/personal/rpaludoplay-app/src/static/images/25769427.png -> /home/ddurand/fotos/25769427.png
2026-08-21 18:43:10,092 INFO photo_manager - Foto movida: /home/ddurand/proyectos/personal/rpaludoplay-app/src/static/images/75204223.png -> /home/ddurand/fotos/75204223.png
2026-08-21 18:43:10,093 INFO photo_manager - Foto movida: /home/ddurand/proyectos/personal/rpaludoplay-app/src/static/images/47390883.png -> /home/ddurand/fotos/47390883.png
2026-08-21 18:43:10,093 INFO photo_manager - Foto movida: /home/ddurand/proyectos/personal/rpaludoplay-app/src/static/images/72802029.png -> /home/ddurand/fotos/72802029.png
2026-08-21 18:43:10,093 INFO photo_manager - Foto movida: /home/ddurand/proyectos/personal/rpaludoplay-app/src/static/images/74402919.png -> /home/ddurand/fotos/74402919.png
2026-08-21 18:43:10,094 INFO photo_manager - Foto movida: /home/ddurand/proyectos/personal/rpaludoplay-app/src/static/images/44719673.png -> /home/ddurand/fotos/44719673.png
2026-08-21 18:43:10,094 INFO photo_manager - Foto movida: /home/ddurand/proyectos/personal/rpaludoplay-app/src/static/images/74263544.png -> /home/ddurand/fotos/74263544.png
2026-08-21 18:43:10,095 INFO photo_manager - Foto movida: /home/ddurand/proyectos/personal/rpaludoplay-app/src/static/images/47265730.png -> /home/ddurand/fotos/47265730.png
2026-08-21 18:43:10,095 INFO photo_manager - Foto movida: /home/ddurand/proyectos/personal/rpaludoplay-app/src/static/images/44825645.png -> /home/ddurand/fotos/44825645.png
2026-08-21 18:43:10,095 INFO photo_manager - Foto movida: /home/ddurand/proyectos/personal/rpaludoplay-app/src/static/images/60771568.png -> /home/ddurand/fotos/60771568.png
2026-08-21 18:43:10,096 INFO photo_manager - Foto movida: /home/ddurand/proyectos/personal/rpaludoplay-app/src/static/images/61221021.png -> /home/ddurand/fotos/61221021.png
2026-08-21 18:43:10,096 INFO photo_manager - Foto movida: /home/ddurand/proyectos/personal/rpaludoplay-app/src/static/images/40779260.png -> /home/ddurand/fotos/40779260.png
2026-08-21 18:43:10,096 INFO photo_manager - Foto movida: /home/ddurand/proyectos/personal/rpaludoplay-app/src/static/images/42604104.png -> /home/ddurand/fotos/42604104.png
2026-08-21 18:43:10,097 INFO photo_manager - Foto movida: /home/ddurand/proyectos/personal/rpaludoplay-app/src/static/images/47595639.png -> /home/ddurand/fotos/47595639.png
2026-08-21 18:43:10,097 INFO photo_manager - Foto movida: /home/ddurand/proyectos/personal/rpaludoplay-app/src/static/images/47396754.png -> /home/ddurand/fotos/47396754.png
2026-08-21 18:43:10,097 INFO photo_manager - Foto movida: /home/ddurand/proyectos/personal/rpaludoplay-app/src/static/images/06699452.png -> /home/ddurand/fotos/06699452.png
2026-08-21 18:43:10,098 INFO photo_manager - Foto movida: /home/ddurand/proyectos/personal/rpaludoplay-app/src/static/images/43455879.png -> /home/ddurand/fotos/43455879.png
2026-08-21 18:43:10,098 INFO photo_manager - Foto movida: /home/ddurand/proyectos/personal/rpaludoplay-app/src/static/images/40513227.png -> /home/ddurand/fotos/40513227.png
2026-08-21 18:43:10,098 INFO photo_manager - Foto movida: /home/ddurand/proyectos/personal/rpaludoplay-app/src/static/images/43087930.png -> /home/ddurand/fotos/43087930.png
2026-08-21 18:43:10,098 INFO photo_manager - Foto movida: /home/ddurand/proyectos/personal/rpaludoplay-app/src/static/images/29426406.png -> /home/ddurand/fotos/29426406.png
2026-08-21 18:43:10,099 INFO photo_manager - Foto movida: /home/ddurand/proyectos/personal/rpaludoplay-app/src/static/images/73872013.png -> /home/ddurand/fotos/73872013.png
2026-08-21 18:43:10,099 INFO photo_manager - Foto movida: /home/ddurand/proyectos/personal/rpaludoplay-app/src/static/images/32976421.png -> /home/ddurand/fotos/32976421.png
2026-08-21 18:43:10,100 INFO photo_manager - Foto movida: /home/ddurand/proyectos/personal/rpaludoplay-app/src/static/images/47040568.png -> /home/ddurand/fotos/47040568.png
2026-08-21 18:43:10,100 INFO photo_manager - Foto movida: /home/ddurand/proyectos/personal/rpaludoplay-app/src/static/images/71893627.png -> /home/ddurand/fotos/71893627.png
2026-08-21 18:43:10,100 INFO photo_manager - Foto movida: /home/ddurand/proyectos/personal/rpaludoplay-app/src/static/images/70691790.png -> /home/ddurand/fotos/70691790.png
2026-08-21 18:43:10,100 INFO photo_manager - Foto movida: /home/ddurand/proyectos/personal/rpaludoplay-app/src/static/images/76197360.png -> /home/ddurand/fotos/76197360.png
2026-08-21 18:43:10,101 INFO photo_manager - Foto movida: /home/ddurand/proyectos/personal/rpaludoplay-app/src/static/images/06109203.png -> /home/ddurand/fotos/06109203.png
2026-08-21 18:43:10,101 INFO photo_manager - Foto movida: /home/ddurand/proyectos/personal/rpaludoplay-app/src/static/images/45901076.png -> /home/ddurand/fotos/45901076.png
2026-08-21 18:43:10,101 INFO photo_manager - Foto movida: /home/ddurand/proyectos/personal/rpaludoplay-app/src/static/images/06776437.png -> /home/ddurand/fotos/06776437.png
2026-08-21 18:43:10,102 INFO photo_manager - Foto movida: /home/ddurand/proyectos/personal/rpaludoplay-app/src/static/images/09770487.png -> /home/ddurand/fotos/09770487.png
2026-08-21 18:43:10,102 INFO photo_manager - Foto movida: /home/ddurand/proyectos/personal/rpaludoplay-app/src/static/images/47987308.png -> /home/ddurand/fotos/47987308.png
2026-08-21 18:43:10,103 INFO photo_manager - Foto movida: /home/ddurand/proyectos/personal/rpaludoplay-app/src/static/images/43996430.png -> /home/ddurand/fotos/43996430.png
2026-08-21 18:43:10,103 INFO photo_manager - Foto movida: /home/ddurand/proyectos/personal/rpaludoplay-app/src/static/images/47074377.png -> /home/ddurand/fotos/47074377.png
2026-08-21 18:43:10,103 INFO photo_manager - Foto movida: /home/ddurand/proyectos/personal/rpaludoplay-app/src/static/images/46879248.png -> /home/ddurand/fotos/46879248.png
2026-08-21 18:43:10,104 INFO photo_manager - Foto movida: /home/ddurand/proyectos/personal/rpaludoplay-app/src/static/images/42398140.png -> /home/ddurand/fotos/42398140.png
2026-08-21 18:43:10,104 INFO photo_manager - Foto movida: /home/ddurand/proyectos/personal/rpaludoplay-app/src/static/images/45443605.png -> /home/ddurand/fotos/45443605.png
2026-08-21 18:43:10,104 INFO photo_manager - Foto movida: /home/ddurand/proyectos/personal/rpaludoplay-app/src/static/images/76345955.png -> /home/ddurand/fotos/76345955.png
2026-08-21 18:43:10,105 INFO photo_manager - Foto movida: /home/ddurand/proyectos/personal/rpaludoplay-app/src/static/images/45478136.png -> /home/ddurand/fotos/45478136.png
2026-08-21 18:43:10,105 INFO photo_manager - Foto movida: /home/ddurand/proyectos/personal/rpaludoplay-app/src/static/images/71569652.png -> /home/ddurand/fotos/71569652.png
2026-08-21 18:43:10,105 INFO photo_manager - Foto movida: /home/ddurand/proyectos/personal/rpaludoplay-app/src/static/images/70319963.png -> /home/ddurand/fotos/70319963.png
2026-08-21 18:43:10,106 INFO photo_manager - Foto movida: /home/ddurand/proyectos/personal/rpaludoplay-app/src/static/images/47451612.png -> /home/ddurand/fotos/47451612.png
2026-08-21 18:43:10,106 INFO photo_manager - Foto movida: /home/ddurand/proyectos/personal/rpaludoplay-app/src/static/images/47603329.png -> /home/ddurand/fotos/47603329.png
2026-08-21 18:43:10,106 INFO photo_manager - Foto movida: /home/ddurand/proyectos/personal/rpaludoplay-app/src/static/images/42671798.png -> /home/ddurand/fotos/42671798.png
2026-08-21 18:43:10,106 INFO photo_manager - Foto movida: /home/ddurand/proyectos/personal/rpaludoplay-app/src/static/images/41254944.png -> /home/ddurand/fotos/41254944.png
2026-08-21 18:43:10,107 INFO photo_manager - Foto movida: /home/ddurand/proyectos/personal/rpaludoplay-app/src/static/images/73908505.png -> /home/ddurand/fotos/73908505.png
2026-08-21 18:43:10,107 INFO photo_manager - Foto movida: /home/ddurand/proyectos/personal/rpaludoplay-app/src/static/images/47942164.png -> /home/ddurand/fotos/47942164.png
2026-08-21 18:43:10,107 INFO photo_manager - Foto movida: /home/ddurand/proyectos/personal/rpaludoplay-app/src/static/images/41647787.png -> /home/ddurand/fotos/41647787.png
2026-08-21 18:43:10,107 INFO photo_manager - Foto movida: /home/ddurand/proyectos/personal/rpaludoplay-app/src/static/images/41608126.png -> /home/ddurand/fotos/41608126.png
2026-08-21 18:43:10,108 INFO photo_manager - Foto movida: /home/ddurand/proyectos/personal/rpaludoplay-app/src/static/images/07505802.png -> /home/ddurand/fotos/07505802.png
2026-08-21 18:43:10,108 INFO photo_manager - Foto movida: /home/ddurand/proyectos/personal/rpaludoplay-app/src/static/images/79300466.png -> /home/ddurand/fotos/79300466.png
2026-08-21 18:43:10,108 INFO photo_manager - Foto movida: /home/ddurand/proyectos/personal/rpaludoplay-app/src/static/images/41336832.png -> /home/ddurand/fotos/41336832.png
2026-08-21 18:43:10,108 INFO photo_manager - Foto movida: /home/ddurand/proyectos/personal/rpaludoplay-app/src/static/images/73622006.png -> /home/ddurand/fotos/73622006.png
2026-08-21 18:43:10,109 INFO photo_manager - Foto movida: /home/ddurand/proyectos/personal/rpaludoplay-app/src/static/images/40817787.png -> /home/ddurand/fotos/40817787.png
2026-08-21 18:43:10,109 INFO photo_manager - Foto movida: /home/ddurand/proyectos/personal/rpaludoplay-app/src/static/images/71799296.png -> /home/ddurand/fotos/71799296.png
2026-08-21 18:43:10,111 INFO photo_manager - Foto movida: /home/ddurand/proyectos/personal/rpaludoplay-app/src/static/images/16796526.png -> /home/ddurand/fotos/16796526.png
2026-08-21 18:43:10,112 INFO photo_manager - Foto movida: /home/ddurand/proyectos/personal/rpaludoplay-app/src/static/images/72189521.png -> /home/ddurand/fotos/72189521.png
2026-08-21 18:43:10,112 INFO photo_manager - Foto movida: /home/ddurand/proyectos/personal/rpaludoplay-app/src/static/images/40455891.png -> /home/ddurand/fotos/40455891.png
2026-08-21 18:43:10,112 INFO photo_manager - Foto movida: /home/ddurand/proyectos/personal/rpaludoplay-app/src/static/images/76534774.png -> /home/ddurand/fotos/76534774.png
2026-08-21 18:43:10,113 INFO photo_manager - Foto movida: /home/ddurand/proyectos/personal/rpaludoplay-app/src/static/images/10553074.png -> /home/ddurand/fotos/10553074.png
2026-08-21 18:43:10,113 INFO photo_manager - Foto movida: /home/ddurand/proyectos/personal/rpaludoplay-app/src/static/images/70980877.png -> /home/ddurand/fotos/70980877.png
2026-08-21 18:43:10,113 INFO photo_manager - Foto movida: /home/ddurand/proyectos/personal/rpaludoplay-app/src/static/images/44755076.png -> /home/ddurand/fotos/44755076.png
2026-08-21 18:43:10,113 INFO photo_manager - Foto movida: /home/ddurand/proyectos/personal/rpaludoplay-app/src/static/images/70445424.png -> /home/ddurand/fotos/70445424.png
2026-08-21 18:43:10,114 INFO photo_manager - Foto movida: /home/ddurand/proyectos/personal/rpaludoplay-app/src/static/images/71532513.png -> /home/ddurand/fotos/71532513.png
2026-08-21 18:43:10,114 INFO photo_manager - Foto movida: /home/ddurand/proyectos/personal/rpaludoplay-app/src/static/images/33674666.png -> /home/ddurand/fotos/33674666.png
2026-08-21 18:43:10,114 INFO photo_manager - Foto movida: /home/ddurand/proyectos/personal/rpaludoplay-app/src/static/images/74572273.png -> /home/ddurand/fotos/74572273.png
2026-08-21 18:43:10,114 INFO photo_manager - Foto movida: /home/ddurand/proyectos/personal/rpaludoplay-app/src/static/images/44944561.png -> /home/ddurand/fotos/44944561.png
2026-08-21 18:43:10,115 INFO photo_manager - Foto movida: /home/ddurand/proyectos/personal/rpaludoplay-app/src/static/images/46963654.png -> /home/ddurand/fotos/46963654.png
2026-08-21 18:43:10,115 INFO photo_manager - Foto movida: /home/ddurand/proyectos/personal/rpaludoplay-app/src/static/images/000146644.png -> /home/ddurand/fotos/000146644.png
2026-08-21 18:43:10,115 INFO photo_manager - Foto movida: /home/ddurand/proyectos/personal/rpaludoplay-app/src/static/images/70540391.png -> /home/ddurand/fotos/70540391.png
2026-08-21 18:43:10,116 INFO photo_manager - Foto movida: /home/ddurand/proyectos/personal/rpaludoplay-app/src/static/images/76608285.png -> /home/ddurand/fotos/76608285.png
2026-08-21 18:43:10,116 INFO photo_manager - Foto movida: /home/ddurand/proyectos/personal/rpaludoplay-app/src/static/images/09693571.png -> /home/ddurand/fotos/09693571.png
2026-08-21 18:43:10,117 INFO photo_manager - Foto movida: /home/ddurand/proyectos/personal/rpaludoplay-app/src/static/images/74466360.png -> /home/ddurand/fotos/74466360.png
2026-08-21 18:43:10,117 INFO photo_manager - Foto movida: /home/ddurand/proyectos/personal/rpaludoplay-app/src/static/images/47369952.png -> /home/ddurand/fotos/47369952.png
2026-08-21 18:43:10,117 INFO photo_manager - Foto movida: /home/ddurand/proyectos/personal/rpaludoplay-app/src/static/images/70525570.png -> /home/ddurand/fotos/70525570.png
2026-08-21 18:43:10,118 INFO photo_manager - Foto movida: /home/ddurand/proyectos/personal/rpaludoplay-app/src/static/images/46354868.png -> /home/ddurand/fotos/46354868.png
2026-08-21 18:43:10,118 INFO photo_manager - Foto movida: /home/ddurand/proyectos/personal/rpaludoplay-app/src/static/images/08663418.png -> /home/ddurand/fotos/08663418.png
2026-08-21 18:43:10,119 INFO photo_manager - Foto movida: /home/ddurand/proyectos/personal/rpaludoplay-app/src/static/images/41769569.png -> /home/ddurand/fotos/41769569.png
2026-08-21 18:43:10,119 INFO photo_manager - Foto movida: /home/ddurand/proyectos/personal/rpaludoplay-app/src/static/images/60963870.png -> /home/ddurand/fotos/60963870.png
2026-08-21 18:43:10,119 INFO photo_manager - Foto movida: /home/ddurand/proyectos/personal/rpaludoplay-app/src/static/images/41708168.png -> /home/ddurand/fotos/41708168.png
2026-08-21 18:43:10,120 INFO photo_manager - Foto movida: /home/ddurand/proyectos/personal/rpaludoplay-app/src/static/images/80445316.png -> /home/ddurand/fotos/80445316.png
2026-08-21 18:43:10,120 INFO photo_manager - Foto movida: /home/ddurand/proyectos/personal/rpaludoplay-app/src/static/images/45979085.png -> /home/ddurand/fotos/45979085.png
2026-08-21 18:43:10,120 INFO photo_manager - Foto movida: /home/ddurand/proyectos/personal/rpaludoplay-app/src/static/images/10032247.png -> /home/ddurand/fotos/10032247.png
2026-08-21 18:43:10,121 INFO photo_manager - Foto movida: /home/ddurand/proyectos/personal/rpaludoplay-app/src/static/images/41685631.png -> /home/ddurand/fotos/41685631.png
2026-08-21 18:43:10,121 INFO photo_manager - Foto movida: /home/ddurand/proyectos/personal/rpaludoplay-app/src/static/images/46968072.png -> /home/ddurand/fotos/46968072.png
2026-08-21 18:43:10,121 INFO photo_manager - Foto movida: /home/ddurand/proyectos/personal/rpaludoplay-app/src/static/images/45867161.png -> /home/ddurand/fotos/45867161.png
2026-08-21 18:43:10,122 INFO photo_manager - Foto movida: /home/ddurand/proyectos/personal/rpaludoplay-app/src/static/images/41307115.png -> /home/ddurand/fotos/41307115.png
2026-08-21 18:43:10,122 INFO photo_manager - Foto movida: /home/ddurand/proyectos/personal/rpaludoplay-app/src/static/images/44368392.png -> /home/ddurand/fotos/44368392.png
2026-08-21 18:43:10,122 INFO photo_manager - Foto movida: /home/ddurand/proyectos/personal/rpaludoplay-app/src/static/images/40787197.png -> /home/ddurand/fotos/40787197.png
2026-08-21 18:43:10,123 INFO photo_manager - Foto movida: /home/ddurand/proyectos/personal/rpaludoplay-app/src/static/images/42254866.png -> /home/ddurand/fotos/42254866.png
2026-08-21 18:43:10,123 INFO photo_manager - Foto movida: /home/ddurand/proyectos/personal/rpaludoplay-app/src/static/images/46838633.png -> /home/ddurand/fotos/46838633.png
2026-08-21 18:43:10,124 INFO photo_manager - Foto movida: /home/ddurand/proyectos/personal/rpaludoplay-app/src/static/images/10201433.png -> /home/ddurand/fotos/10201433.png
2026-08-21 18:43:10,124 INFO photo_manager - Foto movida: /home/ddurand/proyectos/personal/rpaludoplay-app/src/static/images/47182220.png -> /home/ddurand/fotos/47182220.png
2026-08-21 18:43:10,124 INFO photo_manager - Foto movida: /home/ddurand/proyectos/personal/rpaludoplay-app/src/static/images/16671577.png -> /home/ddurand/fotos/16671577.png
2026-08-21 18:43:10,124 INFO photo_manager - Foto movida: /home/ddurand/proyectos/personal/rpaludoplay-app/src/static/images/46450569.png -> /home/ddurand/fotos/46450569.png
2026-08-21 18:43:10,125 INFO photo_manager - Foto movida: /home/ddurand/proyectos/personal/rpaludoplay-app/src/static/images/02887937.png -> /home/ddurand/fotos/02887937.png
2026-08-21 18:43:10,125 INFO photo_manager - Foto movida: /home/ddurand/proyectos/personal/rpaludoplay-app/src/static/images/003376496.png -> /home/ddurand/fotos/003376496.png
2026-08-21 18:43:10,125 INFO photo_manager - Foto movida: /home/ddurand/proyectos/personal/rpaludoplay-app/src/static/images/45359915.png -> /home/ddurand/fotos/45359915.png
2026-08-21 18:43:10,126 INFO photo_manager - Foto movida: /home/ddurand/proyectos/personal/rpaludoplay-app/src/static/images/42512772.png -> /home/ddurand/fotos/42512772.png
2026-08-21 18:43:10,126 INFO photo_manager - Foto movida: /home/ddurand/proyectos/personal/rpaludoplay-app/src/static/images/70904243.png -> /home/ddurand/fotos/70904243.png
2026-08-21 18:43:10,127 INFO photo_manager - Foto movida: /home/ddurand/proyectos/personal/rpaludoplay-app/src/static/images/45524641.png -> /home/ddurand/fotos/45524641.png
2026-08-21 18:43:10,128 INFO photo_manager - Foto movida: /home/ddurand/proyectos/personal/rpaludoplay-app/src/static/images/02642793.png -> /home/ddurand/fotos/02642793.png
2026-08-21 18:43:10,128 INFO photo_manager - Foto movida: /home/ddurand/proyectos/personal/rpaludoplay-app/src/static/images/76636165.png -> /home/ddurand/fotos/76636165.png
2026-08-21 18:43:10,128 INFO photo_manager - Foto movida: /home/ddurand/proyectos/personal/rpaludoplay-app/src/static/images/08171200.png -> /home/ddurand/fotos/08171200.png
2026-08-21 18:43:10,129 INFO photo_manager - Foto movida: /home/ddurand/proyectos/personal/rpaludoplay-app/src/static/images/76310495.png -> /home/ddurand/fotos/76310495.png
2026-08-21 18:43:10,129 INFO photo_manager - Foto movida: /home/ddurand/proyectos/personal/rpaludoplay-app/src/static/images/44200173.png -> /home/ddurand/fotos/44200173.png
2026-08-21 18:43:10,129 INFO photo_manager - Foto movida: /home/ddurand/proyectos/personal/rpaludoplay-app/src/static/images/71127852.png -> /home/ddurand/fotos/71127852.png
2026-08-21 18:43:10,129 INFO photo_manager - Foto movida: /home/ddurand/proyectos/personal/rpaludoplay-app/src/static/images/71711932.png -> /home/ddurand/fotos/71711932.png
2026-08-21 18:43:10,130 INFO photo_manager - Foto movida: /home/ddurand/proyectos/personal/rpaludoplay-app/src/static/images/73019051.png -> /home/ddurand/fotos/73019051.png
2026-08-21 18:43:10,130 INFO photo_manager - Foto movida: /home/ddurand/proyectos/personal/rpaludoplay-app/src/static/images/72460116.png -> /home/ddurand/fotos/72460116.png
2026-08-21 18:43:10,130 INFO photo_manager - Foto movida: /home/ddurand/proyectos/personal/rpaludoplay-app/src/static/images/73920641.png -> /home/ddurand/fotos/73920641.png
2026-08-21 18:43:10,130 INFO photo_manager - Foto movida: /home/ddurand/proyectos/personal/rpaludoplay-app/src/static/images/74962938.png -> /home/ddurand/fotos/74962938.png
2026-08-21 18:43:10,131 INFO photo_manager - Foto movida: /home/ddurand/proyectos/personal/rpaludoplay-app/src/static/images/04815373.png -> /home/ddurand/fotos/04815373.png
2026-08-21 18:43:10,131 INFO photo_manager - Foto movida: /home/ddurand/proyectos/personal/rpaludoplay-app/src/static/images/42611004.png -> /home/ddurand/fotos/42611004.png
2026-08-21 18:43:10,131 INFO photo_manager - Foto movida: /home/ddurand/proyectos/personal/rpaludoplay-app/src/static/images/72630419.png -> /home/ddurand/fotos/72630419.png
2026-08-21 18:43:10,131 INFO photo_manager - Foto movida: /home/ddurand/proyectos/personal/rpaludoplay-app/src/static/images/44318057.png -> /home/ddurand/fotos/44318057.png
2026-08-21 18:43:10,132 INFO photo_manager - Foto movida: /home/ddurand/proyectos/personal/rpaludoplay-app/src/static/images/42813879.png -> /home/ddurand/fotos/42813879.png
2026-08-21 18:43:10,132 INFO photo_manager - Foto movida: /home/ddurand/proyectos/personal/rpaludoplay-app/src/static/images/74916752.png -> /home/ddurand/fotos/74916752.png
2026-08-21 18:43:10,132 INFO photo_manager - Foto movida: /home/ddurand/proyectos/personal/rpaludoplay-app/src/static/images/001225202.png -> /home/ddurand/fotos/001225202.png
2026-08-21 18:43:10,132 INFO photo_manager - Foto movida: /home/ddurand/proyectos/personal/rpaludoplay-app/src/static/images/40879389.png -> /home/ddurand/fotos/40879389.png
2026-08-21 18:43:10,133 INFO photo_manager - Foto movida: /home/ddurand/proyectos/personal/rpaludoplay-app/src/static/images/48644619.png -> /home/ddurand/fotos/48644619.png
2026-08-21 18:43:10,133 INFO photo_manager - Foto movida: /home/ddurand/proyectos/personal/rpaludoplay-app/src/static/images/70128429.png -> /home/ddurand/fotos/70128429.png
2026-08-21 18:43:10,134 INFO photo_manager - Foto movida: /home/ddurand/proyectos/personal/rpaludoplay-app/src/static/images/42768800.png -> /home/ddurand/fotos/42768800.png
2026-08-21 18:43:10,134 INFO photo_manager - Foto movida: /home/ddurand/proyectos/personal/rpaludoplay-app/src/static/images/26731274.png -> /home/ddurand/fotos/26731274.png
2026-08-21 18:43:10,134 INFO photo_manager - Foto movida: /home/ddurand/proyectos/personal/rpaludoplay-app/src/static/images/48113629.png -> /home/ddurand/fotos/48113629.png
2026-08-21 18:43:10,135 INFO photo_manager - Foto movida: /home/ddurand/proyectos/personal/rpaludoplay-app/src/static/images/45394708.png -> /home/ddurand/fotos/45394708.png
2026-08-21 18:43:10,135 INFO photo_manager - Foto movida: /home/ddurand/proyectos/personal/rpaludoplay-app/src/static/images/001042557.png -> /home/ddurand/fotos/001042557.png
2026-08-21 18:43:10,136 INFO photo_manager - Foto movida: /home/ddurand/proyectos/personal/rpaludoplay-app/src/static/images/72924634.png -> /home/ddurand/fotos/72924634.png
2026-08-21 18:43:10,136 INFO photo_manager - Foto movida: /home/ddurand/proyectos/personal/rpaludoplay-app/src/static/images/72638974.png -> /home/ddurand/fotos/72638974.png
2026-08-21 18:43:10,137 INFO photo_manager - Foto movida: /home/ddurand/proyectos/personal/rpaludoplay-app/src/static/images/73096892.png -> /home/ddurand/fotos/73096892.png
2026-08-21 18:43:10,137 INFO photo_manager - Foto movida: /home/ddurand/proyectos/personal/rpaludoplay-app/src/static/images/73106319.png -> /home/ddurand/fotos/73106319.png
2026-08-21 18:43:10,138 INFO photo_manager - Foto movida: /home/ddurand/proyectos/personal/rpaludoplay-app/src/static/images/29721893.png -> /home/ddurand/fotos/29721893.png
2026-08-21 18:43:10,138 INFO photo_manager - Foto movida: /home/ddurand/proyectos/personal/rpaludoplay-app/src/static/images/42288123.png -> /home/ddurand/fotos/42288123.png
2026-08-21 18:43:10,138 INFO photo_manager - Foto movida: /home/ddurand/proyectos/personal/rpaludoplay-app/src/static/images/32925624.png -> /home/ddurand/fotos/32925624.png
2026-08-21 18:43:10,139 INFO photo_manager - Foto movida: /home/ddurand/proyectos/personal/rpaludoplay-app/src/static/images/41545562.png -> /home/ddurand/fotos/41545562.png
2026-08-21 18:43:10,139 INFO photo_manager - Foto movida: /home/ddurand/proyectos/personal/rpaludoplay-app/src/static/images/47046807.png -> /home/ddurand/fotos/47046807.png
2026-08-21 18:43:10,140 INFO photo_manager - Foto movida: /home/ddurand/proyectos/personal/rpaludoplay-app/src/static/images/76414409.png -> /home/ddurand/fotos/76414409.png
2026-08-21 18:43:10,140 INFO photo_manager - Foto movida: /home/ddurand/proyectos/personal/rpaludoplay-app/src/static/images/01131695.png -> /home/ddurand/fotos/01131695.png
2026-08-21 18:43:10,140 INFO photo_manager - Foto movida: /home/ddurand/proyectos/personal/rpaludoplay-app/src/static/images/47078122.png -> /home/ddurand/fotos/47078122.png
2026-08-21 18:43:10,141 INFO photo_manager - Foto movida: /home/ddurand/proyectos/personal/rpaludoplay-app/src/static/images/75047030.png -> /home/ddurand/fotos/75047030.png
2026-08-21 18:43:10,141 INFO photo_manager - Foto movida: /home/ddurand/proyectos/personal/rpaludoplay-app/src/static/images/72789414.png -> /home/ddurand/fotos/72789414.png
2026-08-21 18:43:10,142 INFO photo_manager - Foto movida: /home/ddurand/proyectos/personal/rpaludoplay-app/src/static/images/74892988.png -> /home/ddurand/fotos/74892988.png
2026-08-21 18:43:10,142 INFO photo_manager - Foto movida: /home/ddurand/proyectos/personal/rpaludoplay-app/src/static/images/40447664.png -> /home/ddurand/fotos/40447664.png
2026-08-21 18:43:10,143 INFO photo_manager - Foto movida: /home/ddurand/proyectos/personal/rpaludoplay-app/src/static/images/06680860.png -> /home/ddurand/fotos/06680860.png
2026-08-21 18:43:10,143 INFO photo_manager - Foto movida: /home/ddurand/proyectos/personal/rpaludoplay-app/src/static/images/76831698.png -> /home/ddurand/fotos/76831698.png
2026-08-21 18:43:10,143 INFO photo_manager - Foto movida: /home/ddurand/proyectos/personal/rpaludoplay-app/src/static/images/06290518.png -> /home/ddurand/fotos/06290518.png
2026-08-21 18:43:10,143 INFO photo_manager - Foto movida: /home/ddurand/proyectos/personal/rpaludoplay-app/src/static/images/44538487.png -> /home/ddurand/fotos/44538487.png
2026-08-21 18:43:10,144 INFO photo_manager - Foto movida: /home/ddurand/proyectos/personal/rpaludoplay-app/src/static/images/46126976.png -> /home/ddurand/fotos/46126976.png
2026-08-21 18:43:10,144 INFO photo_manager - Foto movida: /home/ddurand/proyectos/personal/rpaludoplay-app/src/static/images/71486897.png -> /home/ddurand/fotos/71486897.png
2026-08-21 18:43:10,144 INFO photo_manager - Foto movida: /home/ddurand/proyectos/personal/rpaludoplay-app/src/static/images/72163657.png -> /home/ddurand/fotos/72163657.png
2026-08-21 18:43:10,145 INFO photo_manager - Foto movida: /home/ddurand/proyectos/personal/rpaludoplay-app/src/static/images/43467813.png -> /home/ddurand/fotos/43467813.png
2026-08-21 18:43:10,145 INFO photo_manager - Foto movida: /home/ddurand/proyectos/personal/rpaludoplay-app/src/static/images/44235093.png -> /home/ddurand/fotos/44235093.png
2026-08-21 18:43:10,145 INFO photo_manager - Foto movida: /home/ddurand/proyectos/personal/rpaludoplay-app/src/static/images/40451279.png -> /home/ddurand/fotos/40451279.png
2026-08-21 18:43:10,145 INFO photo_manager - Foto movida: /home/ddurand/proyectos/personal/rpaludoplay-app/src/static/images/10866290.png -> /home/ddurand/fotos/10866290.png
2026-08-21 18:43:10,146 INFO photo_manager - Foto movida: /home/ddurand/proyectos/personal/rpaludoplay-app/src/static/images/73206409.png -> /home/ddurand/fotos/73206409.png
2026-08-21 18:43:10,146 INFO photo_manager - Foto movida: /home/ddurand/proyectos/personal/rpaludoplay-app/src/static/images/09715354.png -> /home/ddurand/fotos/09715354.png
2026-08-21 18:43:10,146 INFO photo_manager - Foto movida: /home/ddurand/proyectos/personal/rpaludoplay-app/src/static/images/76660563.png -> /home/ddurand/fotos/76660563.png
2026-08-21 18:43:10,147 INFO photo_manager - Foto movida: /home/ddurand/proyectos/personal/rpaludoplay-app/src/static/images/45810021.png -> /home/ddurand/fotos/45810021.png
2026-08-21 18:43:10,147 INFO photo_manager - Foto movida: /home/ddurand/proyectos/personal/rpaludoplay-app/src/static/images/09796271.png -> /home/ddurand/fotos/09796271.png
2026-08-21 18:43:10,147 INFO photo_manager - Foto movida: /home/ddurand/proyectos/personal/rpaludoplay-app/src/static/images/75948304.png -> /home/ddurand/fotos/75948304.png
2026-08-21 18:43:10,148 INFO photo_manager - Foto movida: /home/ddurand/proyectos/personal/rpaludoplay-app/src/static/images/75694715.png -> /home/ddurand/fotos/75694715.png
2026-08-21 18:43:10,148 INFO photo_manager - Foto movida: /home/ddurand/proyectos/personal/rpaludoplay-app/src/static/images/46829387.png -> /home/ddurand/fotos/46829387.png
2026-08-21 18:43:10,149 INFO photo_manager - Foto movida: /home/ddurand/proyectos/personal/rpaludoplay-app/src/static/images/09220880.png -> /home/ddurand/fotos/09220880.png
2026-08-21 18:43:10,149 INFO photo_manager - Foto movida: /home/ddurand/proyectos/personal/rpaludoplay-app/src/static/images/46075558.png -> /home/ddurand/fotos/46075558.png
2026-08-21 18:43:10,149 INFO photo_manager - Foto movida: /home/ddurand/proyectos/personal/rpaludoplay-app/src/static/images/80248110.png -> /home/ddurand/fotos/80248110.png
2026-08-21 18:43:10,150 INFO photo_manager - Foto movida: /home/ddurand/proyectos/personal/rpaludoplay-app/src/static/images/40529998.png -> /home/ddurand/fotos/40529998.png
2026-08-21 18:43:10,150 INFO photo_manager - Foto movida: /home/ddurand/proyectos/personal/rpaludoplay-app/src/static/images/47046129.png -> /home/ddurand/fotos/47046129.png
2026-08-21 18:43:10,151 INFO photo_manager - Foto movida: /home/ddurand/proyectos/personal/rpaludoplay-app/src/static/images/76431751.png -> /home/ddurand/fotos/76431751.png
2026-08-21 18:43:10,151 INFO photo_manager - Foto movida: /home/ddurand/proyectos/personal/rpaludoplay-app/src/static/images/71404182.png -> /home/ddurand/fotos/71404182.png
2026-08-21 18:43:10,151 INFO photo_manager - Foto movida: /home/ddurand/proyectos/personal/rpaludoplay-app/src/static/images/29636595.png -> /home/ddurand/fotos/29636595.png
2026-08-21 18:43:10,152 INFO photo_manager - Foto movida: /home/ddurand/proyectos/personal/rpaludoplay-app/src/static/images/42413445.png -> /home/ddurand/fotos/42413445.png
2026-08-21 18:43:10,152 INFO photo_manager - Foto movida: /home/ddurand/proyectos/personal/rpaludoplay-app/src/static/images/72638134.png -> /home/ddurand/fotos/72638134.png
2026-08-21 18:43:10,153 INFO photo_manager - Foto movida: /home/ddurand/proyectos/personal/rpaludoplay-app/src/static/images/43692224.png -> /home/ddurand/fotos/43692224.png
2026-08-21 18:43:10,153 INFO photo_manager - Foto movida: /home/ddurand/proyectos/personal/rpaludoplay-app/src/static/images/47271989.png -> /home/ddurand/fotos/47271989.png
2026-08-21 18:43:10,153 INFO photo_manager - Foto movida: /home/ddurand/proyectos/personal/rpaludoplay-app/src/static/images/40599713.png -> /home/ddurand/fotos/40599713.png
2026-08-21 18:43:10,154 INFO photo_manager - Foto movida: /home/ddurand/proyectos/personal/rpaludoplay-app/src/static/images/44556006.png -> /home/ddurand/fotos/44556006.png
2026-08-21 18:43:10,154 INFO photo_manager - Foto movida: /home/ddurand/proyectos/personal/rpaludoplay-app/src/static/images/40890501.png -> /home/ddurand/fotos/40890501.png
2026-08-21 18:43:10,154 INFO photo_manager - Foto movida: /home/ddurand/proyectos/personal/rpaludoplay-app/src/static/images/21858885.png -> /home/ddurand/fotos/21858885.png
2026-08-21 18:43:10,154 INFO photo_manager - Foto movida: /home/ddurand/proyectos/personal/rpaludoplay-app/src/static/images/16504514.png -> /home/ddurand/fotos/16504514.png
2026-08-21 18:43:10,155 INFO photo_manager - Foto movida: /home/ddurand/proyectos/personal/rpaludoplay-app/src/static/images/26696407.png -> /home/ddurand/fotos/26696407.png
2026-08-21 18:43:10,155 INFO photo_manager - Foto movida: /home/ddurand/proyectos/personal/rpaludoplay-app/src/static/images/72908376.png -> /home/ddurand/fotos/72908376.png
2026-08-21 18:43:10,155 INFO photo_manager - Foto movida: /home/ddurand/proyectos/personal/rpaludoplay-app/src/static/images/73054675.png -> /home/ddurand/fotos/73054675.png
2026-08-21 18:43:10,155 INFO photo_manager - Foto movida: /home/ddurand/proyectos/personal/rpaludoplay-app/src/static/images/09455867.png -> /home/ddurand/fotos/09455867.png
2026-08-21 18:43:10,156 INFO photo_manager - Foto movida: /home/ddurand/proyectos/personal/rpaludoplay-app/src/static/images/75961684.png -> /home/ddurand/fotos/75961684.png
2026-08-21 18:43:10,156 INFO photo_manager - Foto movida: /home/ddurand/proyectos/personal/rpaludoplay-app/src/static/images/44105659.png -> /home/ddurand/fotos/44105659.png
2026-08-21 18:43:10,156 INFO photo_manager - Foto movida: /home/ddurand/proyectos/personal/rpaludoplay-app/src/static/images/77151212.png -> /home/ddurand/fotos/77151212.png
2026-08-21 18:43:10,156 INFO photo_manager - Foto movida: /home/ddurand/proyectos/personal/rpaludoplay-app/src/static/images/70854175.png -> /home/ddurand/fotos/70854175.png
2026-08-21 18:43:10,157 INFO photo_manager - Foto movida: /home/ddurand/proyectos/personal/rpaludoplay-app/src/static/images/71466821.png -> /home/ddurand/fotos/71466821.png
2026-08-21 18:43:10,157 INFO photo_manager - Foto movida: /home/ddurand/proyectos/personal/rpaludoplay-app/src/static/images/47575794.png -> /home/ddurand/fotos/47575794.png
2026-08-21 18:43:10,157 INFO photo_manager - Foto movida: /home/ddurand/proyectos/personal/rpaludoplay-app/src/static/images/76635231.png -> /home/ddurand/fotos/76635231.png
2026-08-21 18:43:10,158 INFO photo_manager - Foto movida: /home/ddurand/proyectos/personal/rpaludoplay-app/src/static/images/32961269.png -> /home/ddurand/fotos/32961269.png
2026-08-21 18:43:10,158 INFO photo_manager - Foto movida: /home/ddurand/proyectos/personal/rpaludoplay-app/src/static/images/46126929.png -> /home/ddurand/fotos/46126929.png
2026-08-21 18:43:10,159 INFO photo_manager - Foto movida: /home/ddurand/proyectos/personal/rpaludoplay-app/src/static/images/76047956.png -> /home/ddurand/fotos/76047956.png
2026-08-21 18:43:10,159 INFO photo_manager - Foto movida: /home/ddurand/proyectos/personal/rpaludoplay-app/src/static/images/09995951.png -> /home/ddurand/fotos/09995951.png
2026-08-21 18:43:10,160 INFO photo_manager - Foto movida: /home/ddurand/proyectos/personal/rpaludoplay-app/src/static/images/002501996.png -> /home/ddurand/fotos/002501996.png
2026-08-21 18:43:10,160 INFO photo_manager - Foto movida: /home/ddurand/proyectos/personal/rpaludoplay-app/src/static/images/63371524.png -> /home/ddurand/fotos/63371524.png
2026-08-21 18:43:10,160 INFO photo_manager - Foto movida: /home/ddurand/proyectos/personal/rpaludoplay-app/src/static/images/77337485.png -> /home/ddurand/fotos/77337485.png
2026-08-21 18:43:10,161 INFO photo_manager - Foto movida: /home/ddurand/proyectos/personal/rpaludoplay-app/src/static/images/40807532.png -> /home/ddurand/fotos/40807532.png
2026-08-21 18:43:10,161 INFO photo_manager - Foto movida: /home/ddurand/proyectos/personal/rpaludoplay-app/src/static/images/48146847.png -> /home/ddurand/fotos/48146847.png
2026-08-21 18:43:10,162 INFO photo_manager - Foto movida: /home/ddurand/proyectos/personal/rpaludoplay-app/src/static/images/71655797.png -> /home/ddurand/fotos/71655797.png
2026-08-21 18:43:10,162 INFO photo_manager - Foto movida: /home/ddurand/proyectos/personal/rpaludoplay-app/src/static/images/40102143.png -> /home/ddurand/fotos/40102143.png
2026-08-21 18:43:10,162 INFO photo_manager - Foto movida: /home/ddurand/proyectos/personal/rpaludoplay-app/src/static/images/10080492.png -> /home/ddurand/fotos/10080492.png
2026-08-21 18:43:10,162 INFO photo_manager - Foto movida: /home/ddurand/proyectos/personal/rpaludoplay-app/src/static/images/75417071.png -> /home/ddurand/fotos/75417071.png
2026-08-21 18:43:10,163 INFO photo_manager - Foto movida: /home/ddurand/proyectos/personal/rpaludoplay-app/src/static/images/72618283.png -> /home/ddurand/fotos/72618283.png
2026-08-21 18:43:10,163 INFO photo_manager - Foto movida: /home/ddurand/proyectos/personal/rpaludoplay-app/src/static/images/45491044.png -> /home/ddurand/fotos/45491044.png
2026-08-21 18:43:10,163 INFO photo_manager - Foto movida: /home/ddurand/proyectos/personal/rpaludoplay-app/src/static/images/29579908.png -> /home/ddurand/fotos/29579908.png
2026-08-21 18:43:10,163 INFO photo_manager - Foto movida: /home/ddurand/proyectos/personal/rpaludoplay-app/src/static/images/77392171.png -> /home/ddurand/fotos/77392171.png
2026-08-21 18:43:10,164 INFO photo_manager - Foto movida: /home/ddurand/proyectos/personal/rpaludoplay-app/src/static/images/76339436.png -> /home/ddurand/fotos/76339436.png
2026-08-21 18:43:10,164 INFO photo_manager - Foto movida: /home/ddurand/proyectos/personal/rpaludoplay-app/src/static/images/76513984.png -> /home/ddurand/fotos/76513984.png
2026-08-21 18:43:10,164 INFO photo_manager - Foto movida: /home/ddurand/proyectos/personal/rpaludoplay-app/src/static/images/48620916.png -> /home/ddurand/fotos/48620916.png
2026-08-21 18:43:10,164 INFO photo_manager - Foto movida: /home/ddurand/proyectos/personal/rpaludoplay-app/src/static/images/10357046.png -> /home/ddurand/fotos/10357046.png
2026-08-21 18:43:10,165 INFO photo_manager - Foto movida: /home/ddurand/proyectos/personal/rpaludoplay-app/src/static/images/41851758.png -> /home/ddurand/fotos/41851758.png
2026-08-21 18:43:10,165 INFO photo_manager - Foto movida: /home/ddurand/proyectos/personal/rpaludoplay-app/src/static/images/46215427.png -> /home/ddurand/fotos/46215427.png
2026-08-21 18:43:10,165 INFO photo_manager - Foto movida: /home/ddurand/proyectos/personal/rpaludoplay-app/src/static/images/06766658.png -> /home/ddurand/fotos/06766658.png
2026-08-21 18:43:10,165 INFO photo_manager - Foto movida: /home/ddurand/proyectos/personal/rpaludoplay-app/src/static/images/74714332.png -> /home/ddurand/fotos/74714332.png
2026-08-21 18:43:10,166 INFO photo_manager - Foto movida: /home/ddurand/proyectos/personal/rpaludoplay-app/src/static/images/74722993.png -> /home/ddurand/fotos/74722993.png
2026-08-21 18:43:10,166 INFO photo_manager - Foto movida: /home/ddurand/proyectos/personal/rpaludoplay-app/src/static/images/77165272.png -> /home/ddurand/fotos/77165272.png
2026-08-21 18:43:10,166 INFO photo_manager - Foto movida: /home/ddurand/proyectos/personal/rpaludoplay-app/src/static/images/75479650.png -> /home/ddurand/fotos/75479650.png
2026-08-21 18:43:10,167 INFO photo_manager - Foto movida: /home/ddurand/proyectos/personal/rpaludoplay-app/src/static/images/76700061.png -> /home/ddurand/fotos/76700061.png
2026-08-21 18:43:10,167 INFO photo_manager - Foto movida: /home/ddurand/proyectos/personal/rpaludoplay-app/src/static/images/09930734.png -> /home/ddurand/fotos/09930734.png
2026-08-21 18:43:10,168 INFO photo_manager - Foto movida: /home/ddurand/proyectos/personal/rpaludoplay-app/src/static/images/73626329.png -> /home/ddurand/fotos/73626329.png
2026-08-21 18:43:10,168 INFO photo_manager - Foto movida: /home/ddurand/proyectos/personal/rpaludoplay-app/src/static/images/74283505.png -> /home/ddurand/fotos/74283505.png
2026-08-21 18:43:10,168 INFO photo_manager - Foto movida: /home/ddurand/proyectos/personal/rpaludoplay-app/src/static/images/71381787.png -> /home/ddurand/fotos/71381787.png
2026-08-21 18:43:10,169 INFO photo_manager - Foto movida: /home/ddurand/proyectos/personal/rpaludoplay-app/src/static/images/23999765.png -> /home/ddurand/fotos/23999765.png
2026-08-21 18:43:10,169 INFO photo_manager - Foto movida: /home/ddurand/proyectos/personal/rpaludoplay-app/src/static/images/45821211.png -> /home/ddurand/fotos/45821211.png
2026-08-21 18:43:10,170 INFO photo_manager - Foto movida: /home/ddurand/proyectos/personal/rpaludoplay-app/src/static/images/44524977.png -> /home/ddurand/fotos/44524977.png
2026-08-21 18:43:10,170 INFO photo_manager - Foto movida: /home/ddurand/proyectos/personal/rpaludoplay-app/src/static/images/63381392.png -> /home/ddurand/fotos/63381392.png
2026-08-21 18:43:10,170 INFO photo_manager - Foto movida: /home/ddurand/proyectos/personal/rpaludoplay-app/src/static/images/48699368.png -> /home/ddurand/fotos/48699368.png
2026-08-21 18:43:10,171 INFO photo_manager - Foto movida: /home/ddurand/proyectos/personal/rpaludoplay-app/src/static/images/16752608.png -> /home/ddurand/fotos/16752608.png
2026-08-21 18:43:10,171 INFO photo_manager - Foto movida: /home/ddurand/proyectos/personal/rpaludoplay-app/src/static/images/72803125.png -> /home/ddurand/fotos/72803125.png
2026-08-21 18:43:10,172 INFO photo_manager - Foto movida: /home/ddurand/proyectos/personal/rpaludoplay-app/src/static/images/72897875.png -> /home/ddurand/fotos/72897875.png
2026-08-21 18:43:10,172 INFO photo_manager - Foto movida: /home/ddurand/proyectos/personal/rpaludoplay-app/src/static/images/32299322.png -> /home/ddurand/fotos/32299322.png
2026-08-21 18:43:10,172 INFO photo_manager - Foto movida: /home/ddurand/proyectos/personal/rpaludoplay-app/src/static/images/72705829.png -> /home/ddurand/fotos/72705829.png
2026-08-21 18:43:10,172 INFO photo_manager - Foto movida: /home/ddurand/proyectos/personal/rpaludoplay-app/src/static/images/72751151.png -> /home/ddurand/fotos/72751151.png
2026-08-21 18:43:10,173 INFO photo_manager - Foto movida: /home/ddurand/proyectos/personal/rpaludoplay-app/src/static/images/71063192.png -> /home/ddurand/fotos/71063192.png
2026-08-21 18:43:10,173 INFO photo_manager - Foto movida: /home/ddurand/proyectos/personal/rpaludoplay-app/src/static/images/72206249.png -> /home/ddurand/fotos/72206249.png
2026-08-21 18:43:10,173 INFO photo_manager - Foto movida: /home/ddurand/proyectos/personal/rpaludoplay-app/src/static/images/42597740.png -> /home/ddurand/fotos/42597740.png
2026-08-21 18:43:10,173 INFO photo_manager - Foto movida: /home/ddurand/proyectos/personal/rpaludoplay-app/src/static/images/74211604.png -> /home/ddurand/fotos/74211604.png
2026-08-21 18:43:10,174 INFO photo_manager - Foto movida: /home/ddurand/proyectos/personal/rpaludoplay-app/src/static/images/75108180.png -> /home/ddurand/fotos/75108180.png
2026-08-21 18:43:10,174 INFO photo_manager - Foto movida: /home/ddurand/proyectos/personal/rpaludoplay-app/src/static/images/72877648.png -> /home/ddurand/fotos/72877648.png
2026-08-21 18:43:10,174 INFO photo_manager - Foto movida: /home/ddurand/proyectos/personal/rpaludoplay-app/src/static/images/42607791.png -> /home/ddurand/fotos/42607791.png
2026-08-21 18:43:10,174 INFO photo_manager - Foto movida: /home/ddurand/proyectos/personal/rpaludoplay-app/src/static/images/002354811.png -> /home/ddurand/fotos/002354811.png
2026-08-21 18:43:10,175 INFO photo_manager - Foto movida: /home/ddurand/proyectos/personal/rpaludoplay-app/src/static/images/71918517.png -> /home/ddurand/fotos/71918517.png
2026-08-21 18:43:10,175 INFO photo_manager - Foto movida: /home/ddurand/proyectos/personal/rpaludoplay-app/src/static/images/40504243.png -> /home/ddurand/fotos/40504243.png
2026-08-21 18:43:10,175 INFO photo_manager - Foto movida: /home/ddurand/proyectos/personal/rpaludoplay-app/src/static/images/43090899.png -> /home/ddurand/fotos/43090899.png
2026-08-21 18:43:10,175 INFO photo_manager - Foto movida: /home/ddurand/proyectos/personal/rpaludoplay-app/src/static/images/02657226.png -> /home/ddurand/fotos/02657226.png
2026-08-21 18:43:10,176 INFO photo_manager - Foto movida: /home/ddurand/proyectos/personal/rpaludoplay-app/src/static/images/000120173.png -> /home/ddurand/fotos/000120173.png
2026-08-21 18:43:10,176 INFO photo_manager - Foto movida: /home/ddurand/proyectos/personal/rpaludoplay-app/src/static/images/46189636.png -> /home/ddurand/fotos/46189636.png
2026-08-21 18:43:10,176 INFO photo_manager - Foto movida: /home/ddurand/proyectos/personal/rpaludoplay-app/src/static/images/29517480.png -> /home/ddurand/fotos/29517480.png
2026-08-21 18:43:10,177 INFO photo_manager - Foto movida: /home/ddurand/proyectos/personal/rpaludoplay-app/src/static/images/74363274.png -> /home/ddurand/fotos/74363274.png
2026-08-21 18:43:10,177 INFO photo_manager - Foto movida: /home/ddurand/proyectos/personal/rpaludoplay-app/src/static/images/71257884.png -> /home/ddurand/fotos/71257884.png
2026-08-21 18:43:10,177 INFO photo_manager - Foto movida: /home/ddurand/proyectos/personal/rpaludoplay-app/src/static/images/21126096.png -> /home/ddurand/fotos/21126096.png
2026-08-21 18:43:10,178 INFO photo_manager - Foto movida: /home/ddurand/proyectos/personal/rpaludoplay-app/src/static/images/80383939.png -> /home/ddurand/fotos/80383939.png
2026-08-21 18:43:10,178 INFO photo_manager - Foto movida: /home/ddurand/proyectos/personal/rpaludoplay-app/src/static/images/40165831.png -> /home/ddurand/fotos/40165831.png
2026-08-21 18:43:10,179 INFO photo_manager - Foto movida: /home/ddurand/proyectos/personal/rpaludoplay-app/src/static/images/42167861.png -> /home/ddurand/fotos/42167861.png
2026-08-21 18:43:10,179 INFO photo_manager - Foto movida: /home/ddurand/proyectos/personal/rpaludoplay-app/src/static/images/47604117.png -> /home/ddurand/fotos/47604117.png
2026-08-21 18:43:10,180 INFO photo_manager - Foto movida: /home/ddurand/proyectos/personal/rpaludoplay-app/src/static/images/45867426.png -> /home/ddurand/fotos/45867426.png
2026-08-21 18:43:10,180 INFO photo_manager - Foto movida: /home/ddurand/proyectos/personal/rpaludoplay-app/src/static/images/70365868.png -> /home/ddurand/fotos/70365868.png
2026-08-21 18:43:10,180 INFO photo_manager - Foto movida: /home/ddurand/proyectos/personal/rpaludoplay-app/src/static/images/07589998.png -> /home/ddurand/fotos/07589998.png
2026-08-21 18:43:10,181 INFO photo_manager - Foto movida: /home/ddurand/proyectos/personal/rpaludoplay-app/src/static/images/44513805.png -> /home/ddurand/fotos/44513805.png
2026-08-21 18:43:10,181 INFO photo_manager - Foto movida: /home/ddurand/proyectos/personal/rpaludoplay-app/src/static/images/08588036.png -> /home/ddurand/fotos/08588036.png
2026-08-21 18:43:10,181 INFO photo_manager - Foto movida: /home/ddurand/proyectos/personal/rpaludoplay-app/src/static/images/75083841.png -> /home/ddurand/fotos/75083841.png
2026-08-21 18:43:10,181 INFO photo_manager - Foto movida: /home/ddurand/proyectos/personal/rpaludoplay-app/src/static/images/23268966.png -> /home/ddurand/fotos/23268966.png
2026-08-21 18:43:10,182 INFO photo_manager - Foto movida: /home/ddurand/proyectos/personal/rpaludoplay-app/src/static/images/10542189.png -> /home/ddurand/fotos/10542189.png
2026-08-21 18:43:10,182 INFO photo_manager - Foto movida: /home/ddurand/proyectos/personal/rpaludoplay-app/src/static/images/71612970.png -> /home/ddurand/fotos/71612970.png
2026-08-21 18:43:10,182 INFO photo_manager - Foto movida: /home/ddurand/proyectos/personal/rpaludoplay-app/src/static/images/70900467.png -> /home/ddurand/fotos/70900467.png
2026-08-21 18:43:10,182 INFO photo_manager - Foto movida: /home/ddurand/proyectos/personal/rpaludoplay-app/src/static/images/41039170.png -> /home/ddurand/fotos/41039170.png
2026-08-21 18:43:10,183 INFO photo_manager - Foto movida: /home/ddurand/proyectos/personal/rpaludoplay-app/src/static/images/47371453.png -> /home/ddurand/fotos/47371453.png
2026-08-21 18:43:10,183 INFO photo_manager - Foto movida: /home/ddurand/proyectos/personal/rpaludoplay-app/src/static/images/74082415.png -> /home/ddurand/fotos/74082415.png
2026-08-21 18:43:10,183 INFO photo_manager - Foto movida: /home/ddurand/proyectos/personal/rpaludoplay-app/src/static/images/08131734.png -> /home/ddurand/fotos/08131734.png
2026-08-21 18:43:10,183 INFO photo_manager - Foto movida: /home/ddurand/proyectos/personal/rpaludoplay-app/src/static/images/71031632.png -> /home/ddurand/fotos/71031632.png
2026-08-21 18:43:10,184 INFO photo_manager - Foto movida: /home/ddurand/proyectos/personal/rpaludoplay-app/src/static/images/74695654.png -> /home/ddurand/fotos/74695654.png
2026-08-21 18:43:10,184 INFO photo_manager - Foto movida: /home/ddurand/proyectos/personal/rpaludoplay-app/src/static/images/09823717.png -> /home/ddurand/fotos/09823717.png
2026-08-21 18:43:10,184 INFO photo_manager - Foto movida: /home/ddurand/proyectos/personal/rpaludoplay-app/src/static/images/40143297.png -> /home/ddurand/fotos/40143297.png
2026-08-21 18:43:10,184 INFO photo_manager - Foto movida: /home/ddurand/proyectos/personal/rpaludoplay-app/src/static/images/09675555.png -> /home/ddurand/fotos/09675555.png
2026-08-21 18:43:10,185 INFO photo_manager - Foto movida: /home/ddurand/proyectos/personal/rpaludoplay-app/src/static/images/76965402.png -> /home/ddurand/fotos/76965402.png
2026-08-21 18:43:10,185 INFO photo_manager - Foto movida: /home/ddurand/proyectos/personal/rpaludoplay-app/src/static/images/09881606.png -> /home/ddurand/fotos/09881606.png
2026-08-21 18:43:10,185 INFO photo_manager - Foto movida: /home/ddurand/proyectos/personal/rpaludoplay-app/src/static/images/74809354.png -> /home/ddurand/fotos/74809354.png
2026-08-21 18:43:10,186 INFO photo_manager - Foto movida: /home/ddurand/proyectos/personal/rpaludoplay-app/src/static/images/45662842.png -> /home/ddurand/fotos/45662842.png
2026-08-21 18:43:10,186 INFO photo_manager - Foto movida: /home/ddurand/proyectos/personal/rpaludoplay-app/src/static/images/40485137.png -> /home/ddurand/fotos/40485137.png
2026-08-21 18:43:10,186 INFO photo_manager - Foto movida: /home/ddurand/proyectos/personal/rpaludoplay-app/src/static/images/74939599.png -> /home/ddurand/fotos/74939599.png
2026-08-21 18:43:10,187 INFO photo_manager - Foto movida: /home/ddurand/proyectos/personal/rpaludoplay-app/src/static/images/45277594.png -> /home/ddurand/fotos/45277594.png
2026-08-21 18:43:10,187 INFO photo_manager - Foto movida: /home/ddurand/proyectos/personal/rpaludoplay-app/src/static/images/40823887.png -> /home/ddurand/fotos/40823887.png
2026-08-21 18:43:10,187 INFO photo_manager - Foto movida: /home/ddurand/proyectos/personal/rpaludoplay-app/src/static/images/75385512.png -> /home/ddurand/fotos/75385512.png
2026-08-21 18:43:10,187 INFO photo_manager - Foto movida: /home/ddurand/proyectos/personal/rpaludoplay-app/src/static/images/46990312.png -> /home/ddurand/fotos/46990312.png
2026-08-21 18:43:10,187 INFO photo_manager - Foto movida: /home/ddurand/proyectos/personal/rpaludoplay-app/src/static/images/80677596.png -> /home/ddurand/fotos/80677596.png
2026-08-21 18:43:10,188 INFO photo_manager - Foto movida: /home/ddurand/proyectos/personal/rpaludoplay-app/src/static/images/70863038.png -> /home/ddurand/fotos/70863038.png
2026-08-21 18:43:10,188 INFO photo_manager - Foto movida: /home/ddurand/proyectos/personal/rpaludoplay-app/src/static/images/44413068.png -> /home/ddurand/fotos/44413068.png
2026-08-21 18:43:10,188 INFO photo_manager - Foto movida: /home/ddurand/proyectos/personal/rpaludoplay-app/src/static/images/15433498.png -> /home/ddurand/fotos/15433498.png
2026-08-21 18:43:10,189 INFO photo_manager - Foto movida: /home/ddurand/proyectos/personal/rpaludoplay-app/src/static/images/75171023.png -> /home/ddurand/fotos/75171023.png
2026-08-21 18:43:10,189 INFO photo_manager - Foto movida: /home/ddurand/proyectos/personal/rpaludoplay-app/src/static/images/47959089.png -> /home/ddurand/fotos/47959089.png
2026-08-21 18:43:10,189 INFO photo_manager - Foto movida: /home/ddurand/proyectos/personal/rpaludoplay-app/src/static/images/73234167.png -> /home/ddurand/fotos/73234167.png
2026-08-21 18:43:10,189 INFO photo_manager - Foto movida: /home/ddurand/proyectos/personal/rpaludoplay-app/src/static/images/29515200.png -> /home/ddurand/fotos/29515200.png
2026-08-21 18:43:10,190 INFO photo_manager - Foto movida: /home/ddurand/proyectos/personal/rpaludoplay-app/src/static/images/09558054.png -> /home/ddurand/fotos/09558054.png
2026-08-21 18:43:10,190 INFO photo_manager - Foto movida: /home/ddurand/proyectos/personal/rpaludoplay-app/src/static/images/76934370.png -> /home/ddurand/fotos/76934370.png
2026-08-21 18:43:10,190 INFO photo_manager - Foto movida: /home/ddurand/proyectos/personal/rpaludoplay-app/src/static/images/70004151.png -> /home/ddurand/fotos/70004151.png
2026-08-21 18:43:10,190 INFO photo_manager - Foto movida: /home/ddurand/proyectos/personal/rpaludoplay-app/src/static/images/71382399.png -> /home/ddurand/fotos/71382399.png
2026-08-21 18:43:10,190 INFO photo_manager - Foto movida: /home/ddurand/proyectos/personal/rpaludoplay-app/src/static/images/42201503.png -> /home/ddurand/fotos/42201503.png
2026-08-21 18:43:10,191 INFO photo_manager - Foto movida: /home/ddurand/proyectos/personal/rpaludoplay-app/src/static/images/60312458.png -> /home/ddurand/fotos/60312458.png
2026-08-21 18:43:10,191 INFO photo_manager - Foto movida: /home/ddurand/proyectos/personal/rpaludoplay-app/src/static/images/20028024.png -> /home/ddurand/fotos/20028024.png
2026-08-21 18:43:10,191 INFO photo_manager - Foto movida: /home/ddurand/proyectos/personal/rpaludoplay-app/src/static/images/80364070.png -> /home/ddurand/fotos/80364070.png
2026-08-21 18:43:10,191 INFO photo_manager - Foto movida: /home/ddurand/proyectos/personal/rpaludoplay-app/src/static/images/71957205.png -> /home/ddurand/fotos/71957205.png
2026-08-21 18:43:10,192 INFO photo_manager - Foto movida: /home/ddurand/proyectos/personal/rpaludoplay-app/src/static/images/42574559.png -> /home/ddurand/fotos/42574559.png
2026-08-21 18:43:10,192 INFO photo_manager - Foto movida: /home/ddurand/proyectos/personal/rpaludoplay-app/src/static/images/44161902.png -> /home/ddurand/fotos/44161902.png
2026-08-21 18:43:10,192 INFO photo_manager - Foto movida: /home/ddurand/proyectos/personal/rpaludoplay-app/src/static/images/46394984.png -> /home/ddurand/fotos/46394984.png
2026-08-21 18:43:10,192 INFO photo_manager - Foto movida: /home/ddurand/proyectos/personal/rpaludoplay-app/src/static/images/76347098.png -> /home/ddurand/fotos/76347098.png
2026-08-21 18:43:10,192 INFO photo_manager - Foto movida: /home/ddurand/proyectos/personal/rpaludoplay-app/src/static/images/09850736.png -> /home/ddurand/fotos/09850736.png
2026-08-21 18:43:10,193 INFO photo_manager - Foto movida: /home/ddurand/proyectos/personal/rpaludoplay-app/src/static/images/48173804.png -> /home/ddurand/fotos/48173804.png
2026-08-21 18:43:10,193 INFO photo_manager - Foto movida: /home/ddurand/proyectos/personal/rpaludoplay-app/src/static/images/47791548.png -> /home/ddurand/fotos/47791548.png
2026-08-21 18:43:10,193 INFO photo_manager - Foto movida: /home/ddurand/proyectos/personal/rpaludoplay-app/src/static/images/61701019.png -> /home/ddurand/fotos/61701019.png
2026-08-21 18:43:10,194 INFO photo_manager - Foto movida: /home/ddurand/proyectos/personal/rpaludoplay-app/src/static/images/43590607.png -> /home/ddurand/fotos/43590607.png
2026-08-21 18:43:10,194 INFO photo_manager - Foto movida: /home/ddurand/proyectos/personal/rpaludoplay-app/src/static/images/71852359.png -> /home/ddurand/fotos/71852359.png
2026-08-21 18:43:10,194 INFO photo_manager - Foto movida: /home/ddurand/proyectos/personal/rpaludoplay-app/src/static/images/40330871.png -> /home/ddurand/fotos/40330871.png
2026-08-21 18:43:10,195 INFO photo_manager - Foto movida: /home/ddurand/proyectos/personal/rpaludoplay-app/src/static/images/42822095.png -> /home/ddurand/fotos/42822095.png
2026-08-21 18:43:10,195 INFO photo_manager - Foto movida: /home/ddurand/proyectos/personal/rpaludoplay-app/src/static/images/43330210.png -> /home/ddurand/fotos/43330210.png
2026-08-21 18:43:10,196 INFO photo_manager - Foto movida: /home/ddurand/proyectos/personal/rpaludoplay-app/src/static/images/46224687.png -> /home/ddurand/fotos/46224687.png
2026-08-21 18:43:10,196 INFO photo_manager - Foto movida: /home/ddurand/proyectos/personal/rpaludoplay-app/src/static/images/43456913.png -> /home/ddurand/fotos/43456913.png
2026-08-21 18:43:10,197 INFO photo_manager - Foto movida: /home/ddurand/proyectos/personal/rpaludoplay-app/src/static/images/45028138.png -> /home/ddurand/fotos/45028138.png
2026-08-21 18:43:10,197 INFO photo_manager - Foto movida: /home/ddurand/proyectos/personal/rpaludoplay-app/src/static/images/77125963.png -> /home/ddurand/fotos/77125963.png
2026-08-21 18:43:10,197 INFO photo_manager - Foto movida: /home/ddurand/proyectos/personal/rpaludoplay-app/src/static/images/40606390.png -> /home/ddurand/fotos/40606390.png
2026-08-21 18:43:10,198 INFO photo_manager - Foto movida: /home/ddurand/proyectos/personal/rpaludoplay-app/src/static/images/09497082.png -> /home/ddurand/fotos/09497082.png
2026-08-21 18:43:10,198 INFO photo_manager - Foto movida: /home/ddurand/proyectos/personal/rpaludoplay-app/src/static/images/60907397.png -> /home/ddurand/fotos/60907397.png
2026-08-21 18:43:10,198 INFO photo_manager - Foto movida: /home/ddurand/proyectos/personal/rpaludoplay-app/src/static/images/75446616.png -> /home/ddurand/fotos/75446616.png
2026-08-21 18:43:10,199 INFO photo_manager - Foto movida: /home/ddurand/proyectos/personal/rpaludoplay-app/src/static/images/45128721.png -> /home/ddurand/fotos/45128721.png
2026-08-21 18:43:10,199 INFO photo_manager - Foto movida: /home/ddurand/proyectos/personal/rpaludoplay-app/src/static/images/75707803.png -> /home/ddurand/fotos/75707803.png
2026-08-21 18:43:10,199 INFO photo_manager - Foto movida: /home/ddurand/proyectos/personal/rpaludoplay-app/src/static/images/73246547.png -> /home/ddurand/fotos/73246547.png
2026-08-21 18:43:10,200 INFO photo_manager - Foto movida: /home/ddurand/proyectos/personal/rpaludoplay-app/src/static/images/40638291.png -> /home/ddurand/fotos/40638291.png
2026-08-21 18:43:10,200 INFO photo_manager - Foto movida: /home/ddurand/proyectos/personal/rpaludoplay-app/src/static/images/42761375.png -> /home/ddurand/fotos/42761375.png
2026-08-21 18:43:10,200 INFO photo_manager - Foto movida: /home/ddurand/proyectos/personal/rpaludoplay-app/src/static/images/43838781.png -> /home/ddurand/fotos/43838781.png
2026-08-21 18:43:10,201 INFO photo_manager - Foto movida: /home/ddurand/proyectos/personal/rpaludoplay-app/src/static/images/29645066.png -> /home/ddurand/fotos/29645066.png
2026-08-21 18:43:10,201 INFO photo_manager - Foto movida: /home/ddurand/proyectos/personal/rpaludoplay-app/src/static/images/73093677.png -> /home/ddurand/fotos/73093677.png
2026-08-21 18:43:10,203 INFO photo_manager - Foto movida: /home/ddurand/proyectos/personal/rpaludoplay-app/src/static/images/42123676.png -> /home/ddurand/fotos/42123676.png
2026-08-21 18:43:10,203 INFO photo_manager - Foto movida: /home/ddurand/proyectos/personal/rpaludoplay-app/src/static/images/46702595.png -> /home/ddurand/fotos/46702595.png
2026-08-21 18:43:10,203 INFO photo_manager - Foto movida: /home/ddurand/proyectos/personal/rpaludoplay-app/src/static/images/08890435.png -> /home/ddurand/fotos/08890435.png
2026-08-21 18:43:10,204 INFO photo_manager - Foto movida: /home/ddurand/proyectos/personal/rpaludoplay-app/src/static/images/77055027.png -> /home/ddurand/fotos/77055027.png
2026-08-21 18:43:10,204 INFO photo_manager - Foto movida: /home/ddurand/proyectos/personal/rpaludoplay-app/src/static/images/78007370.png -> /home/ddurand/fotos/78007370.png
2026-08-21 18:43:10,205 INFO photo_manager - Foto movida: /home/ddurand/proyectos/personal/rpaludoplay-app/src/static/images/77203885.png -> /home/ddurand/fotos/77203885.png
2026-08-21 18:43:10,205 INFO photo_manager - Foto movida: /home/ddurand/proyectos/personal/rpaludoplay-app/src/static/images/72204830.png -> /home/ddurand/fotos/72204830.png
2026-08-21 18:43:10,205 INFO photo_manager - Foto movida: /home/ddurand/proyectos/personal/rpaludoplay-app/src/static/images/45477152.png -> /home/ddurand/fotos/45477152.png
2026-08-21 18:43:10,206 INFO photo_manager - Foto movida: /home/ddurand/proyectos/personal/rpaludoplay-app/src/static/images/44914429.png -> /home/ddurand/fotos/44914429.png
2026-08-21 18:43:10,206 INFO photo_manager - Foto movida: /home/ddurand/proyectos/personal/rpaludoplay-app/src/static/images/47325274.png -> /home/ddurand/fotos/47325274.png
2026-08-21 18:43:10,207 INFO photo_manager - Foto movida: /home/ddurand/proyectos/personal/rpaludoplay-app/src/static/images/40950285.png -> /home/ddurand/fotos/40950285.png
2026-08-21 18:43:10,207 INFO photo_manager - Foto movida: /home/ddurand/proyectos/personal/rpaludoplay-app/src/static/images/46310382.png -> /home/ddurand/fotos/46310382.png
2026-08-21 18:43:10,208 INFO photo_manager - Foto movida: /home/ddurand/proyectos/personal/rpaludoplay-app/src/static/images/001528477.png -> /home/ddurand/fotos/001528477.png
2026-08-21 18:43:10,208 INFO photo_manager - Foto movida: /home/ddurand/proyectos/personal/rpaludoplay-app/src/static/images/16498985.png -> /home/ddurand/fotos/16498985.png
2026-08-21 18:43:10,208 INFO photo_manager - Foto movida: /home/ddurand/proyectos/personal/rpaludoplay-app/src/static/images/43272004.png -> /home/ddurand/fotos/43272004.png
2026-08-21 18:43:10,209 INFO photo_manager - Foto movida: /home/ddurand/proyectos/personal/rpaludoplay-app/src/static/images/74640408.png -> /home/ddurand/fotos/74640408.png
2026-08-21 18:43:10,209 INFO photo_manager - Foto movida: /home/ddurand/proyectos/personal/rpaludoplay-app/src/static/images/70525485.png -> /home/ddurand/fotos/70525485.png
2026-08-21 18:43:10,210 INFO photo_manager - Foto movida: /home/ddurand/proyectos/personal/rpaludoplay-app/src/static/images/76861685.png -> /home/ddurand/fotos/76861685.png
2026-08-21 18:43:10,210 INFO photo_manager - Foto movida: /home/ddurand/proyectos/personal/rpaludoplay-app/src/static/images/74901532.png -> /home/ddurand/fotos/74901532.png
2026-08-21 18:43:10,210 INFO photo_manager - Foto movida: /home/ddurand/proyectos/personal/rpaludoplay-app/src/static/images/72443961.png -> /home/ddurand/fotos/72443961.png
2026-08-21 18:43:10,210 INFO photo_manager - Foto movida: /home/ddurand/proyectos/personal/rpaludoplay-app/src/static/images/06138889.png -> /home/ddurand/fotos/06138889.png
2026-08-21 18:43:10,211 INFO photo_manager - Foto movida: /home/ddurand/proyectos/personal/rpaludoplay-app/src/static/images/00246132.png -> /home/ddurand/fotos/00246132.png
2026-08-21 18:43:10,211 INFO photo_manager - Foto movida: /home/ddurand/proyectos/personal/rpaludoplay-app/src/static/images/75204259.png -> /home/ddurand/fotos/75204259.png
2026-08-21 18:43:10,211 INFO photo_manager - Foto movida: /home/ddurand/proyectos/personal/rpaludoplay-app/src/static/images/71690067.png -> /home/ddurand/fotos/71690067.png
2026-08-21 18:43:10,211 INFO photo_manager - Foto movida: /home/ddurand/proyectos/personal/rpaludoplay-app/src/static/images/008491501.png -> /home/ddurand/fotos/008491501.png
2026-08-21 18:43:10,212 INFO photo_manager - Foto movida: /home/ddurand/proyectos/personal/rpaludoplay-app/src/static/images/73816147.png -> /home/ddurand/fotos/73816147.png
2026-08-21 18:43:10,212 INFO photo_manager - Foto movida: /home/ddurand/proyectos/personal/rpaludoplay-app/src/static/images/70476131.png -> /home/ddurand/fotos/70476131.png
2026-08-21 18:43:10,212 INFO photo_manager - Foto movida: /home/ddurand/proyectos/personal/rpaludoplay-app/src/static/images/75204292.png -> /home/ddurand/fotos/75204292.png
2026-08-21 18:43:10,212 INFO photo_manager - Foto movida: /home/ddurand/proyectos/personal/rpaludoplay-app/src/static/images/43705323.png -> /home/ddurand/fotos/43705323.png
2026-08-21 18:43:10,213 INFO photo_manager - Foto movida: /home/ddurand/proyectos/personal/rpaludoplay-app/src/static/images/72518937.png -> /home/ddurand/fotos/72518937.png
2026-08-21 18:43:10,213 INFO photo_manager - Foto movida: /home/ddurand/proyectos/personal/rpaludoplay-app/src/static/images/18122715.png -> /home/ddurand/fotos/18122715.png
2026-08-21 18:43:10,213 INFO photo_manager - Foto movida: /home/ddurand/proyectos/personal/rpaludoplay-app/src/static/images/43702028.png -> /home/ddurand/fotos/43702028.png
2026-08-21 18:43:10,214 INFO photo_manager - Foto movida: /home/ddurand/proyectos/personal/rpaludoplay-app/src/static/images/71140769.png -> /home/ddurand/fotos/71140769.png
2026-08-21 18:43:10,214 INFO photo_manager - Foto movida: /home/ddurand/proyectos/personal/rpaludoplay-app/src/static/images/75356389.png -> /home/ddurand/fotos/75356389.png
2026-08-21 18:43:10,214 INFO photo_manager - Foto movida: /home/ddurand/proyectos/personal/rpaludoplay-app/src/static/images/005982608.png -> /home/ddurand/fotos/005982608.png
2026-08-21 18:43:10,215 INFO photo_manager - Foto movida: /home/ddurand/proyectos/personal/rpaludoplay-app/src/static/images/73258212.png -> /home/ddurand/fotos/73258212.png
2026-08-21 18:43:10,215 INFO photo_manager - Foto movida: /home/ddurand/proyectos/personal/rpaludoplay-app/src/static/images/21885011.png -> /home/ddurand/fotos/21885011.png
2026-08-21 18:43:10,215 INFO photo_manager - Foto movida: /home/ddurand/proyectos/personal/rpaludoplay-app/src/static/images/44993920.png -> /home/ddurand/fotos/44993920.png
2026-08-21 18:43:10,216 INFO photo_manager - Foto movida: /home/ddurand/proyectos/personal/rpaludoplay-app/src/static/images/25673124.png -> /home/ddurand/fotos/25673124.png
2026-08-21 18:43:10,216 INFO photo_manager - Foto movida: /home/ddurand/proyectos/personal/rpaludoplay-app/src/static/images/75683649.png -> /home/ddurand/fotos/75683649.png
2026-08-21 18:43:10,217 INFO photo_manager - Foto movida: /home/ddurand/proyectos/personal/rpaludoplay-app/src/static/images/71283562.png -> /home/ddurand/fotos/71283562.png
2026-08-21 18:43:10,217 INFO photo_manager - Foto movida: /home/ddurand/proyectos/personal/rpaludoplay-app/src/static/images/47121166.png -> /home/ddurand/fotos/47121166.png
2026-08-21 18:43:10,217 INFO photo_manager - Foto movida: /home/ddurand/proyectos/personal/rpaludoplay-app/src/static/images/08056952.png -> /home/ddurand/fotos/08056952.png
2026-08-21 18:43:10,218 INFO photo_manager - Foto movida: /home/ddurand/proyectos/personal/rpaludoplay-app/src/static/images/48285887.png -> /home/ddurand/fotos/48285887.png
2026-08-21 18:43:10,218 INFO photo_manager - Foto movida: /home/ddurand/proyectos/personal/rpaludoplay-app/src/static/images/43631763.png -> /home/ddurand/fotos/43631763.png
2026-08-21 18:43:10,218 INFO photo_manager - Foto movida: /home/ddurand/proyectos/personal/rpaludoplay-app/src/static/images/75115556.png -> /home/ddurand/fotos/75115556.png
2026-08-21 18:43:10,219 INFO photo_manager - Foto movida: /home/ddurand/proyectos/personal/rpaludoplay-app/src/static/images/07920306.png -> /home/ddurand/fotos/07920306.png
2026-08-21 18:43:10,219 INFO photo_manager - Foto movida: /home/ddurand/proyectos/personal/rpaludoplay-app/src/static/images/74315530.png -> /home/ddurand/fotos/74315530.png
2026-08-21 18:43:10,220 INFO photo_manager - Foto movida: /home/ddurand/proyectos/personal/rpaludoplay-app/src/static/images/000469478.png -> /home/ddurand/fotos/000469478.png
2026-08-21 18:43:10,220 INFO photo_manager - Foto movida: /home/ddurand/proyectos/personal/rpaludoplay-app/src/static/images/33262814.png -> /home/ddurand/fotos/33262814.png
2026-08-21 18:43:10,221 INFO photo_manager - Foto movida: /home/ddurand/proyectos/personal/rpaludoplay-app/src/static/images/30589447.png -> /home/ddurand/fotos/30589447.png
2026-08-21 18:43:10,221 INFO photo_manager - Foto movida: /home/ddurand/proyectos/personal/rpaludoplay-app/src/static/images/06141249.png -> /home/ddurand/fotos/06141249.png
2026-08-21 18:43:10,222 INFO photo_manager - Foto movida: /home/ddurand/proyectos/personal/rpaludoplay-app/src/static/images/001766136.png -> /home/ddurand/fotos/001766136.png
2026-08-21 18:43:10,222 INFO photo_manager - Foto movida: /home/ddurand/proyectos/personal/rpaludoplay-app/src/static/images/44981600.png -> /home/ddurand/fotos/44981600.png
2026-08-21 18:43:10,222 INFO photo_manager - Foto movida: /home/ddurand/proyectos/personal/rpaludoplay-app/src/static/images/44361306.png -> /home/ddurand/fotos/44361306.png
2026-08-21 18:43:10,223 INFO photo_manager - Foto movida: /home/ddurand/proyectos/personal/rpaludoplay-app/src/static/images/40765541.png -> /home/ddurand/fotos/40765541.png
2026-08-21 18:43:10,223 INFO photo_manager - Foto movida: /home/ddurand/proyectos/personal/rpaludoplay-app/src/static/images/10797431.png -> /home/ddurand/fotos/10797431.png
2026-08-21 18:43:10,224 INFO photo_manager - Foto movida: /home/ddurand/proyectos/personal/rpaludoplay-app/src/static/images/40192822.png -> /home/ddurand/fotos/40192822.png
2026-08-21 18:43:10,224 INFO photo_manager - Foto movida: /home/ddurand/proyectos/personal/rpaludoplay-app/src/static/images/62202663.png -> /home/ddurand/fotos/62202663.png
2026-08-21 18:43:10,224 INFO photo_manager - Foto movida: /home/ddurand/proyectos/personal/rpaludoplay-app/src/static/images/70619308.png -> /home/ddurand/fotos/70619308.png
2026-08-21 18:43:10,225 INFO photo_manager - Foto movida: /home/ddurand/proyectos/personal/rpaludoplay-app/src/static/images/73346260.png -> /home/ddurand/fotos/73346260.png
2026-08-21 18:43:10,225 INFO photo_manager - Foto movida: /home/ddurand/proyectos/personal/rpaludoplay-app/src/static/images/23879680.png -> /home/ddurand/fotos/23879680.png
2026-08-21 18:43:10,225 INFO photo_manager - Foto movida: /home/ddurand/proyectos/personal/rpaludoplay-app/src/static/images/40997645.png -> /home/ddurand/fotos/40997645.png
2026-08-21 18:43:10,226 INFO photo_manager - Foto movida: /home/ddurand/proyectos/personal/rpaludoplay-app/src/static/images/70614332.png -> /home/ddurand/fotos/70614332.png
2026-08-21 18:43:10,226 INFO photo_manager - Foto movida: /home/ddurand/proyectos/personal/rpaludoplay-app/src/static/images/76213247.png -> /home/ddurand/fotos/76213247.png
2026-08-21 18:43:10,227 INFO photo_manager - Foto movida: /home/ddurand/proyectos/personal/rpaludoplay-app/src/static/images/47030607.png -> /home/ddurand/fotos/47030607.png
2026-08-21 18:43:10,227 INFO photo_manager - Foto movida: /home/ddurand/proyectos/personal/rpaludoplay-app/src/static/images/005934446.png -> /home/ddurand/fotos/005934446.png
2026-08-21 18:43:10,227 INFO photo_manager - Foto movida: /home/ddurand/proyectos/personal/rpaludoplay-app/src/static/images/43203287.png -> /home/ddurand/fotos/43203287.png
2026-08-21 18:43:10,228 INFO photo_manager - Foto movida: /home/ddurand/proyectos/personal/rpaludoplay-app/src/static/images/72842431.png -> /home/ddurand/fotos/72842431.png
2026-08-21 18:43:10,228 INFO photo_manager - Foto movida: /home/ddurand/proyectos/personal/rpaludoplay-app/src/static/images/46950007.png -> /home/ddurand/fotos/46950007.png
2026-08-21 18:43:10,228 INFO photo_manager - Foto movida: /home/ddurand/proyectos/personal/rpaludoplay-app/src/static/images/71141894.png -> /home/ddurand/fotos/71141894.png
2026-08-21 18:43:10,229 INFO photo_manager - Foto movida: /home/ddurand/proyectos/personal/rpaludoplay-app/src/static/images/41275906.png -> /home/ddurand/fotos/41275906.png
2026-08-21 18:43:10,229 INFO photo_manager - Foto movida: /home/ddurand/proyectos/personal/rpaludoplay-app/src/static/images/73237158.png -> /home/ddurand/fotos/73237158.png
2026-08-21 18:43:10,229 INFO photo_manager - Foto movida: /home/ddurand/proyectos/personal/rpaludoplay-app/src/static/images/41898500.png -> /home/ddurand/fotos/41898500.png
2026-08-21 18:43:10,230 INFO photo_manager - Foto movida: /home/ddurand/proyectos/personal/rpaludoplay-app/src/static/images/44200686.png -> /home/ddurand/fotos/44200686.png
2026-08-21 18:43:10,230 INFO photo_manager - Foto movida: /home/ddurand/proyectos/personal/rpaludoplay-app/src/static/images/76216078.png -> /home/ddurand/fotos/76216078.png
2026-08-21 18:43:10,231 INFO photo_manager - Foto movida: /home/ddurand/proyectos/personal/rpaludoplay-app/src/static/images/46969436.png -> /home/ddurand/fotos/46969436.png
2026-08-21 18:43:10,231 INFO photo_manager - Foto movida: /home/ddurand/proyectos/personal/rpaludoplay-app/src/static/images/73379175.png -> /home/ddurand/fotos/73379175.png
2026-08-21 18:43:10,231 INFO photo_manager - Foto movida: /home/ddurand/proyectos/personal/rpaludoplay-app/src/static/images/30962151.png -> /home/ddurand/fotos/30962151.png
2026-08-21 18:43:10,231 INFO photo_manager - Foto movida: /home/ddurand/proyectos/personal/rpaludoplay-app/src/static/images/71799837.png -> /home/ddurand/fotos/71799837.png
2026-08-21 18:43:10,232 INFO photo_manager - Foto movida: /home/ddurand/proyectos/personal/rpaludoplay-app/src/static/images/42081941.png -> /home/ddurand/fotos/42081941.png
2026-08-21 18:43:10,232 INFO photo_manager - Foto movida: /home/ddurand/proyectos/personal/rpaludoplay-app/src/static/images/72518605.png -> /home/ddurand/fotos/72518605.png
2026-08-21 18:43:10,232 INFO photo_manager - Foto movida: /home/ddurand/proyectos/personal/rpaludoplay-app/src/static/images/29662884.png -> /home/ddurand/fotos/29662884.png
2026-08-21 18:43:10,233 INFO photo_manager - Foto movida: /home/ddurand/proyectos/personal/rpaludoplay-app/src/static/images/75498511.png -> /home/ddurand/fotos/75498511.png
2026-08-21 18:43:10,233 INFO photo_manager - Foto movida: /home/ddurand/proyectos/personal/rpaludoplay-app/src/static/images/009594588.png -> /home/ddurand/fotos/009594588.png
2026-08-21 18:43:10,233 INFO photo_manager - Foto movida: /home/ddurand/proyectos/personal/rpaludoplay-app/src/static/images/73634276.png -> /home/ddurand/fotos/73634276.png
2026-08-21 18:43:10,234 INFO photo_manager - Foto movida: /home/ddurand/proyectos/personal/rpaludoplay-app/src/static/images/47759823.png -> /home/ddurand/fotos/47759823.png
2026-08-21 18:43:10,234 INFO photo_manager - Foto movida: /home/ddurand/proyectos/personal/rpaludoplay-app/src/static/images/40113188.png -> /home/ddurand/fotos/40113188.png
2026-08-21 18:43:10,235 INFO photo_manager - Foto movida: /home/ddurand/proyectos/personal/rpaludoplay-app/src/static/images/80610247.png -> /home/ddurand/fotos/80610247.png
2026-08-21 18:43:10,235 INFO photo_manager - Foto movida: /home/ddurand/proyectos/personal/rpaludoplay-app/src/static/images/73132761.png -> /home/ddurand/fotos/73132761.png
2026-08-21 18:43:10,235 INFO photo_manager - Foto movida: /home/ddurand/proyectos/personal/rpaludoplay-app/src/static/images/45028706.png -> /home/ddurand/fotos/45028706.png
2026-08-21 18:43:10,236 INFO photo_manager - Foto movida: /home/ddurand/proyectos/personal/rpaludoplay-app/src/static/images/10713667.png -> /home/ddurand/fotos/10713667.png
2026-08-21 18:43:10,236 INFO photo_manager - Foto movida: /home/ddurand/proyectos/personal/rpaludoplay-app/src/static/images/46974401.png -> /home/ddurand/fotos/46974401.png
2026-08-21 18:43:10,237 INFO photo_manager - Foto movida: /home/ddurand/proyectos/personal/rpaludoplay-app/src/static/images/76277582.png -> /home/ddurand/fotos/76277582.png
2026-08-21 18:43:10,237 INFO photo_manager - Foto movida: /home/ddurand/proyectos/personal/rpaludoplay-app/src/static/images/74094597.png -> /home/ddurand/fotos/74094597.png
2026-08-21 18:43:10,237 INFO photo_manager - Foto movida: /home/ddurand/proyectos/personal/rpaludoplay-app/src/static/images/25123286.png -> /home/ddurand/fotos/25123286.png
2026-08-21 18:43:10,238 INFO photo_manager - Foto movida: /home/ddurand/proyectos/personal/rpaludoplay-app/src/static/images/75682538.png -> /home/ddurand/fotos/75682538.png
2026-08-21 18:43:10,238 INFO photo_manager - Foto movida: /home/ddurand/proyectos/personal/rpaludoplay-app/src/static/images/000436138.png -> /home/ddurand/fotos/000436138.png
2026-08-21 18:43:10,239 INFO photo_manager - Foto movida: /home/ddurand/proyectos/personal/rpaludoplay-app/src/static/images/46032769.png -> /home/ddurand/fotos/46032769.png
2026-08-21 18:43:10,239 INFO photo_manager - Foto movida: /home/ddurand/proyectos/personal/rpaludoplay-app/src/static/images/72188510.png -> /home/ddurand/fotos/72188510.png
2026-08-21 18:43:10,239 INFO photo_manager - Foto movida: /home/ddurand/proyectos/personal/rpaludoplay-app/src/static/images/000432647.png -> /home/ddurand/fotos/000432647.png
2026-08-21 18:43:10,240 INFO photo_manager - Foto movida: /home/ddurand/proyectos/personal/rpaludoplay-app/src/static/images/000345086.png -> /home/ddurand/fotos/000345086.png
2026-08-21 18:43:10,240 INFO photo_manager - Foto movida: /home/ddurand/proyectos/personal/rpaludoplay-app/src/static/images/48394827.png -> /home/ddurand/fotos/48394827.png
2026-08-21 18:43:10,241 INFO photo_manager - Foto movida: /home/ddurand/proyectos/personal/rpaludoplay-app/src/static/images/06450926.png -> /home/ddurand/fotos/06450926.png
2026-08-21 18:43:10,241 INFO photo_manager - Foto movida: /home/ddurand/proyectos/personal/rpaludoplay-app/src/static/images/77131676.png -> /home/ddurand/fotos/77131676.png
2026-08-21 18:43:10,242 INFO photo_manager - Foto movida: /home/ddurand/proyectos/personal/rpaludoplay-app/src/static/images/25123285.png -> /home/ddurand/fotos/25123285.png
2026-08-21 18:43:10,242 INFO photo_manager - Foto movida: /home/ddurand/proyectos/personal/rpaludoplay-app/src/static/images/72367002.png -> /home/ddurand/fotos/72367002.png
2026-08-21 18:43:10,242 INFO photo_manager - Foto movida: /home/ddurand/proyectos/personal/rpaludoplay-app/src/static/images/48012051.png -> /home/ddurand/fotos/48012051.png
2026-08-21 18:43:10,243 INFO photo_manager - Foto movida: /home/ddurand/proyectos/personal/rpaludoplay-app/src/static/images/72109136.png -> /home/ddurand/fotos/72109136.png
2026-08-21 18:43:10,243 INFO photo_manager - Foto movida: /home/ddurand/proyectos/personal/rpaludoplay-app/src/static/images/07720586.png -> /home/ddurand/fotos/07720586.png
2026-08-21 18:43:10,243 INFO photo_manager - Foto movida: /home/ddurand/proyectos/personal/rpaludoplay-app/src/static/images/10223481.png -> /home/ddurand/fotos/10223481.png
2026-08-21 18:43:10,244 INFO photo_manager - Foto movida: /home/ddurand/proyectos/personal/rpaludoplay-app/src/static/images/42796066.png -> /home/ddurand/fotos/42796066.png
2026-08-21 18:43:10,244 INFO photo_manager - Foto movida: /home/ddurand/proyectos/personal/rpaludoplay-app/src/static/images/77341958.png -> /home/ddurand/fotos/77341958.png
2026-08-21 18:43:10,244 INFO photo_manager - Foto movida: /home/ddurand/proyectos/personal/rpaludoplay-app/src/static/images/45941240.png -> /home/ddurand/fotos/45941240.png
2026-08-21 18:43:10,244 INFO photo_manager - Foto movida: /home/ddurand/proyectos/personal/rpaludoplay-app/src/static/images/10730853.png -> /home/ddurand/fotos/10730853.png
2026-08-21 18:43:10,245 INFO photo_manager - Foto movida: /home/ddurand/proyectos/personal/rpaludoplay-app/src/static/images/70848312.png -> /home/ddurand/fotos/70848312.png
2026-08-21 18:43:10,245 INFO photo_manager - Foto movida: /home/ddurand/proyectos/personal/rpaludoplay-app/src/static/images/74218182.png -> /home/ddurand/fotos/74218182.png
2026-08-21 18:43:10,245 INFO photo_manager - Foto movida: /home/ddurand/proyectos/personal/rpaludoplay-app/src/static/images/70329029.png -> /home/ddurand/fotos/70329029.png
2026-08-21 18:43:10,246 INFO photo_manager - Foto movida: /home/ddurand/proyectos/personal/rpaludoplay-app/src/static/images/21492814.png -> /home/ddurand/fotos/21492814.png
2026-08-21 18:43:10,246 INFO photo_manager - Foto movida: /home/ddurand/proyectos/personal/rpaludoplay-app/src/static/images/45473694.png -> /home/ddurand/fotos/45473694.png
2026-08-21 18:43:10,246 INFO photo_manager - Foto movida: /home/ddurand/proyectos/personal/rpaludoplay-app/src/static/images/73358958.png -> /home/ddurand/fotos/73358958.png
2026-08-21 18:43:10,247 INFO photo_manager - Foto movida: /home/ddurand/proyectos/personal/rpaludoplay-app/src/static/images/48321334.png -> /home/ddurand/fotos/48321334.png
2026-08-21 18:43:10,247 INFO photo_manager - Foto movida: /home/ddurand/proyectos/personal/rpaludoplay-app/src/static/images/32299260.png -> /home/ddurand/fotos/32299260.png
2026-08-21 18:43:10,248 INFO photo_manager - Foto movida: /home/ddurand/proyectos/personal/rpaludoplay-app/src/static/images/06256936.png -> /home/ddurand/fotos/06256936.png
2026-08-21 18:43:10,248 INFO photo_manager - Foto movida: /home/ddurand/proyectos/personal/rpaludoplay-app/src/static/images/45525804.png -> /home/ddurand/fotos/45525804.png
2026-08-21 18:43:10,248 INFO photo_manager - Foto movida: /home/ddurand/proyectos/personal/rpaludoplay-app/src/static/images/70670179.png -> /home/ddurand/fotos/70670179.png
2026-08-21 18:43:10,248 INFO photo_manager - Foto movida: /home/ddurand/proyectos/personal/rpaludoplay-app/src/static/images/73072287.png -> /home/ddurand/fotos/73072287.png
2026-08-21 18:43:10,249 INFO photo_manager - Foto movida: /home/ddurand/proyectos/personal/rpaludoplay-app/src/static/images/41462122.png -> /home/ddurand/fotos/41462122.png
2026-08-21 18:43:10,249 INFO photo_manager - Foto movida: /home/ddurand/proyectos/personal/rpaludoplay-app/src/static/images/72748560.png -> /home/ddurand/fotos/72748560.png
2026-08-21 18:43:10,249 INFO photo_manager - Foto movida: /home/ddurand/proyectos/personal/rpaludoplay-app/src/static/images/42237586.png -> /home/ddurand/fotos/42237586.png
2026-08-21 18:43:10,250 INFO photo_manager - Foto movida: /home/ddurand/proyectos/personal/rpaludoplay-app/src/static/images/44979152.png -> /home/ddurand/fotos/44979152.png
2026-08-21 18:43:10,250 INFO photo_manager - Foto movida: /home/ddurand/proyectos/personal/rpaludoplay-app/src/static/images/47020775.png -> /home/ddurand/fotos/47020775.png
2026-08-21 18:43:10,250 INFO photo_manager - Foto movida: /home/ddurand/proyectos/personal/rpaludoplay-app/src/static/images/18125568.png -> /home/ddurand/fotos/18125568.png
2026-08-21 18:43:10,251 INFO photo_manager - Foto movida: /home/ddurand/proyectos/personal/rpaludoplay-app/src/static/images/73592003.png -> /home/ddurand/fotos/73592003.png
2026-08-21 18:43:10,251 INFO photo_manager - Foto movida: /home/ddurand/proyectos/personal/rpaludoplay-app/src/static/images/006319917.png -> /home/ddurand/fotos/006319917.png
2026-08-21 18:43:10,251 INFO photo_manager - Foto movida: /home/ddurand/proyectos/personal/rpaludoplay-app/src/static/images/19840747.png -> /home/ddurand/fotos/19840747.png
2026-08-21 18:43:10,252 INFO photo_manager - Foto movida: /home/ddurand/proyectos/personal/rpaludoplay-app/src/static/images/71622846.png -> /home/ddurand/fotos/71622846.png
2026-08-21 18:43:10,252 INFO photo_manager - Foto movida: /home/ddurand/proyectos/personal/rpaludoplay-app/src/static/images/72226505.png -> /home/ddurand/fotos/72226505.png
2026-08-21 18:43:10,253 INFO photo_manager - Foto movida: /home/ddurand/proyectos/personal/rpaludoplay-app/src/static/images/44052363.png -> /home/ddurand/fotos/44052363.png
2026-08-21 18:43:10,253 INFO photo_manager - Foto movida: /home/ddurand/proyectos/personal/rpaludoplay-app/src/static/images/10288710.png -> /home/ddurand/fotos/10288710.png
2026-08-21 18:43:10,254 INFO photo_manager - Foto movida: /home/ddurand/proyectos/personal/rpaludoplay-app/src/static/images/47925868.png -> /home/ddurand/fotos/47925868.png
2026-08-21 18:43:10,254 INFO photo_manager - Foto movida: /home/ddurand/proyectos/personal/rpaludoplay-app/src/static/images/44384394.png -> /home/ddurand/fotos/44384394.png
2026-08-21 18:43:10,255 INFO photo_manager - Foto movida: /home/ddurand/proyectos/personal/rpaludoplay-app/src/static/images/76253271.png -> /home/ddurand/fotos/76253271.png
2026-08-21 18:43:10,255 INFO photo_manager - Foto movida: /home/ddurand/proyectos/personal/rpaludoplay-app/src/static/images/42688324.png -> /home/ddurand/fotos/42688324.png
2026-08-21 18:43:10,255 INFO photo_manager - Foto movida: /home/ddurand/proyectos/personal/rpaludoplay-app/src/static/images/70911950.png -> /home/ddurand/fotos/70911950.png
2026-08-21 18:43:10,256 INFO photo_manager - Foto movida: /home/ddurand/proyectos/personal/rpaludoplay-app/src/static/images/76516481.png -> /home/ddurand/fotos/76516481.png
2026-08-21 18:43:10,256 INFO photo_manager - Foto movida: /home/ddurand/proyectos/personal/rpaludoplay-app/src/static/images/40107160.png -> /home/ddurand/fotos/40107160.png
2026-08-21 18:43:10,256 INFO photo_manager - Foto movida: /home/ddurand/proyectos/personal/rpaludoplay-app/src/static/images/000471031.png -> /home/ddurand/fotos/000471031.png
2026-08-21 18:43:10,257 INFO photo_manager - Foto movida: /home/ddurand/proyectos/personal/rpaludoplay-app/src/static/images/74296931.png -> /home/ddurand/fotos/74296931.png
2026-08-21 18:43:10,257 INFO photo_manager - Foto movida: /home/ddurand/proyectos/personal/rpaludoplay-app/src/static/images/71959100.png -> /home/ddurand/fotos/71959100.png
2026-08-21 18:43:10,257 INFO photo_manager - Foto movida: /home/ddurand/proyectos/personal/rpaludoplay-app/src/static/images/06045412.png -> /home/ddurand/fotos/06045412.png
2026-08-21 18:43:10,258 INFO photo_manager - Foto movida: /home/ddurand/proyectos/personal/rpaludoplay-app/src/static/images/09650628.png -> /home/ddurand/fotos/09650628.png
2026-08-21 18:43:10,258 INFO photo_manager - Foto movida: /home/ddurand/proyectos/personal/rpaludoplay-app/src/static/images/77663702.png -> /home/ddurand/fotos/77663702.png
2026-08-21 18:43:10,258 INFO photo_manager - Foto movida: /home/ddurand/proyectos/personal/rpaludoplay-app/src/static/images/44358081.png -> /home/ddurand/fotos/44358081.png
2026-08-21 18:43:10,259 INFO photo_manager - Foto movida: /home/ddurand/proyectos/personal/rpaludoplay-app/src/static/images/009422517.png -> /home/ddurand/fotos/009422517.png
2026-08-21 18:43:10,259 INFO photo_manager - Foto movida: /home/ddurand/proyectos/personal/rpaludoplay-app/src/static/images/74755739.png -> /home/ddurand/fotos/74755739.png
2026-08-21 18:43:10,259 INFO photo_manager - Foto movida: /home/ddurand/proyectos/personal/rpaludoplay-app/src/static/images/75406569.png -> /home/ddurand/fotos/75406569.png
2026-08-21 18:43:10,259 INFO photo_manager - Foto movida: /home/ddurand/proyectos/personal/rpaludoplay-app/src/static/images/44530903.png -> /home/ddurand/fotos/44530903.png
2026-08-21 18:43:10,260 INFO photo_manager - Foto movida: /home/ddurand/proyectos/personal/rpaludoplay-app/src/static/images/41891323.png -> /home/ddurand/fotos/41891323.png
2026-08-21 18:43:10,260 INFO photo_manager - Foto movida: /home/ddurand/proyectos/personal/rpaludoplay-app/src/static/images/42727049.png -> /home/ddurand/fotos/42727049.png
2026-08-21 18:43:10,260 INFO photo_manager - Foto movida: /home/ddurand/proyectos/personal/rpaludoplay-app/src/static/images/73905637.png -> /home/ddurand/fotos/73905637.png
2026-08-21 18:43:10,261 INFO photo_manager - Foto movida: /home/ddurand/proyectos/personal/rpaludoplay-app/src/static/images/73500736.png -> /home/ddurand/fotos/73500736.png
2026-08-21 18:43:10,261 INFO photo_manager - Foto movida: /home/ddurand/proyectos/personal/rpaludoplay-app/src/static/images/09181686.png -> /home/ddurand/fotos/09181686.png
2026-08-21 18:43:10,261 INFO photo_manager - Foto movida: /home/ddurand/proyectos/personal/rpaludoplay-app/src/static/images/73792750.png -> /home/ddurand/fotos/73792750.png
2026-08-21 18:43:10,261 INFO photo_manager - Foto movida: /home/ddurand/proyectos/personal/rpaludoplay-app/src/static/images/45589055.png -> /home/ddurand/fotos/45589055.png
2026-08-21 18:43:10,262 INFO photo_manager - Foto movida: /home/ddurand/proyectos/personal/rpaludoplay-app/src/static/images/42352953.png -> /home/ddurand/fotos/42352953.png
2026-08-21 18:43:10,262 INFO photo_manager - Foto movida: /home/ddurand/proyectos/personal/rpaludoplay-app/src/static/images/45952894.png -> /home/ddurand/fotos/45952894.png
2026-08-21 18:43:10,262 INFO photo_manager - Foto movida: /home/ddurand/proyectos/personal/rpaludoplay-app/src/static/images/40391629.png -> /home/ddurand/fotos/40391629.png
2026-08-21 18:43:10,262 INFO photo_manager - Foto movida: /home/ddurand/proyectos/personal/rpaludoplay-app/src/static/images/41447746.png -> /home/ddurand/fotos/41447746.png
2026-08-21 18:43:10,263 INFO photo_manager - Foto movida: /home/ddurand/proyectos/personal/rpaludoplay-app/src/static/images/41893043.png -> /home/ddurand/fotos/41893043.png
2026-08-21 18:43:10,263 INFO photo_manager - Foto movida: /home/ddurand/proyectos/personal/rpaludoplay-app/src/static/images/41211805.png -> /home/ddurand/fotos/41211805.png
2026-08-21 18:43:10,264 INFO photo_manager - Foto movida: /home/ddurand/proyectos/personal/rpaludoplay-app/src/static/images/19877979.png -> /home/ddurand/fotos/19877979.png
2026-08-21 18:43:10,264 INFO photo_manager - Foto movida: /home/ddurand/proyectos/personal/rpaludoplay-app/src/static/images/71790445.png -> /home/ddurand/fotos/71790445.png
2026-08-21 18:43:10,265 INFO photo_manager - Foto movida: /home/ddurand/proyectos/personal/rpaludoplay-app/src/static/images/74389837.png -> /home/ddurand/fotos/74389837.png
2026-08-21 18:43:10,265 INFO photo_manager - Foto movida: /home/ddurand/proyectos/personal/rpaludoplay-app/src/static/images/40660161.png -> /home/ddurand/fotos/40660161.png
2026-08-21 18:43:10,265 INFO photo_manager - Foto movida: /home/ddurand/proyectos/personal/rpaludoplay-app/src/static/images/46569151.png -> /home/ddurand/fotos/46569151.png
2026-08-21 18:43:10,266 INFO photo_manager - Foto movida: /home/ddurand/proyectos/personal/rpaludoplay-app/src/static/images/19958276.png -> /home/ddurand/fotos/19958276.png
2026-08-21 18:43:10,266 INFO photo_manager - Foto movida: /home/ddurand/proyectos/personal/rpaludoplay-app/src/static/images/40945715.png -> /home/ddurand/fotos/40945715.png
2026-08-21 18:43:10,266 INFO photo_manager - Foto movida: /home/ddurand/proyectos/personal/rpaludoplay-app/src/static/images/80573485.png -> /home/ddurand/fotos/80573485.png
2026-08-21 18:43:10,267 INFO photo_manager - Foto movida: /home/ddurand/proyectos/personal/rpaludoplay-app/src/static/images/70220486.png -> /home/ddurand/fotos/70220486.png
2026-08-21 18:43:10,267 INFO photo_manager - Foto movida: /home/ddurand/proyectos/personal/rpaludoplay-app/src/static/images/46024282.png -> /home/ddurand/fotos/46024282.png
2026-08-21 18:43:10,267 INFO photo_manager - Foto movida: /home/ddurand/proyectos/personal/rpaludoplay-app/src/static/images/007976593.png -> /home/ddurand/fotos/007976593.png
2026-08-21 18:43:10,268 INFO photo_manager - Foto movida: /home/ddurand/proyectos/personal/rpaludoplay-app/src/static/images/005206445.png -> /home/ddurand/fotos/005206445.png
2026-08-21 18:43:10,268 INFO photo_manager - Foto movida: /home/ddurand/proyectos/personal/rpaludoplay-app/src/static/images/45644245.png -> /home/ddurand/fotos/45644245.png
2026-08-21 18:43:10,268 INFO photo_manager - Foto movida: /home/ddurand/proyectos/personal/rpaludoplay-app/src/static/images/72377392.png -> /home/ddurand/fotos/72377392.png
2026-08-21 18:43:10,269 INFO photo_manager - Foto movida: /home/ddurand/proyectos/personal/rpaludoplay-app/src/static/images/70494360.png -> /home/ddurand/fotos/70494360.png
2026-08-21 18:43:10,269 INFO photo_manager - Foto movida: /home/ddurand/proyectos/personal/rpaludoplay-app/src/static/images/75801770.png -> /home/ddurand/fotos/75801770.png
2026-08-21 18:43:10,270 INFO photo_manager - Foto movida: /home/ddurand/proyectos/personal/rpaludoplay-app/src/static/images/44825330.png -> /home/ddurand/fotos/44825330.png
2026-08-21 18:43:10,270 INFO photo_manager - Foto movida: /home/ddurand/proyectos/personal/rpaludoplay-app/src/static/images/70507811.png -> /home/ddurand/fotos/70507811.png
2026-08-21 18:43:10,270 INFO photo_manager - Foto movida: /home/ddurand/proyectos/personal/rpaludoplay-app/src/static/images/45251093.png -> /home/ddurand/fotos/45251093.png
2026-08-21 18:43:10,271 INFO photo_manager - Foto movida: /home/ddurand/proyectos/personal/rpaludoplay-app/src/static/images/46446190.png -> /home/ddurand/fotos/46446190.png
2026-08-21 18:43:10,271 INFO photo_manager - Foto movida: /home/ddurand/proyectos/personal/rpaludoplay-app/src/static/images/46421460.png -> /home/ddurand/fotos/46421460.png
2026-08-21 18:43:10,271 INFO photo_manager - Foto movida: /home/ddurand/proyectos/personal/rpaludoplay-app/src/static/images/43669306.png -> /home/ddurand/fotos/43669306.png
2026-08-21 18:43:10,272 INFO photo_manager - Foto movida: /home/ddurand/proyectos/personal/rpaludoplay-app/src/static/images/45790580.png -> /home/ddurand/fotos/45790580.png
2026-08-21 18:43:10,272 INFO photo_manager - Foto movida: /home/ddurand/proyectos/personal/rpaludoplay-app/src/static/images/73227562.png -> /home/ddurand/fotos/73227562.png
2026-08-21 18:43:10,272 INFO photo_manager - Foto movida: /home/ddurand/proyectos/personal/rpaludoplay-app/src/static/images/46096308.png -> /home/ddurand/fotos/46096308.png
2026-08-21 18:43:10,273 INFO photo_manager - Foto movida: /home/ddurand/proyectos/personal/rpaludoplay-app/src/static/images/76578847.png -> /home/ddurand/fotos/76578847.png
2026-08-21 18:43:10,273 INFO photo_manager - Foto movida: /home/ddurand/proyectos/personal/rpaludoplay-app/src/static/images/47151915.png -> /home/ddurand/fotos/47151915.png
2026-08-21 18:43:10,273 INFO photo_manager - Foto movida: /home/ddurand/proyectos/personal/rpaludoplay-app/src/static/images/76686254.png -> /home/ddurand/fotos/76686254.png
2026-08-21 18:43:10,273 INFO photo_manager - Foto movida: /home/ddurand/proyectos/personal/rpaludoplay-app/src/static/images/72313523.png -> /home/ddurand/fotos/72313523.png
2026-08-21 18:43:10,274 INFO photo_manager - Foto movida: /home/ddurand/proyectos/personal/rpaludoplay-app/src/static/images/70602843.png -> /home/ddurand/fotos/70602843.png
2026-08-21 18:43:10,274 INFO photo_manager - Foto movida: /home/ddurand/proyectos/personal/rpaludoplay-app/src/static/images/003505651.png -> /home/ddurand/fotos/003505651.png
2026-08-21 18:43:10,274 INFO photo_manager - Foto movida: /home/ddurand/proyectos/personal/rpaludoplay-app/src/static/images/07854584.png -> /home/ddurand/fotos/07854584.png
2026-08-21 18:43:10,274 INFO photo_manager - Foto movida: /home/ddurand/proyectos/personal/rpaludoplay-app/src/static/images/76390496.png -> /home/ddurand/fotos/76390496.png
2026-08-21 18:43:10,275 INFO photo_manager - Foto movida: /home/ddurand/proyectos/personal/rpaludoplay-app/src/static/images/42134828.png -> /home/ddurand/fotos/42134828.png
2026-08-21 18:43:10,275 INFO photo_manager - Foto movida: /home/ddurand/proyectos/personal/rpaludoplay-app/src/static/images/40225886.png -> /home/ddurand/fotos/40225886.png
2026-08-21 18:43:10,275 INFO photo_manager - Foto movida: /home/ddurand/proyectos/personal/rpaludoplay-app/src/static/images/74291187.png -> /home/ddurand/fotos/74291187.png
2026-08-21 18:43:10,275 INFO photo_manager - Foto movida: /home/ddurand/proyectos/personal/rpaludoplay-app/src/static/images/74444072.png -> /home/ddurand/fotos/74444072.png
2026-08-21 18:43:10,276 INFO photo_manager - Foto movida: /home/ddurand/proyectos/personal/rpaludoplay-app/src/static/images/42516413.png -> /home/ddurand/fotos/42516413.png
2026-08-21 18:43:10,276 INFO photo_manager - Foto movida: /home/ddurand/proyectos/personal/rpaludoplay-app/src/static/images/48596735.png -> /home/ddurand/fotos/48596735.png
2026-08-21 18:43:10,276 INFO photo_manager - Foto movida: /home/ddurand/proyectos/personal/rpaludoplay-app/src/static/images/72071988.png -> /home/ddurand/fotos/72071988.png
2026-08-21 18:43:10,276 INFO photo_manager - Foto movida: /home/ddurand/proyectos/personal/rpaludoplay-app/src/static/images/41850075.png -> /home/ddurand/fotos/41850075.png
2026-08-21 18:43:10,277 INFO photo_manager - Foto movida: /home/ddurand/proyectos/personal/rpaludoplay-app/src/static/images/70334406.png -> /home/ddurand/fotos/70334406.png
2026-08-21 18:43:10,277 INFO photo_manager - Foto movida: /home/ddurand/proyectos/personal/rpaludoplay-app/src/static/images/80162673.png -> /home/ddurand/fotos/80162673.png
2026-08-21 18:43:10,278 INFO photo_manager - Foto movida: /home/ddurand/proyectos/personal/rpaludoplay-app/src/static/images/06767870.png -> /home/ddurand/fotos/06767870.png
2026-08-21 18:43:10,278 INFO photo_manager - Foto movida: /home/ddurand/proyectos/personal/rpaludoplay-app/src/static/images/05404904.png -> /home/ddurand/fotos/05404904.png
2026-08-21 18:43:10,278 INFO photo_manager - Foto movida: /home/ddurand/proyectos/personal/rpaludoplay-app/src/static/images/46388281.png -> /home/ddurand/fotos/46388281.png
2026-08-21 18:43:10,279 INFO photo_manager - Foto movida: /home/ddurand/proyectos/personal/rpaludoplay-app/src/static/images/73439769.png -> /home/ddurand/fotos/73439769.png
2026-08-21 18:43:10,279 INFO photo_manager - Foto movida: /home/ddurand/proyectos/personal/rpaludoplay-app/src/static/images/41131562.png -> /home/ddurand/fotos/41131562.png
2026-08-21 18:43:10,279 INFO photo_manager - Foto movida: /home/ddurand/proyectos/personal/rpaludoplay-app/src/static/images/42241363.png -> /home/ddurand/fotos/42241363.png
2026-08-21 18:43:10,279 INFO photo_manager - Foto movida: /home/ddurand/proyectos/personal/rpaludoplay-app/src/static/images/75892538.png -> /home/ddurand/fotos/75892538.png
2026-08-21 18:43:10,280 INFO photo_manager - Foto movida: /home/ddurand/proyectos/personal/rpaludoplay-app/src/static/images/10304057.png -> /home/ddurand/fotos/10304057.png
2026-08-21 18:43:10,280 INFO photo_manager - Foto movida: /home/ddurand/proyectos/personal/rpaludoplay-app/src/static/images/76607890.png -> /home/ddurand/fotos/76607890.png
2026-08-21 18:43:10,280 INFO photo_manager - Foto movida: /home/ddurand/proyectos/personal/rpaludoplay-app/src/static/images/40731503.png -> /home/ddurand/fotos/40731503.png
2026-08-21 18:43:10,281 INFO photo_manager - Foto movida: /home/ddurand/proyectos/personal/rpaludoplay-app/src/static/images/43674140.png -> /home/ddurand/fotos/43674140.png
2026-08-21 18:43:10,281 INFO photo_manager - Foto movida: /home/ddurand/proyectos/personal/rpaludoplay-app/src/static/images/70833542.png -> /home/ddurand/fotos/70833542.png
2026-08-21 18:43:10,281 INFO photo_manager - Foto movida: /home/ddurand/proyectos/personal/rpaludoplay-app/src/static/images/45268023.png -> /home/ddurand/fotos/45268023.png
2026-08-21 18:43:10,281 INFO photo_manager - Foto movida: /home/ddurand/proyectos/personal/rpaludoplay-app/src/static/images/09335702.png -> /home/ddurand/fotos/09335702.png
2026-08-21 18:43:10,282 INFO photo_manager - Foto movida: /home/ddurand/proyectos/personal/rpaludoplay-app/src/static/images/10803582.png -> /home/ddurand/fotos/10803582.png
2026-08-21 18:43:10,282 INFO photo_manager - Foto movida: /home/ddurand/proyectos/personal/rpaludoplay-app/src/static/images/80271484.png -> /home/ddurand/fotos/80271484.png
2026-08-21 18:43:10,282 INFO photo_manager - Foto movida: /home/ddurand/proyectos/personal/rpaludoplay-app/src/static/images/002197827.png -> /home/ddurand/fotos/002197827.png
2026-08-21 18:43:10,283 INFO photo_manager - Foto movida: /home/ddurand/proyectos/personal/rpaludoplay-app/src/static/images/10875100.png -> /home/ddurand/fotos/10875100.png
2026-08-21 18:43:10,283 INFO photo_manager - Foto movida: /home/ddurand/proyectos/personal/rpaludoplay-app/src/static/images/48038319.png -> /home/ddurand/fotos/48038319.png
2026-08-21 18:43:10,283 INFO photo_manager - Foto movida: /home/ddurand/proyectos/personal/rpaludoplay-app/src/static/images/41770713.png -> /home/ddurand/fotos/41770713.png
2026-08-21 18:43:10,283 INFO photo_manager - Foto movida: /home/ddurand/proyectos/personal/rpaludoplay-app/src/static/images/09617636.png -> /home/ddurand/fotos/09617636.png
2026-08-21 18:43:10,284 INFO photo_manager - Foto movida: /home/ddurand/proyectos/personal/rpaludoplay-app/src/static/images/44772258.png -> /home/ddurand/fotos/44772258.png
2026-08-21 18:43:10,284 INFO photo_manager - Foto movida: /home/ddurand/proyectos/personal/rpaludoplay-app/src/static/images/10139312.png -> /home/ddurand/fotos/10139312.png
2026-08-21 18:43:10,284 INFO photo_manager - Foto movida: /home/ddurand/proyectos/personal/rpaludoplay-app/src/static/images/47404864.png -> /home/ddurand/fotos/47404864.png
2026-08-21 18:43:10,285 INFO photo_manager - Foto movida: /home/ddurand/proyectos/personal/rpaludoplay-app/src/static/images/42585874.png -> /home/ddurand/fotos/42585874.png
2026-08-21 18:43:10,285 INFO photo_manager - Foto movida: /home/ddurand/proyectos/personal/rpaludoplay-app/src/static/images/43149777.png -> /home/ddurand/fotos/43149777.png
2026-08-21 18:43:10,286 INFO photo_manager - Foto movida: /home/ddurand/proyectos/personal/rpaludoplay-app/src/static/images/72249448.png -> /home/ddurand/fotos/72249448.png
2026-08-21 18:43:10,286 INFO photo_manager - Foto movida: /home/ddurand/proyectos/personal/rpaludoplay-app/src/static/images/09276262.png -> /home/ddurand/fotos/09276262.png
2026-08-21 18:43:10,286 INFO photo_manager - Foto movida: /home/ddurand/proyectos/personal/rpaludoplay-app/src/static/images/40017372.png -> /home/ddurand/fotos/40017372.png
2026-08-21 18:43:10,287 INFO photo_manager - Foto movida: /home/ddurand/proyectos/personal/rpaludoplay-app/src/static/images/73324157.png -> /home/ddurand/fotos/73324157.png
2026-08-21 18:43:10,287 INFO photo_manager - Foto movida: /home/ddurand/proyectos/personal/rpaludoplay-app/src/static/images/72132497.png -> /home/ddurand/fotos/72132497.png
2026-08-21 18:43:10,288 INFO photo_manager - Foto movida: /home/ddurand/proyectos/personal/rpaludoplay-app/src/static/images/45259726.png -> /home/ddurand/fotos/45259726.png
2026-08-21 18:43:10,288 INFO photo_manager - Foto movida: /home/ddurand/proyectos/personal/rpaludoplay-app/src/static/images/002479003.png -> /home/ddurand/fotos/002479003.png
2026-08-21 18:43:10,289 INFO photo_manager - Foto movida: /home/ddurand/proyectos/personal/rpaludoplay-app/src/static/images/08498003.png -> /home/ddurand/fotos/08498003.png
2026-08-21 18:43:10,289 INFO photo_manager - Foto movida: /home/ddurand/proyectos/personal/rpaludoplay-app/src/static/images/74026827.png -> /home/ddurand/fotos/74026827.png
2026-08-21 18:43:10,289 INFO photo_manager - Foto movida: /home/ddurand/proyectos/personal/rpaludoplay-app/src/static/images/72806092.png -> /home/ddurand/fotos/72806092.png
2026-08-21 18:43:10,290 INFO photo_manager - Foto movida: /home/ddurand/proyectos/personal/rpaludoplay-app/src/static/images/73037285.png -> /home/ddurand/fotos/73037285.png
2026-08-21 18:43:10,290 INFO photo_manager - Foto movida: /home/ddurand/proyectos/personal/rpaludoplay-app/src/static/images/41256557.png -> /home/ddurand/fotos/41256557.png
2026-08-21 18:43:10,291 INFO photo_manager - Foto movida: /home/ddurand/proyectos/personal/rpaludoplay-app/src/static/images/45052308.png -> /home/ddurand/fotos/45052308.png
2026-08-21 18:43:10,291 INFO photo_manager - Foto movida: /home/ddurand/proyectos/personal/rpaludoplay-app/src/static/images/72219763.png -> /home/ddurand/fotos/72219763.png
2026-08-21 18:43:10,291 INFO photo_manager - Foto movida: /home/ddurand/proyectos/personal/rpaludoplay-app/src/static/images/02265009.png -> /home/ddurand/fotos/02265009.png
2026-08-21 18:43:10,292 INFO photo_manager - Foto movida: /home/ddurand/proyectos/personal/rpaludoplay-app/src/static/images/75396515.png -> /home/ddurand/fotos/75396515.png
2026-08-21 18:43:10,292 INFO photo_manager - Foto movida: /home/ddurand/proyectos/personal/rpaludoplay-app/src/static/images/46944183.png -> /home/ddurand/fotos/46944183.png
2026-08-21 18:43:10,292 INFO photo_manager - Foto movida: /home/ddurand/proyectos/personal/rpaludoplay-app/src/static/images/43561836.png -> /home/ddurand/fotos/43561836.png
2026-08-21 18:43:10,293 INFO photo_manager - Foto movida: /home/ddurand/proyectos/personal/rpaludoplay-app/src/static/images/47328668.png -> /home/ddurand/fotos/47328668.png
2026-08-21 18:43:10,293 INFO photo_manager - Foto movida: /home/ddurand/proyectos/personal/rpaludoplay-app/src/static/images/43251479.png -> /home/ddurand/fotos/43251479.png
2026-08-21 18:43:10,293 INFO photo_manager - Foto movida: /home/ddurand/proyectos/personal/rpaludoplay-app/src/static/images/76737856.png -> /home/ddurand/fotos/76737856.png
2026-08-21 18:43:10,294 INFO photo_manager - Foto movida: /home/ddurand/proyectos/personal/rpaludoplay-app/src/static/images/40889163.png -> /home/ddurand/fotos/40889163.png
2026-08-21 18:43:10,294 INFO photo_manager - Foto movida: /home/ddurand/proyectos/personal/rpaludoplay-app/src/static/images/70553564.png -> /home/ddurand/fotos/70553564.png
2026-08-21 18:43:10,295 INFO photo_manager - Foto movida: /home/ddurand/proyectos/personal/rpaludoplay-app/src/static/images/000362665.png -> /home/ddurand/fotos/000362665.png
2026-08-21 18:43:10,295 INFO photo_manager - Foto movida: /home/ddurand/proyectos/personal/rpaludoplay-app/src/static/images/46825805.png -> /home/ddurand/fotos/46825805.png
2026-08-21 18:43:10,296 INFO photo_manager - Foto movida: /home/ddurand/proyectos/personal/rpaludoplay-app/src/static/images/72383789.png -> /home/ddurand/fotos/72383789.png
2026-08-21 18:43:10,296 INFO photo_manager - Foto movida: /home/ddurand/proyectos/personal/rpaludoplay-app/src/static/images/001171292.png -> /home/ddurand/fotos/001171292.png
2026-08-21 18:43:10,296 INFO photo_manager - Foto movida: /home/ddurand/proyectos/personal/rpaludoplay-app/src/static/images/73866254.png -> /home/ddurand/fotos/73866254.png
2026-08-21 18:43:10,296 INFO photo_manager - Foto movida: /home/ddurand/proyectos/personal/rpaludoplay-app/src/static/images/48198112.png -> /home/ddurand/fotos/48198112.png
2026-08-21 18:43:10,297 INFO photo_manager - Foto movida: /home/ddurand/proyectos/personal/rpaludoplay-app/src/static/images/45123696.png -> /home/ddurand/fotos/45123696.png
2026-08-21 18:43:10,297 INFO photo_manager - Foto movida: /home/ddurand/proyectos/personal/rpaludoplay-app/src/static/images/76305638.png -> /home/ddurand/fotos/76305638.png
2026-08-21 18:43:10,297 INFO photo_manager - Foto movida: /home/ddurand/proyectos/personal/rpaludoplay-app/src/static/images/41390752.png -> /home/ddurand/fotos/41390752.png
2026-08-21 18:43:10,298 INFO photo_manager - Foto movida: /home/ddurand/proyectos/personal/rpaludoplay-app/src/static/images/44238767.png -> /home/ddurand/fotos/44238767.png
2026-08-21 18:43:10,298 INFO photo_manager - Foto movida: /home/ddurand/proyectos/personal/rpaludoplay-app/src/static/images/48595006.png -> /home/ddurand/fotos/48595006.png
2026-08-21 18:43:10,298 INFO photo_manager - Foto movida: /home/ddurand/proyectos/personal/rpaludoplay-app/src/static/images/46900689.png -> /home/ddurand/fotos/46900689.png
2026-08-21 18:43:10,299 INFO photo_manager - Foto movida: /home/ddurand/proyectos/personal/rpaludoplay-app/src/static/images/40120843.png -> /home/ddurand/fotos/40120843.png
2026-08-21 18:43:10,299 INFO photo_manager - Foto movida: /home/ddurand/proyectos/personal/rpaludoplay-app/src/static/images/76364399.png -> /home/ddurand/fotos/76364399.png
2026-08-21 18:43:10,300 INFO photo_manager - Foto movida: /home/ddurand/proyectos/personal/rpaludoplay-app/src/static/images/48274409.png -> /home/ddurand/fotos/48274409.png
2026-08-21 18:43:10,300 INFO photo_manager - Foto movida: /home/ddurand/proyectos/personal/rpaludoplay-app/src/static/images/70923218.png -> /home/ddurand/fotos/70923218.png
2026-08-21 18:43:10,300 INFO photo_manager - Foto movida: /home/ddurand/proyectos/personal/rpaludoplay-app/src/static/images/76277680.png -> /home/ddurand/fotos/76277680.png
2026-08-21 18:43:10,300 INFO photo_manager - Foto movida: /home/ddurand/proyectos/personal/rpaludoplay-app/src/static/images/28274875.png -> /home/ddurand/fotos/28274875.png
2026-08-21 18:43:10,301 INFO photo_manager - Foto movida: /home/ddurand/proyectos/personal/rpaludoplay-app/src/static/images/41180565.png -> /home/ddurand/fotos/41180565.png
2026-08-21 18:43:10,301 INFO photo_manager - Foto movida: /home/ddurand/proyectos/personal/rpaludoplay-app/src/static/images/43920716.png -> /home/ddurand/fotos/43920716.png
2026-08-21 18:43:10,301 INFO photo_manager - Foto movida: /home/ddurand/proyectos/personal/rpaludoplay-app/src/static/images/28299741.png -> /home/ddurand/fotos/28299741.png
2026-08-21 18:43:10,302 INFO photo_manager - Foto movida: /home/ddurand/proyectos/personal/rpaludoplay-app/src/static/images/08208318.png -> /home/ddurand/fotos/08208318.png
2026-08-21 18:43:10,302 INFO photo_manager - Foto movida: /home/ddurand/proyectos/personal/rpaludoplay-app/src/static/images/40736758.png -> /home/ddurand/fotos/40736758.png
2026-08-21 18:43:10,303 INFO photo_manager - Foto movida: /home/ddurand/proyectos/personal/rpaludoplay-app/src/static/images/25787066.png -> /home/ddurand/fotos/25787066.png
2026-08-21 18:43:10,303 INFO photo_manager - Foto movida: /home/ddurand/proyectos/personal/rpaludoplay-app/src/static/images/74803652.png -> /home/ddurand/fotos/74803652.png
2026-08-21 18:43:10,303 INFO photo_manager - Foto movida: /home/ddurand/proyectos/personal/rpaludoplay-app/src/static/images/48059691.png -> /home/ddurand/fotos/48059691.png
2026-08-21 18:43:10,304 INFO photo_manager - Foto movida: /home/ddurand/proyectos/personal/rpaludoplay-app/src/static/images/45102459.png -> /home/ddurand/fotos/45102459.png
2026-08-21 18:43:10,304 INFO photo_manager - Foto movida: /home/ddurand/proyectos/personal/rpaludoplay-app/src/static/images/44530929.png -> /home/ddurand/fotos/44530929.png
2026-08-21 18:43:10,305 INFO photo_manager - Foto movida: /home/ddurand/proyectos/personal/rpaludoplay-app/src/static/images/44419557.png -> /home/ddurand/fotos/44419557.png
2026-08-21 18:43:10,305 INFO photo_manager - Foto movida: /home/ddurand/proyectos/personal/rpaludoplay-app/src/static/images/71112002.png -> /home/ddurand/fotos/71112002.png
2026-08-21 18:43:10,305 INFO photo_manager - Foto movida: /home/ddurand/proyectos/personal/rpaludoplay-app/src/static/images/43175251.png -> /home/ddurand/fotos/43175251.png
2026-08-21 18:43:10,306 INFO photo_manager - Foto movida: /home/ddurand/proyectos/personal/rpaludoplay-app/src/static/images/46219892.png -> /home/ddurand/fotos/46219892.png
2026-08-21 18:43:10,306 INFO photo_manager - Foto movida: /home/ddurand/proyectos/personal/rpaludoplay-app/src/static/images/74174789.png -> /home/ddurand/fotos/74174789.png
2026-08-21 18:43:10,306 INFO photo_manager - Foto movida: /home/ddurand/proyectos/personal/rpaludoplay-app/src/static/images/47919645.png -> /home/ddurand/fotos/47919645.png
2026-08-21 18:43:10,306 INFO photo_manager - Foto movida: /home/ddurand/proyectos/personal/rpaludoplay-app/src/static/images/70540172.png -> /home/ddurand/fotos/70540172.png
2026-08-21 18:43:10,307 INFO photo_manager - Foto movida: /home/ddurand/proyectos/personal/rpaludoplay-app/src/static/images/26718013.png -> /home/ddurand/fotos/26718013.png
2026-08-21 18:43:10,307 INFO photo_manager - Foto movida: /home/ddurand/proyectos/personal/rpaludoplay-app/src/static/images/77233139.png -> /home/ddurand/fotos/77233139.png
2026-08-21 18:43:10,307 INFO photo_manager - Foto movida: /home/ddurand/proyectos/personal/rpaludoplay-app/src/static/images/46155970.png -> /home/ddurand/fotos/46155970.png
2026-08-21 18:43:10,308 INFO photo_manager - Foto movida: /home/ddurand/proyectos/personal/rpaludoplay-app/src/static/images/46040157.png -> /home/ddurand/fotos/46040157.png
2026-08-21 18:43:10,308 INFO photo_manager - Foto movida: /home/ddurand/proyectos/personal/rpaludoplay-app/src/static/images/41160374.png -> /home/ddurand/fotos/41160374.png
2026-08-21 18:43:10,308 INFO photo_manager - Foto movida: /home/ddurand/proyectos/personal/rpaludoplay-app/src/static/images/41150321.png -> /home/ddurand/fotos/41150321.png
2026-08-21 18:43:10,309 INFO photo_manager - Foto movida: /home/ddurand/proyectos/personal/rpaludoplay-app/src/static/images/00517808.png -> /home/ddurand/fotos/00517808.png
2026-08-21 18:43:10,309 INFO photo_manager - Foto movida: /home/ddurand/proyectos/personal/rpaludoplay-app/src/static/images/08313319.png -> /home/ddurand/fotos/08313319.png
2026-08-21 18:43:10,309 INFO photo_manager - Foto movida: /home/ddurand/proyectos/personal/rpaludoplay-app/src/static/images/72168259.png -> /home/ddurand/fotos/72168259.png
2026-08-21 18:43:10,310 INFO photo_manager - Foto movida: /home/ddurand/proyectos/personal/rpaludoplay-app/src/static/images/70599463.png -> /home/ddurand/fotos/70599463.png
2026-08-21 18:43:10,310 INFO photo_manager - Foto movida: /home/ddurand/proyectos/personal/rpaludoplay-app/src/static/images/47431586.png -> /home/ddurand/fotos/47431586.png
2026-08-21 18:43:10,310 INFO photo_manager - Foto movida: /home/ddurand/proyectos/personal/rpaludoplay-app/src/static/images/60955346.png -> /home/ddurand/fotos/60955346.png
2026-08-21 18:43:10,311 INFO photo_manager - Foto movida: /home/ddurand/proyectos/personal/rpaludoplay-app/src/static/images/42149003.png -> /home/ddurand/fotos/42149003.png
2026-08-21 18:43:10,311 INFO photo_manager - Foto movida: /home/ddurand/proyectos/personal/rpaludoplay-app/src/static/images/42337175.png -> /home/ddurand/fotos/42337175.png
2026-08-21 18:43:10,311 INFO photo_manager - Foto movida: /home/ddurand/proyectos/personal/rpaludoplay-app/src/static/images/76389264.png -> /home/ddurand/fotos/76389264.png
2026-08-21 18:43:10,312 INFO photo_manager - Foto movida: /home/ddurand/proyectos/personal/rpaludoplay-app/src/static/images/07922095.png -> /home/ddurand/fotos/07922095.png
2026-08-21 18:43:10,312 INFO photo_manager - Foto movida: /home/ddurand/proyectos/personal/rpaludoplay-app/src/static/images/70926886.png -> /home/ddurand/fotos/70926886.png
2026-08-21 18:43:10,312 INFO photo_manager - Foto movida: /home/ddurand/proyectos/personal/rpaludoplay-app/src/static/images/10104332.png -> /home/ddurand/fotos/10104332.png
2026-08-21 18:43:10,312 INFO photo_manager - Foto movida: /home/ddurand/proyectos/personal/rpaludoplay-app/src/static/images/73482736.png -> /home/ddurand/fotos/73482736.png
2026-08-21 18:43:10,313 INFO photo_manager - Foto movida: /home/ddurand/proyectos/personal/rpaludoplay-app/src/static/images/43073320.png -> /home/ddurand/fotos/43073320.png
2026-08-21 18:43:10,313 INFO photo_manager - Foto movida: /home/ddurand/proyectos/personal/rpaludoplay-app/src/static/images/45380544.png -> /home/ddurand/fotos/45380544.png
2026-08-21 18:43:10,313 INFO photo_manager - Foto movida: /home/ddurand/proyectos/personal/rpaludoplay-app/src/static/images/70674337.png -> /home/ddurand/fotos/70674337.png
2026-08-21 18:43:10,313 INFO photo_manager - Foto movida: /home/ddurand/proyectos/personal/rpaludoplay-app/src/static/images/72859618.png -> /home/ddurand/fotos/72859618.png
2026-08-21 18:43:10,314 INFO photo_manager - Foto movida: /home/ddurand/proyectos/personal/rpaludoplay-app/src/static/images/47964145.png -> /home/ddurand/fotos/47964145.png
2026-08-21 18:43:10,314 INFO photo_manager - Foto movida: /home/ddurand/proyectos/personal/rpaludoplay-app/src/static/images/72353123.png -> /home/ddurand/fotos/72353123.png
2026-08-21 18:43:10,314 INFO photo_manager - Foto movida: /home/ddurand/proyectos/personal/rpaludoplay-app/src/static/images/61052398.png -> /home/ddurand/fotos/61052398.png
2026-08-21 18:43:10,314 INFO photo_manager - Foto movida: /home/ddurand/proyectos/personal/rpaludoplay-app/src/static/images/16648414.png -> /home/ddurand/fotos/16648414.png
2026-08-21 18:43:10,315 INFO photo_manager - Foto movida: /home/ddurand/proyectos/personal/rpaludoplay-app/src/static/images/08188752.png -> /home/ddurand/fotos/08188752.png
2026-08-21 18:43:10,315 INFO photo_manager - Foto movida: /home/ddurand/proyectos/personal/rpaludoplay-app/src/static/images/26645976.png -> /home/ddurand/fotos/26645976.png
2026-08-21 18:43:10,315 INFO photo_manager - Foto movida: /home/ddurand/proyectos/personal/rpaludoplay-app/src/static/images/47929803.png -> /home/ddurand/fotos/47929803.png
2026-08-21 18:43:10,315 INFO photo_manager - Foto movida: /home/ddurand/proyectos/personal/rpaludoplay-app/src/static/images/76408654.png -> /home/ddurand/fotos/76408654.png
2026-08-21 18:43:10,316 INFO photo_manager - Foto movida: /home/ddurand/proyectos/personal/rpaludoplay-app/src/static/images/73125463.png -> /home/ddurand/fotos/73125463.png
2026-08-21 18:43:10,316 INFO photo_manager - Foto movida: /home/ddurand/proyectos/personal/rpaludoplay-app/src/static/images/75318749.png -> /home/ddurand/fotos/75318749.png
2026-08-21 18:43:10,316 INFO photo_manager - Foto movida: /home/ddurand/proyectos/personal/rpaludoplay-app/src/static/images/80332542.png -> /home/ddurand/fotos/80332542.png
2026-08-21 18:43:10,317 INFO photo_manager - Foto movida: /home/ddurand/proyectos/personal/rpaludoplay-app/src/static/images/06792928.png -> /home/ddurand/fotos/06792928.png
2026-08-21 18:43:10,317 INFO photo_manager - Foto movida: /home/ddurand/proyectos/personal/rpaludoplay-app/src/static/images/16745076.png -> /home/ddurand/fotos/16745076.png
2026-08-21 18:43:10,317 INFO photo_manager - Foto movida: /home/ddurand/proyectos/personal/rpaludoplay-app/src/static/images/27713948.png -> /home/ddurand/fotos/27713948.png
2026-08-21 18:43:10,318 INFO photo_manager - Foto movida: /home/ddurand/proyectos/personal/rpaludoplay-app/src/static/images/43823720.png -> /home/ddurand/fotos/43823720.png
2026-08-21 18:43:10,318 INFO photo_manager - Foto movida: /home/ddurand/proyectos/personal/rpaludoplay-app/src/static/images/76024471.png -> /home/ddurand/fotos/76024471.png
2026-08-21 18:43:10,318 INFO photo_manager - Foto movida: /home/ddurand/proyectos/personal/rpaludoplay-app/src/static/images/42021539.png -> /home/ddurand/fotos/42021539.png
2026-08-21 18:43:10,319 INFO photo_manager - Foto movida: /home/ddurand/proyectos/personal/rpaludoplay-app/src/static/images/43372800.png -> /home/ddurand/fotos/43372800.png
2026-08-21 18:43:10,319 INFO photo_manager - Foto movida: /home/ddurand/proyectos/personal/rpaludoplay-app/src/static/images/10588875.png -> /home/ddurand/fotos/10588875.png
2026-08-21 18:43:10,320 INFO photo_manager - Foto movida: /home/ddurand/proyectos/personal/rpaludoplay-app/src/static/images/10645383.png -> /home/ddurand/fotos/10645383.png
2026-08-21 18:43:10,320 INFO photo_manager - Foto movida: /home/ddurand/proyectos/personal/rpaludoplay-app/src/static/images/40587783.png -> /home/ddurand/fotos/40587783.png
2026-08-21 18:43:10,320 INFO photo_manager - Foto movida: /home/ddurand/proyectos/personal/rpaludoplay-app/src/static/images/70869251.png -> /home/ddurand/fotos/70869251.png
2026-08-21 18:43:10,321 INFO photo_manager - Foto movida: /home/ddurand/proyectos/personal/rpaludoplay-app/src/static/images/03507296.png -> /home/ddurand/fotos/03507296.png
2026-08-21 18:43:10,321 INFO photo_manager - Foto movida: /home/ddurand/proyectos/personal/rpaludoplay-app/src/static/images/08207807.png -> /home/ddurand/fotos/08207807.png
2026-08-21 18:43:10,322 INFO photo_manager - Foto movida: /home/ddurand/proyectos/personal/rpaludoplay-app/src/static/images/09730012.png -> /home/ddurand/fotos/09730012.png
2026-08-21 18:43:10,322 INFO photo_manager - Foto movida: /home/ddurand/proyectos/personal/rpaludoplay-app/src/static/images/41198314.png -> /home/ddurand/fotos/41198314.png
2026-08-21 18:43:10,322 INFO photo_manager - Foto movida: /home/ddurand/proyectos/personal/rpaludoplay-app/src/static/images/09985044.png -> /home/ddurand/fotos/09985044.png
2026-08-21 18:43:10,323 INFO photo_manager - Foto movida: /home/ddurand/proyectos/personal/rpaludoplay-app/src/static/images/06593736.png -> /home/ddurand/fotos/06593736.png
2026-08-21 18:43:10,323 INFO photo_manager - Foto movida: /home/ddurand/proyectos/personal/rpaludoplay-app/src/static/images/71306896.png -> /home/ddurand/fotos/71306896.png
2026-08-21 18:43:10,323 INFO photo_manager - Foto movida: /home/ddurand/proyectos/personal/rpaludoplay-app/src/static/images/10810470.png -> /home/ddurand/fotos/10810470.png
2026-08-21 18:43:10,324 INFO photo_manager - Foto movida: /home/ddurand/proyectos/personal/rpaludoplay-app/src/static/images/46171946.png -> /home/ddurand/fotos/46171946.png
2026-08-21 18:43:10,324 INFO photo_manager - Foto movida: /home/ddurand/proyectos/personal/rpaludoplay-app/src/static/images/70048446.png -> /home/ddurand/fotos/70048446.png
2026-08-21 18:43:10,324 INFO photo_manager - Foto movida: /home/ddurand/proyectos/personal/rpaludoplay-app/src/static/images/76359409.png -> /home/ddurand/fotos/76359409.png
2026-08-21 18:43:10,324 INFO photo_manager - Foto movida: /home/ddurand/proyectos/personal/rpaludoplay-app/src/static/images/09613058.png -> /home/ddurand/fotos/09613058.png
2026-08-21 18:43:10,325 INFO photo_manager - Foto movida: /home/ddurand/proyectos/personal/rpaludoplay-app/src/static/images/76958224.png -> /home/ddurand/fotos/76958224.png
2026-08-21 18:43:10,325 INFO photo_manager - Foto movida: /home/ddurand/proyectos/personal/rpaludoplay-app/src/static/images/09960832.png -> /home/ddurand/fotos/09960832.png
2026-08-21 18:43:10,325 INFO photo_manager - Foto movida: /home/ddurand/proyectos/personal/rpaludoplay-app/src/static/images/09286903.png -> /home/ddurand/fotos/09286903.png
2026-08-21 18:43:10,326 INFO photo_manager - Foto movida: /home/ddurand/proyectos/personal/rpaludoplay-app/src/static/images/02885408.png -> /home/ddurand/fotos/02885408.png
2026-08-21 18:43:10,326 INFO photo_manager - Foto movida: /home/ddurand/proyectos/personal/rpaludoplay-app/src/static/images/71940476.png -> /home/ddurand/fotos/71940476.png
2026-08-21 18:43:10,326 INFO photo_manager - Foto movida: /home/ddurand/proyectos/personal/rpaludoplay-app/src/static/images/73323316.png -> /home/ddurand/fotos/73323316.png
2026-08-21 18:43:10,327 INFO photo_manager - Foto movida: /home/ddurand/proyectos/personal/rpaludoplay-app/src/static/images/41914746.png -> /home/ddurand/fotos/41914746.png
2026-08-21 18:43:10,327 INFO photo_manager - Foto movida: /home/ddurand/proyectos/personal/rpaludoplay-app/src/static/images/40645817.png -> /home/ddurand/fotos/40645817.png
2026-08-21 18:43:10,327 INFO photo_manager - Foto movida: /home/ddurand/proyectos/personal/rpaludoplay-app/src/static/images/40918692.png -> /home/ddurand/fotos/40918692.png
2026-08-21 18:43:10,327 INFO photo_manager - Foto movida: /home/ddurand/proyectos/personal/rpaludoplay-app/src/static/images/80114450.png -> /home/ddurand/fotos/80114450.png
2026-08-21 18:43:10,328 INFO photo_manager - Foto movida: /home/ddurand/proyectos/personal/rpaludoplay-app/src/static/images/16774865.png -> /home/ddurand/fotos/16774865.png
2026-08-21 18:43:10,328 INFO photo_manager - Foto movida: /home/ddurand/proyectos/personal/rpaludoplay-app/src/static/images/76939370.png -> /home/ddurand/fotos/76939370.png
2026-08-21 18:43:10,329 INFO photo_manager - Foto movida: /home/ddurand/proyectos/personal/rpaludoplay-app/src/static/images/76079459.png -> /home/ddurand/fotos/76079459.png
2026-08-21 18:43:10,329 INFO photo_manager - Foto movida: /home/ddurand/proyectos/personal/rpaludoplay-app/src/static/images/73896532.png -> /home/ddurand/fotos/73896532.png
2026-08-21 18:43:10,330 INFO photo_manager - Foto movida: /home/ddurand/proyectos/personal/rpaludoplay-app/src/static/images/70442313.png -> /home/ddurand/fotos/70442313.png
2026-08-21 18:43:10,330 INFO photo_manager - Foto movida: /home/ddurand/proyectos/personal/rpaludoplay-app/src/static/images/48298082.png -> /home/ddurand/fotos/48298082.png
2026-08-21 18:43:10,330 INFO photo_manager - Foto movida: /home/ddurand/proyectos/personal/rpaludoplay-app/src/static/images/06805650.png -> /home/ddurand/fotos/06805650.png
2026-08-21 18:43:10,331 INFO photo_manager - Foto movida: /home/ddurand/proyectos/personal/rpaludoplay-app/src/static/images/06155059.png -> /home/ddurand/fotos/06155059.png
2026-08-21 18:43:10,331 INFO photo_manager - Foto movida: /home/ddurand/proyectos/personal/rpaludoplay-app/src/static/images/74428019.png -> /home/ddurand/fotos/74428019.png
2026-08-21 18:43:10,331 INFO photo_manager - Foto movida: /home/ddurand/proyectos/personal/rpaludoplay-app/src/static/images/72432743.png -> /home/ddurand/fotos/72432743.png
2026-08-21 18:43:10,331 INFO photo_manager - Foto movida: /home/ddurand/proyectos/personal/rpaludoplay-app/src/static/images/48770438.png -> /home/ddurand/fotos/48770438.png
2026-08-21 18:43:10,332 INFO photo_manager - Foto movida: /home/ddurand/proyectos/personal/rpaludoplay-app/src/static/images/44793374.png -> /home/ddurand/fotos/44793374.png
2026-08-21 18:43:10,332 INFO photo_manager - Foto movida: /home/ddurand/proyectos/personal/rpaludoplay-app/src/static/images/09482159.png -> /home/ddurand/fotos/09482159.png
2026-08-21 18:43:10,332 INFO photo_manager - Foto movida: /home/ddurand/proyectos/personal/rpaludoplay-app/src/static/images/06200812.png -> /home/ddurand/fotos/06200812.png
2026-08-21 18:43:10,332 INFO photo_manager - Foto movida: /home/ddurand/proyectos/personal/rpaludoplay-app/src/static/images/40228187.png -> /home/ddurand/fotos/40228187.png
2026-08-21 18:43:10,333 INFO photo_manager - Foto movida: /home/ddurand/proyectos/personal/rpaludoplay-app/src/static/images/43277649.png -> /home/ddurand/fotos/43277649.png
2026-08-21 18:43:10,333 INFO photo_manager - Foto movida: /home/ddurand/proyectos/personal/rpaludoplay-app/src/static/images/44820949.png -> /home/ddurand/fotos/44820949.png
2026-08-21 18:43:10,333 INFO photo_manager - Foto movida: /home/ddurand/proyectos/personal/rpaludoplay-app/src/static/images/72898262.png -> /home/ddurand/fotos/72898262.png
2026-08-21 18:43:10,334 INFO photo_manager - Foto movida: /home/ddurand/proyectos/personal/rpaludoplay-app/src/static/images/48383612.png -> /home/ddurand/fotos/48383612.png
2026-08-21 18:43:10,334 INFO photo_manager - Foto movida: /home/ddurand/proyectos/personal/rpaludoplay-app/src/static/images/76369064.png -> /home/ddurand/fotos/76369064.png
2026-08-21 18:43:10,334 INFO photo_manager - Foto movida: /home/ddurand/proyectos/personal/rpaludoplay-app/src/static/images/73891316.png -> /home/ddurand/fotos/73891316.png
2026-08-21 18:43:10,335 INFO photo_manager - Foto movida: /home/ddurand/proyectos/personal/rpaludoplay-app/src/static/images/42474519.png -> /home/ddurand/fotos/42474519.png
2026-08-21 18:43:10,335 INFO photo_manager - Foto movida: /home/ddurand/proyectos/personal/rpaludoplay-app/src/static/images/77066364.png -> /home/ddurand/fotos/77066364.png
2026-08-21 18:43:10,335 INFO photo_manager - Foto movida: /home/ddurand/proyectos/personal/rpaludoplay-app/src/static/images/29678352.png -> /home/ddurand/fotos/29678352.png
2026-08-21 18:43:10,336 INFO photo_manager - Foto movida: /home/ddurand/proyectos/personal/rpaludoplay-app/src/static/images/49021457.png -> /home/ddurand/fotos/49021457.png
2026-08-21 18:43:10,336 INFO photo_manager - Foto movida: /home/ddurand/proyectos/personal/rpaludoplay-app/src/static/images/70785073.png -> /home/ddurand/fotos/70785073.png
2026-08-21 18:43:10,336 INFO photo_manager - Foto movida: /home/ddurand/proyectos/personal/rpaludoplay-app/src/static/images/09842768.png -> /home/ddurand/fotos/09842768.png
2026-08-21 18:43:10,337 INFO photo_manager - Foto movida: /home/ddurand/proyectos/personal/rpaludoplay-app/src/static/images/46355233.png -> /home/ddurand/fotos/46355233.png
2026-08-21 18:43:10,337 INFO photo_manager - Foto movida: /home/ddurand/proyectos/personal/rpaludoplay-app/src/static/images/72455735.png -> /home/ddurand/fotos/72455735.png
2026-08-21 18:43:10,338 INFO photo_manager - Foto movida: /home/ddurand/proyectos/personal/rpaludoplay-app/src/static/images/09078861.png -> /home/ddurand/fotos/09078861.png
2026-08-21 18:43:10,338 INFO photo_manager - Foto movida: /home/ddurand/proyectos/personal/rpaludoplay-app/src/static/images/001266044.png -> /home/ddurand/fotos/001266044.png
2026-08-21 18:43:10,338 INFO photo_manager - Foto movida: /home/ddurand/proyectos/personal/rpaludoplay-app/src/static/images/001298491.png -> /home/ddurand/fotos/001298491.png
2026-08-21 18:43:10,338 INFO photo_manager - Foto movida: /home/ddurand/proyectos/personal/rpaludoplay-app/src/static/images/77470379.png -> /home/ddurand/fotos/77470379.png
2026-08-21 18:43:10,339 INFO photo_manager - Foto movida: /home/ddurand/proyectos/personal/rpaludoplay-app/src/static/images/73998154.png -> /home/ddurand/fotos/73998154.png
2026-08-21 18:43:10,339 INFO photo_manager - Foto movida: /home/ddurand/proyectos/personal/rpaludoplay-app/src/static/images/77222087.png -> /home/ddurand/fotos/77222087.png
2026-08-21 18:43:10,339 INFO photo_manager - Foto movida: /home/ddurand/proyectos/personal/rpaludoplay-app/src/static/images/71792904.png -> /home/ddurand/fotos/71792904.png
2026-08-21 18:43:10,339 INFO photo_manager - Foto movida: /home/ddurand/proyectos/personal/rpaludoplay-app/src/static/images/75360837.png -> /home/ddurand/fotos/75360837.png
2026-08-21 18:43:10,340 INFO photo_manager - Foto movida: /home/ddurand/proyectos/personal/rpaludoplay-app/src/static/images/75466651.png -> /home/ddurand/fotos/75466651.png
2026-08-21 18:43:10,340 INFO photo_manager - Foto movida: /home/ddurand/proyectos/personal/rpaludoplay-app/src/static/images/47339475.png -> /home/ddurand/fotos/47339475.png
2026-08-21 18:43:10,340 INFO photo_manager - Foto movida: /home/ddurand/proyectos/personal/rpaludoplay-app/src/static/images/42955279.png -> /home/ddurand/fotos/42955279.png
2026-08-21 18:43:10,340 INFO photo_manager - Foto movida: /home/ddurand/proyectos/personal/rpaludoplay-app/src/static/images/41365201.png -> /home/ddurand/fotos/41365201.png
2026-08-21 18:43:10,341 INFO photo_manager - Foto movida: /home/ddurand/proyectos/personal/rpaludoplay-app/src/static/images/30642078.png -> /home/ddurand/fotos/30642078.png
2026-08-21 18:43:10,341 INFO photo_manager - Foto movida: /home/ddurand/proyectos/personal/rpaludoplay-app/src/static/images/40758176.png -> /home/ddurand/fotos/40758176.png
2026-08-21 18:43:10,341 INFO photo_manager - Foto movida: /home/ddurand/proyectos/personal/rpaludoplay-app/src/static/images/42109166.png -> /home/ddurand/fotos/42109166.png
2026-08-21 18:43:10,342 INFO photo_manager - Foto movida: /home/ddurand/proyectos/personal/rpaludoplay-app/src/static/images/02884715.png -> /home/ddurand/fotos/02884715.png
2026-08-21 18:43:10,342 INFO photo_manager - Foto movida: /home/ddurand/proyectos/personal/rpaludoplay-app/src/static/images/02794831.png -> /home/ddurand/fotos/02794831.png
2026-08-21 18:43:10,342 INFO photo_manager - Foto movida: /home/ddurand/proyectos/personal/rpaludoplay-app/src/static/images/46920474.png -> /home/ddurand/fotos/46920474.png
2026-08-21 18:43:10,342 INFO photo_manager - Foto movida: /home/ddurand/proyectos/personal/rpaludoplay-app/src/static/images/74969056.png -> /home/ddurand/fotos/74969056.png
2026-08-21 18:43:10,343 INFO photo_manager - Foto movida: /home/ddurand/proyectos/personal/rpaludoplay-app/src/static/images/42668051.png -> /home/ddurand/fotos/42668051.png
2026-08-21 18:43:10,343 INFO photo_manager - Foto movida: /home/ddurand/proyectos/personal/rpaludoplay-app/src/static/images/16415700.png -> /home/ddurand/fotos/16415700.png
2026-08-21 18:43:10,343 INFO photo_manager - Foto movida: /home/ddurand/proyectos/personal/rpaludoplay-app/src/static/images/76980618.png -> /home/ddurand/fotos/76980618.png
2026-08-21 18:43:10,344 INFO photo_manager - Foto movida: /home/ddurand/proyectos/personal/rpaludoplay-app/src/static/images/46000159.png -> /home/ddurand/fotos/46000159.png
2026-08-21 18:43:10,344 INFO photo_manager - Foto movida: /home/ddurand/proyectos/personal/rpaludoplay-app/src/static/images/72226802.png -> /home/ddurand/fotos/72226802.png
2026-08-21 18:43:10,344 INFO photo_manager - Foto movida: /home/ddurand/proyectos/personal/rpaludoplay-app/src/static/images/43540441.png -> /home/ddurand/fotos/43540441.png
2026-08-21 18:43:10,344 INFO photo_manager - Foto movida: /home/ddurand/proyectos/personal/rpaludoplay-app/src/static/images/04642113.png -> /home/ddurand/fotos/04642113.png
2026-08-21 18:43:10,345 INFO photo_manager - Foto movida: /home/ddurand/proyectos/personal/rpaludoplay-app/src/static/images/07885488.png -> /home/ddurand/fotos/07885488.png
2026-08-21 18:43:10,345 INFO photo_manager - Foto movida: /home/ddurand/proyectos/personal/rpaludoplay-app/src/static/images/73325121.png -> /home/ddurand/fotos/73325121.png
2026-08-21 18:43:10,345 INFO photo_manager - Foto movida: /home/ddurand/proyectos/personal/rpaludoplay-app/src/static/images/76980619.png -> /home/ddurand/fotos/76980619.png
2026-08-21 18:43:10,345 INFO photo_manager - Foto movida: /home/ddurand/proyectos/personal/rpaludoplay-app/src/static/images/42127453.png -> /home/ddurand/fotos/42127453.png
2026-08-21 18:43:10,346 INFO photo_manager - Foto movida: /home/ddurand/proyectos/personal/rpaludoplay-app/src/static/images/75675148.png -> /home/ddurand/fotos/75675148.png
2026-08-21 18:43:10,346 INFO photo_manager - Foto movida: /home/ddurand/proyectos/personal/rpaludoplay-app/src/static/images/42055884.png -> /home/ddurand/fotos/42055884.png
2026-08-21 18:43:10,346 INFO photo_manager - Foto movida: /home/ddurand/proyectos/personal/rpaludoplay-app/src/static/images/29647109.png -> /home/ddurand/fotos/29647109.png
2026-08-21 18:43:10,346 INFO photo_manager - Foto movida: /home/ddurand/proyectos/personal/rpaludoplay-app/src/static/images/47670718.png -> /home/ddurand/fotos/47670718.png
2026-08-21 18:43:10,347 INFO photo_manager - Foto movida: /home/ddurand/proyectos/personal/rpaludoplay-app/src/static/images/46522823.png -> /home/ddurand/fotos/46522823.png
2026-08-21 18:43:10,347 INFO photo_manager - Foto movida: /home/ddurand/proyectos/personal/rpaludoplay-app/src/static/images/08627193.png -> /home/ddurand/fotos/08627193.png
2026-08-21 18:43:10,347 INFO photo_manager - Foto movida: /home/ddurand/proyectos/personal/rpaludoplay-app/src/static/images/47318709.png -> /home/ddurand/fotos/47318709.png
2026-08-21 18:43:10,347 INFO photo_manager - Foto movida: /home/ddurand/proyectos/personal/rpaludoplay-app/src/static/images/72074388.png -> /home/ddurand/fotos/72074388.png
2026-08-21 18:43:10,348 INFO photo_manager - Foto movida: /home/ddurand/proyectos/personal/rpaludoplay-app/src/static/images/10439022.png -> /home/ddurand/fotos/10439022.png
2026-08-21 18:43:10,348 INFO photo_manager - Foto movida: /home/ddurand/proyectos/personal/rpaludoplay-app/src/static/images/45947652.png -> /home/ddurand/fotos/45947652.png
2026-08-21 18:43:10,348 INFO photo_manager - Foto movida: /home/ddurand/proyectos/personal/rpaludoplay-app/src/static/images/44308519.png -> /home/ddurand/fotos/44308519.png
2026-08-21 18:43:10,348 INFO photo_manager - Foto movida: /home/ddurand/proyectos/personal/rpaludoplay-app/src/static/images/43013717.png -> /home/ddurand/fotos/43013717.png
2026-08-21 18:43:10,349 INFO photo_manager - Foto movida: /home/ddurand/proyectos/personal/rpaludoplay-app/src/static/images/45945392.png -> /home/ddurand/fotos/45945392.png
2026-08-21 18:43:10,349 INFO photo_manager - Foto movida: /home/ddurand/proyectos/personal/rpaludoplay-app/src/static/images/74309733.png -> /home/ddurand/fotos/74309733.png
2026-08-21 18:43:10,349 INFO photo_manager - Foto movida: /home/ddurand/proyectos/personal/rpaludoplay-app/src/static/images/45581495.png -> /home/ddurand/fotos/45581495.png
2026-08-21 18:43:10,349 INFO photo_manager - Foto movida: /home/ddurand/proyectos/personal/rpaludoplay-app/src/static/images/71649177.png -> /home/ddurand/fotos/71649177.png
2026-08-21 18:43:10,350 INFO photo_manager - Foto movida: /home/ddurand/proyectos/personal/rpaludoplay-app/src/static/images/72838347.png -> /home/ddurand/fotos/72838347.png
2026-08-21 18:43:10,350 INFO photo_manager - Foto movida: /home/ddurand/proyectos/personal/rpaludoplay-app/src/static/images/44803832.png -> /home/ddurand/fotos/44803832.png
2026-08-21 18:43:10,350 INFO photo_manager - Foto movida: /home/ddurand/proyectos/personal/rpaludoplay-app/src/static/images/72120659.png -> /home/ddurand/fotos/72120659.png
2026-08-21 18:43:10,351 INFO photo_manager - Foto movida: /home/ddurand/proyectos/personal/rpaludoplay-app/src/static/images/76724171.png -> /home/ddurand/fotos/76724171.png
2026-08-21 18:43:10,351 INFO photo_manager - Foto movida: /home/ddurand/proyectos/personal/rpaludoplay-app/src/static/images/48345432.png -> /home/ddurand/fotos/48345432.png
2026-08-21 18:43:10,351 INFO photo_manager - Foto movida: /home/ddurand/proyectos/personal/rpaludoplay-app/src/static/images/43727632.png -> /home/ddurand/fotos/43727632.png
2026-08-21 18:43:10,352 INFO photo_manager - Foto movida: /home/ddurand/proyectos/personal/rpaludoplay-app/src/static/images/41002633.png -> /home/ddurand/fotos/41002633.png
2026-08-21 18:43:10,352 INFO photo_manager - Foto movida: /home/ddurand/proyectos/personal/rpaludoplay-app/src/static/images/07836607.png -> /home/ddurand/fotos/07836607.png
2026-08-21 18:43:10,353 INFO photo_manager - Foto movida: /home/ddurand/proyectos/personal/rpaludoplay-app/src/static/images/47690030.png -> /home/ddurand/fotos/47690030.png
2026-08-21 18:43:10,353 INFO photo_manager - Foto movida: /home/ddurand/proyectos/personal/rpaludoplay-app/src/static/images/61365701.png -> /home/ddurand/fotos/61365701.png
2026-08-21 18:43:10,354 INFO photo_manager - Foto movida: /home/ddurand/proyectos/personal/rpaludoplay-app/src/static/images/70123920.png -> /home/ddurand/fotos/70123920.png
2026-08-21 18:43:10,354 INFO photo_manager - Foto movida: /home/ddurand/proyectos/personal/rpaludoplay-app/src/static/images/75795626.png -> /home/ddurand/fotos/75795626.png
2026-08-21 18:43:10,354 INFO photo_manager - Foto movida: /home/ddurand/proyectos/personal/rpaludoplay-app/src/static/images/43061752.png -> /home/ddurand/fotos/43061752.png
2026-08-21 18:43:10,355 INFO photo_manager - Foto movida: /home/ddurand/proyectos/personal/rpaludoplay-app/src/static/images/29708854.png -> /home/ddurand/fotos/29708854.png
2026-08-21 18:43:10,355 INFO photo_manager - Foto movida: /home/ddurand/proyectos/personal/rpaludoplay-app/src/static/images/46181047.png -> /home/ddurand/fotos/46181047.png
2026-08-21 18:43:10,355 INFO photo_manager - Foto movida: /home/ddurand/proyectos/personal/rpaludoplay-app/src/static/images/74134917.png -> /home/ddurand/fotos/74134917.png
2026-08-21 18:43:10,356 INFO photo_manager - Foto movida: /home/ddurand/proyectos/personal/rpaludoplay-app/src/static/images/72920908.png -> /home/ddurand/fotos/72920908.png
2026-08-21 18:43:10,356 INFO photo_manager - Foto movida: /home/ddurand/proyectos/personal/rpaludoplay-app/src/static/images/16563399.png -> /home/ddurand/fotos/16563399.png
2026-08-21 18:43:10,356 INFO photo_manager - Foto movida: /home/ddurand/proyectos/personal/rpaludoplay-app/src/static/images/47811254.png -> /home/ddurand/fotos/47811254.png
2026-08-21 18:43:10,357 INFO photo_manager - Foto movida: /home/ddurand/proyectos/personal/rpaludoplay-app/src/static/images/47040584.png -> /home/ddurand/fotos/47040584.png
2026-08-21 18:43:10,357 INFO photo_manager - Foto movida: /home/ddurand/proyectos/personal/rpaludoplay-app/src/static/images/30941628.png -> /home/ddurand/fotos/30941628.png
2026-08-21 18:43:10,357 INFO photo_manager - Foto movida: /home/ddurand/proyectos/personal/rpaludoplay-app/src/static/images/29723426.png -> /home/ddurand/fotos/29723426.png
2026-08-21 18:43:10,357 INFO photo_manager - Foto movida: /home/ddurand/proyectos/personal/rpaludoplay-app/src/static/images/44695327.png -> /home/ddurand/fotos/44695327.png
2026-08-21 18:43:10,358 INFO photo_manager - Foto movida: /home/ddurand/proyectos/personal/rpaludoplay-app/src/static/images/73639854.png -> /home/ddurand/fotos/73639854.png
2026-08-21 18:43:10,358 INFO photo_manager - Foto movida: /home/ddurand/proyectos/personal/rpaludoplay-app/src/static/images/75098491.png -> /home/ddurand/fotos/75098491.png
2026-08-21 18:43:10,358 INFO photo_manager - Foto movida: /home/ddurand/proyectos/personal/rpaludoplay-app/src/static/images/41273779.png -> /home/ddurand/fotos/41273779.png
2026-08-21 18:43:10,358 INFO photo_manager - Foto movida: /home/ddurand/proyectos/personal/rpaludoplay-app/src/static/images/48544622.png -> /home/ddurand/fotos/48544622.png
2026-08-21 18:43:10,359 INFO photo_manager - Foto movida: /home/ddurand/proyectos/personal/rpaludoplay-app/src/static/images/43248532.png -> /home/ddurand/fotos/43248532.png
2026-08-21 18:43:10,359 INFO photo_manager - Foto movida: /home/ddurand/proyectos/personal/rpaludoplay-app/src/static/images/48446030.png -> /home/ddurand/fotos/48446030.png
2026-08-21 18:43:10,359 INFO photo_manager - Foto movida: /home/ddurand/proyectos/personal/rpaludoplay-app/src/static/images/46699426.png -> /home/ddurand/fotos/46699426.png
2026-08-21 18:43:10,359 INFO photo_manager - Foto movida: /home/ddurand/proyectos/personal/rpaludoplay-app/src/static/images/72407542.png -> /home/ddurand/fotos/72407542.png
2026-08-21 18:43:10,360 INFO photo_manager - Foto movida: /home/ddurand/proyectos/personal/rpaludoplay-app/src/static/images/44772170.png -> /home/ddurand/fotos/44772170.png
2026-08-21 18:43:10,360 INFO photo_manager - Foto movida: /home/ddurand/proyectos/personal/rpaludoplay-app/src/static/images/08887957.png -> /home/ddurand/fotos/08887957.png
2026-08-21 18:43:10,360 INFO photo_manager - Foto movida: /home/ddurand/proyectos/personal/rpaludoplay-app/src/static/images/43108181.png -> /home/ddurand/fotos/43108181.png
2026-08-21 18:43:10,360 INFO photo_manager - Foto movida: /home/ddurand/proyectos/personal/rpaludoplay-app/src/static/images/41335677.png -> /home/ddurand/fotos/41335677.png
2026-08-21 18:43:10,361 INFO photo_manager - Foto movida: /home/ddurand/proyectos/personal/rpaludoplay-app/src/static/images/72716971.png -> /home/ddurand/fotos/72716971.png
2026-08-21 18:43:10,361 INFO photo_manager - Foto movida: /home/ddurand/proyectos/personal/rpaludoplay-app/src/static/images/10491842.png -> /home/ddurand/fotos/10491842.png
2026-08-21 18:43:10,361 INFO photo_manager - Foto movida: /home/ddurand/proyectos/personal/rpaludoplay-app/src/static/images/09536047.png -> /home/ddurand/fotos/09536047.png
2026-08-21 18:43:10,361 INFO photo_manager - Foto movida: /home/ddurand/proyectos/personal/rpaludoplay-app/src/static/images/06673948.png -> /home/ddurand/fotos/06673948.png
2026-08-21 18:43:10,362 INFO photo_manager - Foto movida: /home/ddurand/proyectos/personal/rpaludoplay-app/src/static/images/42895925.png -> /home/ddurand/fotos/42895925.png
2026-08-21 18:43:10,362 INFO photo_manager - Foto movida: /home/ddurand/proyectos/personal/rpaludoplay-app/src/static/images/41295722.png -> /home/ddurand/fotos/41295722.png
2026-08-21 18:43:10,363 INFO photo_manager - Foto movida: /home/ddurand/proyectos/personal/rpaludoplay-app/src/static/images/10447229.png -> /home/ddurand/fotos/10447229.png
2026-08-21 18:43:10,363 INFO photo_manager - Foto movida: /home/ddurand/proyectos/personal/rpaludoplay-app/src/static/images/40575555.png -> /home/ddurand/fotos/40575555.png
2026-08-21 18:43:10,363 INFO photo_manager - Foto movida: /home/ddurand/proyectos/personal/rpaludoplay-app/src/static/images/15740117.png -> /home/ddurand/fotos/15740117.png
2026-08-21 18:43:10,364 INFO photo_manager - Foto movida: /home/ddurand/proyectos/personal/rpaludoplay-app/src/static/images/42792593.png -> /home/ddurand/fotos/42792593.png
2026-08-21 18:43:10,364 INFO photo_manager - Foto movida: /home/ddurand/proyectos/personal/rpaludoplay-app/src/static/images/007449710.png -> /home/ddurand/fotos/007449710.png
2026-08-21 18:43:10,364 INFO photo_manager - Foto movida: /home/ddurand/proyectos/personal/rpaludoplay-app/src/static/images/01342343.png -> /home/ddurand/fotos/01342343.png
2026-08-21 18:43:10,364 INFO photo_manager - Foto movida: /home/ddurand/proyectos/personal/rpaludoplay-app/src/static/images/42110254.png -> /home/ddurand/fotos/42110254.png
2026-08-21 18:43:10,365 INFO photo_manager - Foto movida: /home/ddurand/proyectos/personal/rpaludoplay-app/src/static/images/000373624.png -> /home/ddurand/fotos/000373624.png
2026-08-21 18:43:10,365 INFO photo_manager - Foto movida: /home/ddurand/proyectos/personal/rpaludoplay-app/src/static/images/45044906.png -> /home/ddurand/fotos/45044906.png
2026-08-21 18:43:10,365 INFO photo_manager - Foto movida: /home/ddurand/proyectos/personal/rpaludoplay-app/src/static/images/47919643.png -> /home/ddurand/fotos/47919643.png
2026-08-21 18:43:10,366 INFO photo_manager - Foto movida: /home/ddurand/proyectos/personal/rpaludoplay-app/src/static/images/10807006.png -> /home/ddurand/fotos/10807006.png
2026-08-21 18:43:10,366 INFO photo_manager - Foto movida: /home/ddurand/proyectos/personal/rpaludoplay-app/src/static/images/07549138.png -> /home/ddurand/fotos/07549138.png
2026-08-21 18:43:10,366 INFO photo_manager - Foto movida: /home/ddurand/proyectos/personal/rpaludoplay-app/src/static/images/08662719.png -> /home/ddurand/fotos/08662719.png
2026-08-21 18:43:10,367 INFO photo_manager - Foto movida: /home/ddurand/proyectos/personal/rpaludoplay-app/src/static/images/70993376.png -> /home/ddurand/fotos/70993376.png
2026-08-21 18:43:10,367 INFO photo_manager - Foto movida: /home/ddurand/proyectos/personal/rpaludoplay-app/src/static/images/08811163.png -> /home/ddurand/fotos/08811163.png
2026-08-21 18:43:10,367 INFO photo_manager - Foto movida: /home/ddurand/proyectos/personal/rpaludoplay-app/src/static/images/001084607.png -> /home/ddurand/fotos/001084607.png
2026-08-21 18:43:10,367 INFO photo_manager - Foto movida: /home/ddurand/proyectos/personal/rpaludoplay-app/src/static/images/76851946.png -> /home/ddurand/fotos/76851946.png
2026-08-21 18:43:10,368 INFO photo_manager - Foto movida: /home/ddurand/proyectos/personal/rpaludoplay-app/src/static/images/43569415.png -> /home/ddurand/fotos/43569415.png
2026-08-21 18:43:10,368 INFO photo_manager - Foto movida: /home/ddurand/proyectos/personal/rpaludoplay-app/src/static/images/003605211.png -> /home/ddurand/fotos/003605211.png
2026-08-21 18:43:10,368 INFO photo_manager - Foto movida: /home/ddurand/proyectos/personal/rpaludoplay-app/src/static/images/005180011.png -> /home/ddurand/fotos/005180011.png
2026-08-21 18:43:10,369 INFO photo_manager - Foto movida: /home/ddurand/proyectos/personal/rpaludoplay-app/src/static/images/46773692.png -> /home/ddurand/fotos/46773692.png
2026-08-21 18:43:10,369 INFO photo_manager - Foto movida: /home/ddurand/proyectos/personal/rpaludoplay-app/src/static/images/40849183.png -> /home/ddurand/fotos/40849183.png
2026-08-21 18:43:10,370 INFO photo_manager - Foto movida: /home/ddurand/proyectos/personal/rpaludoplay-app/src/static/images/72677567.png -> /home/ddurand/fotos/72677567.png
2026-08-21 18:43:10,370 INFO photo_manager - Foto movida: /home/ddurand/proyectos/personal/rpaludoplay-app/src/static/images/75150581.png -> /home/ddurand/fotos/75150581.png
2026-08-21 18:43:10,370 INFO photo_manager - Foto movida: /home/ddurand/proyectos/personal/rpaludoplay-app/src/static/images/75658308.png -> /home/ddurand/fotos/75658308.png
2026-08-21 18:43:10,371 INFO photo_manager - Foto movida: /home/ddurand/proyectos/personal/rpaludoplay-app/src/static/images/29615945.png -> /home/ddurand/fotos/29615945.png
2026-08-21 18:43:10,371 INFO photo_manager - Foto movida: /home/ddurand/proyectos/personal/rpaludoplay-app/src/static/images/45335186.png -> /home/ddurand/fotos/45335186.png
2026-08-21 18:43:10,372 INFO photo_manager - Foto movida: /home/ddurand/proyectos/personal/rpaludoplay-app/src/static/images/72762690.png -> /home/ddurand/fotos/72762690.png
2026-08-21 18:43:10,372 INFO photo_manager - Foto movida: /home/ddurand/proyectos/personal/rpaludoplay-app/src/static/images/16712889.png -> /home/ddurand/fotos/16712889.png
2026-08-21 18:43:10,372 INFO photo_manager - Foto movida: /home/ddurand/proyectos/personal/rpaludoplay-app/src/static/images/000172793.png -> /home/ddurand/fotos/000172793.png
2026-08-21 18:43:10,373 INFO photo_manager - Foto movida: /home/ddurand/proyectos/personal/rpaludoplay-app/src/static/images/72716247.png -> /home/ddurand/fotos/72716247.png
2026-08-21 18:43:10,373 INFO photo_manager - Foto movida: /home/ddurand/proyectos/personal/rpaludoplay-app/src/static/images/74749328.png -> /home/ddurand/fotos/74749328.png
2026-08-21 18:43:10,373 INFO photo_manager - Foto movida: /home/ddurand/proyectos/personal/rpaludoplay-app/src/static/images/76857920.png -> /home/ddurand/fotos/76857920.png
2026-08-21 18:43:10,374 INFO photo_manager - Foto movida: /home/ddurand/proyectos/personal/rpaludoplay-app/src/static/images/77224470.png -> /home/ddurand/fotos/77224470.png
2026-08-21 18:43:10,374 INFO photo_manager - Foto movida: /home/ddurand/proyectos/personal/rpaludoplay-app/src/static/images/40410778.png -> /home/ddurand/fotos/40410778.png
2026-08-21 18:43:10,374 INFO photo_manager - Foto movida: /home/ddurand/proyectos/personal/rpaludoplay-app/src/static/images/76507997.png -> /home/ddurand/fotos/76507997.png
2026-08-21 18:43:10,374 INFO photo_manager - Foto movida: /home/ddurand/proyectos/personal/rpaludoplay-app/src/static/images/10380844.png -> /home/ddurand/fotos/10380844.png
2026-08-21 18:43:10,375 INFO photo_manager - Foto movida: /home/ddurand/proyectos/personal/rpaludoplay-app/src/static/images/74830953.png -> /home/ddurand/fotos/74830953.png
2026-08-21 18:43:10,375 INFO photo_manager - Foto movida: /home/ddurand/proyectos/personal/rpaludoplay-app/src/static/images/41536575.png -> /home/ddurand/fotos/41536575.png
2026-08-21 18:43:10,375 INFO photo_manager - Foto movida: /home/ddurand/proyectos/personal/rpaludoplay-app/src/static/images/40333216.png -> /home/ddurand/fotos/40333216.png
2026-08-21 18:43:10,375 INFO photo_manager - Foto movida: /home/ddurand/proyectos/personal/rpaludoplay-app/src/static/images/42522495.png -> /home/ddurand/fotos/42522495.png
2026-08-21 18:43:10,376 INFO photo_manager - Foto movida: /home/ddurand/proyectos/personal/rpaludoplay-app/src/static/images/76278044.png -> /home/ddurand/fotos/76278044.png
2026-08-21 18:43:10,376 INFO photo_manager - Foto movida: /home/ddurand/proyectos/personal/rpaludoplay-app/src/static/images/42838257.png -> /home/ddurand/fotos/42838257.png
2026-08-21 18:43:10,376 INFO photo_manager - Foto movida: /home/ddurand/proyectos/personal/rpaludoplay-app/src/static/images/80178768.png -> /home/ddurand/fotos/80178768.png
2026-08-21 18:43:10,377 INFO photo_manager - Foto movida: /home/ddurand/proyectos/personal/rpaludoplay-app/src/static/images/75362855.png -> /home/ddurand/fotos/75362855.png
2026-08-21 18:43:10,377 INFO photo_manager - Foto movida: /home/ddurand/proyectos/personal/rpaludoplay-app/src/static/images/40493071.png -> /home/ddurand/fotos/40493071.png
2026-08-21 18:43:10,377 INFO photo_manager - Foto movida: /home/ddurand/proyectos/personal/rpaludoplay-app/src/static/images/71287236.png -> /home/ddurand/fotos/71287236.png
2026-08-21 18:43:10,377 INFO photo_manager - Foto movida: /home/ddurand/proyectos/personal/rpaludoplay-app/src/static/images/10626367.png -> /home/ddurand/fotos/10626367.png
2026-08-21 18:43:10,378 INFO photo_manager - Foto movida: /home/ddurand/proyectos/personal/rpaludoplay-app/src/static/images/44408022.png -> /home/ddurand/fotos/44408022.png
2026-08-21 18:43:10,378 INFO photo_manager - Foto movida: /home/ddurand/proyectos/personal/rpaludoplay-app/src/static/images/10745242.png -> /home/ddurand/fotos/10745242.png
2026-08-21 18:43:10,378 INFO photo_manager - Foto movida: /home/ddurand/proyectos/personal/rpaludoplay-app/src/static/images/07628246.png -> /home/ddurand/fotos/07628246.png
2026-08-21 18:43:10,378 INFO photo_manager - Foto movida: /home/ddurand/proyectos/personal/rpaludoplay-app/src/static/images/75959848.png -> /home/ddurand/fotos/75959848.png
2026-08-21 18:43:10,378 INFO photo_manager - Foto movida: /home/ddurand/proyectos/personal/rpaludoplay-app/src/static/images/45790581.png -> /home/ddurand/fotos/45790581.png
2026-08-21 18:43:10,379 INFO photo_manager - Foto movida: /home/ddurand/proyectos/personal/rpaludoplay-app/src/static/images/18896973.png -> /home/ddurand/fotos/18896973.png
2026-08-21 18:43:10,379 INFO photo_manager - Foto movida: /home/ddurand/proyectos/personal/rpaludoplay-app/src/static/images/43461120.png -> /home/ddurand/fotos/43461120.png
2026-08-21 18:43:10,379 INFO photo_manager - Foto movida: /home/ddurand/proyectos/personal/rpaludoplay-app/src/static/images/16454981.png -> /home/ddurand/fotos/16454981.png
2026-08-21 18:43:10,379 INFO photo_manager - Foto movida: /home/ddurand/proyectos/personal/rpaludoplay-app/src/static/images/07881601.png -> /home/ddurand/fotos/07881601.png
2026-08-21 18:43:10,379 INFO photo_manager - Foto movida: /home/ddurand/proyectos/personal/rpaludoplay-app/src/static/images/45734427.png -> /home/ddurand/fotos/45734427.png
2026-08-21 18:43:10,380 INFO photo_manager - Foto movida: /home/ddurand/proyectos/personal/rpaludoplay-app/src/static/images/73111745.png -> /home/ddurand/fotos/73111745.png
2026-08-21 18:43:10,380 INFO photo_manager - Foto movida: /home/ddurand/proyectos/personal/rpaludoplay-app/src/static/images/10306945.png -> /home/ddurand/fotos/10306945.png
2026-08-21 18:43:10,380 INFO photo_manager - Foto movida: /home/ddurand/proyectos/personal/rpaludoplay-app/src/static/images/74641326.png -> /home/ddurand/fotos/74641326.png
2026-08-21 18:43:10,380 INFO photo_manager - Foto movida: /home/ddurand/proyectos/personal/rpaludoplay-app/src/static/images/40714255.png -> /home/ddurand/fotos/40714255.png
2026-08-21 18:43:10,380 INFO photo_manager - Foto movida: /home/ddurand/proyectos/personal/rpaludoplay-app/src/static/images/44221085.png -> /home/ddurand/fotos/44221085.png
2026-08-21 18:43:10,381 INFO photo_manager - Foto movida: /home/ddurand/proyectos/personal/rpaludoplay-app/src/static/images/08163775.png -> /home/ddurand/fotos/08163775.png
2026-08-21 18:43:10,381 INFO photo_manager - Foto movida: /home/ddurand/proyectos/personal/rpaludoplay-app/src/static/images/10509872.png -> /home/ddurand/fotos/10509872.png
2026-08-21 18:43:10,381 INFO photo_manager - Foto movida: /home/ddurand/proyectos/personal/rpaludoplay-app/src/static/images/09742349.png -> /home/ddurand/fotos/09742349.png
2026-08-21 18:43:10,382 INFO photo_manager - Foto movida: /home/ddurand/proyectos/personal/rpaludoplay-app/src/static/images/21861626.png -> /home/ddurand/fotos/21861626.png
2026-08-21 18:43:10,382 INFO photo_manager - Foto movida: /home/ddurand/proyectos/personal/rpaludoplay-app/src/static/images/00245143.png -> /home/ddurand/fotos/00245143.png
2026-08-21 18:43:10,382 INFO photo_manager - Foto movida: /home/ddurand/proyectos/personal/rpaludoplay-app/src/static/images/43359009.png -> /home/ddurand/fotos/43359009.png
2026-08-21 18:43:10,382 INFO photo_manager - Foto movida: /home/ddurand/proyectos/personal/rpaludoplay-app/src/static/images/43573551.png -> /home/ddurand/fotos/43573551.png
2026-08-21 18:43:10,383 INFO photo_manager - Foto movida: /home/ddurand/proyectos/personal/rpaludoplay-app/src/static/images/43602821.png -> /home/ddurand/fotos/43602821.png
2026-08-21 18:43:10,383 INFO photo_manager - Foto movida: /home/ddurand/proyectos/personal/rpaludoplay-app/src/static/images/25600071.png -> /home/ddurand/fotos/25600071.png
2026-08-21 18:43:10,383 INFO photo_manager - Foto movida: /home/ddurand/proyectos/personal/rpaludoplay-app/src/static/images/45128338.png -> /home/ddurand/fotos/45128338.png
2026-08-21 18:43:10,384 INFO photo_manager - Foto movida: /home/ddurand/proyectos/personal/rpaludoplay-app/src/static/images/03672323.png -> /home/ddurand/fotos/03672323.png
2026-08-21 18:43:10,384 INFO photo_manager - Foto movida: /home/ddurand/proyectos/personal/rpaludoplay-app/src/static/images/03369078.png -> /home/ddurand/fotos/03369078.png
2026-08-21 18:43:10,384 INFO photo_manager - Foto movida: /home/ddurand/proyectos/personal/rpaludoplay-app/src/static/images/10718107.png -> /home/ddurand/fotos/10718107.png
2026-08-21 18:43:10,385 INFO photo_manager - Foto movida: /home/ddurand/proyectos/personal/rpaludoplay-app/src/static/images/41915282.png -> /home/ddurand/fotos/41915282.png
2026-08-21 18:43:10,385 INFO photo_manager - Foto movida: /home/ddurand/proyectos/personal/rpaludoplay-app/src/static/images/60948014.png -> /home/ddurand/fotos/60948014.png
2026-08-21 18:43:10,386 INFO photo_manager - Foto movida: /home/ddurand/proyectos/personal/rpaludoplay-app/src/static/images/48555693.png -> /home/ddurand/fotos/48555693.png
2026-08-21 18:43:10,386 INFO photo_manager - Foto movida: /home/ddurand/proyectos/personal/rpaludoplay-app/src/static/images/72035308.png -> /home/ddurand/fotos/72035308.png
2026-08-21 18:43:10,386 INFO photo_manager - Foto movida: /home/ddurand/proyectos/personal/rpaludoplay-app/src/static/images/80128878.png -> /home/ddurand/fotos/80128878.png
2026-08-21 18:43:10,387 INFO photo_manager - Foto movida: /home/ddurand/proyectos/personal/rpaludoplay-app/src/static/images/75645939.png -> /home/ddurand/fotos/75645939.png
2026-08-21 18:43:10,387 INFO photo_manager - Foto movida: /home/ddurand/proyectos/personal/rpaludoplay-app/src/static/images/43132643.png -> /home/ddurand/fotos/43132643.png
2026-08-21 18:43:10,387 INFO photo_manager - Foto movida: /home/ddurand/proyectos/personal/rpaludoplay-app/src/static/images/41360274.png -> /home/ddurand/fotos/41360274.png
2026-08-21 18:43:10,388 INFO photo_manager - Foto movida: /home/ddurand/proyectos/personal/rpaludoplay-app/src/static/images/73817001.png -> /home/ddurand/fotos/73817001.png
2026-08-21 18:43:10,388 INFO photo_manager - Foto movida: /home/ddurand/proyectos/personal/rpaludoplay-app/src/static/images/42962288.png -> /home/ddurand/fotos/42962288.png
2026-08-21 18:43:10,389 INFO photo_manager - Foto movida: /home/ddurand/proyectos/personal/rpaludoplay-app/src/static/images/27408356.png -> /home/ddurand/fotos/27408356.png
2026-08-21 18:43:10,389 INFO photo_manager - Foto movida: /home/ddurand/proyectos/personal/rpaludoplay-app/src/static/images/08652057.png -> /home/ddurand/fotos/08652057.png
2026-08-21 18:43:10,390 INFO photo_manager - Foto movida: /home/ddurand/proyectos/personal/rpaludoplay-app/src/static/images/07510064.png -> /home/ddurand/fotos/07510064.png
2026-08-21 18:43:10,390 INFO photo_manager - Foto movida: /home/ddurand/proyectos/personal/rpaludoplay-app/src/static/images/41982026.png -> /home/ddurand/fotos/41982026.png
2026-08-21 18:43:10,390 INFO photo_manager - Foto movida: /home/ddurand/proyectos/personal/rpaludoplay-app/src/static/images/76990568.png -> /home/ddurand/fotos/76990568.png
2026-08-21 18:43:10,391 INFO photo_manager - Foto movida: /home/ddurand/proyectos/personal/rpaludoplay-app/src/static/images/45405203.png -> /home/ddurand/fotos/45405203.png
2026-08-21 18:43:10,391 INFO photo_manager - Foto movida: /home/ddurand/proyectos/personal/rpaludoplay-app/src/static/images/41273361.png -> /home/ddurand/fotos/41273361.png
2026-08-21 18:43:10,391 INFO photo_manager - Foto movida: /home/ddurand/proyectos/personal/rpaludoplay-app/src/static/images/44548027.png -> /home/ddurand/fotos/44548027.png
2026-08-21 18:43:10,392 INFO photo_manager - Foto movida: /home/ddurand/proyectos/personal/rpaludoplay-app/src/static/images/09832565.png -> /home/ddurand/fotos/09832565.png
2026-08-21 18:43:10,392 INFO photo_manager - Foto movida: /home/ddurand/proyectos/personal/rpaludoplay-app/src/static/images/71377269.png -> /home/ddurand/fotos/71377269.png
2026-08-21 18:43:10,392 INFO photo_manager - Foto movida: /home/ddurand/proyectos/personal/rpaludoplay-app/src/static/images/48763929.png -> /home/ddurand/fotos/48763929.png
2026-08-21 18:43:10,393 INFO photo_manager - Foto movida: /home/ddurand/proyectos/personal/rpaludoplay-app/src/static/images/41430819.png -> /home/ddurand/fotos/41430819.png
2026-08-21 18:43:10,393 INFO photo_manager - Foto movida: /home/ddurand/proyectos/personal/rpaludoplay-app/src/static/images/60934303.png -> /home/ddurand/fotos/60934303.png
2026-08-21 18:43:10,394 INFO photo_manager - Foto movida: /home/ddurand/proyectos/personal/rpaludoplay-app/src/static/images/09250005.png -> /home/ddurand/fotos/09250005.png
2026-08-21 18:43:10,394 INFO photo_manager - Foto movida: /home/ddurand/proyectos/personal/rpaludoplay-app/src/static/images/44433953.png -> /home/ddurand/fotos/44433953.png
2026-08-21 18:43:10,394 INFO photo_manager - Foto movida: /home/ddurand/proyectos/personal/rpaludoplay-app/src/static/images/77126022.png -> /home/ddurand/fotos/77126022.png
2026-08-21 18:43:10,395 INFO photo_manager - Foto movida: /home/ddurand/proyectos/personal/rpaludoplay-app/src/static/images/70445003.png -> /home/ddurand/fotos/70445003.png
2026-08-21 18:43:10,395 INFO photo_manager - Foto movida: /home/ddurand/proyectos/personal/rpaludoplay-app/src/static/images/33416815.png -> /home/ddurand/fotos/33416815.png
2026-08-21 18:43:10,395 INFO photo_manager - Foto movida: /home/ddurand/proyectos/personal/rpaludoplay-app/src/static/images/40722999.png -> /home/ddurand/fotos/40722999.png
2026-08-21 18:43:10,396 INFO photo_manager - Foto movida: /home/ddurand/proyectos/personal/rpaludoplay-app/src/static/images/16633223.png -> /home/ddurand/fotos/16633223.png
2026-08-21 18:43:10,396 INFO photo_manager - Foto movida: /home/ddurand/proyectos/personal/rpaludoplay-app/src/static/images/09240223.png -> /home/ddurand/fotos/09240223.png
2026-08-21 18:43:10,396 INFO photo_manager - Foto movida: /home/ddurand/proyectos/personal/rpaludoplay-app/src/static/images/46236202.png -> /home/ddurand/fotos/46236202.png
2026-08-21 18:43:10,396 INFO photo_manager - Foto movida: /home/ddurand/proyectos/personal/rpaludoplay-app/src/static/images/46319852.png -> /home/ddurand/fotos/46319852.png
2026-08-21 18:43:10,397 INFO photo_manager - Foto movida: /home/ddurand/proyectos/personal/rpaludoplay-app/src/static/images/40580786.png -> /home/ddurand/fotos/40580786.png
2026-08-21 18:43:10,397 INFO photo_manager - Foto movida: /home/ddurand/proyectos/personal/rpaludoplay-app/src/static/images/80271602.png -> /home/ddurand/fotos/80271602.png
2026-08-21 18:43:10,397 INFO photo_manager - Foto movida: /home/ddurand/proyectos/personal/rpaludoplay-app/src/static/images/07508570.png -> /home/ddurand/fotos/07508570.png
2026-08-21 18:43:10,397 INFO photo_manager - Foto movida: /home/ddurand/proyectos/personal/rpaludoplay-app/src/static/images/80252067.png -> /home/ddurand/fotos/80252067.png
2026-08-21 18:43:10,398 INFO photo_manager - Foto movida: /home/ddurand/proyectos/personal/rpaludoplay-app/src/static/images/16753681.png -> /home/ddurand/fotos/16753681.png
2026-08-21 18:43:10,398 INFO photo_manager - Foto movida: /home/ddurand/proyectos/personal/rpaludoplay-app/src/static/images/74693086.png -> /home/ddurand/fotos/74693086.png
2026-08-21 18:43:10,398 INFO photo_manager - Foto movida: /home/ddurand/proyectos/personal/rpaludoplay-app/src/static/images/40400649.png -> /home/ddurand/fotos/40400649.png
2026-08-21 18:43:10,398 INFO photo_manager - Foto movida: /home/ddurand/proyectos/personal/rpaludoplay-app/src/static/images/08156676.png -> /home/ddurand/fotos/08156676.png
2026-08-21 18:43:10,399 INFO photo_manager - Foto movida: /home/ddurand/proyectos/personal/rpaludoplay-app/src/static/images/74092062.png -> /home/ddurand/fotos/74092062.png
2026-08-21 18:43:10,399 INFO photo_manager - Foto movida: /home/ddurand/proyectos/personal/rpaludoplay-app/src/static/images/74155409.png -> /home/ddurand/fotos/74155409.png
2026-08-21 18:43:10,399 INFO photo_manager - Foto movida: /home/ddurand/proyectos/personal/rpaludoplay-app/src/static/images/31178628.png -> /home/ddurand/fotos/31178628.png
2026-08-21 18:43:10,400 INFO photo_manager - Foto movida: /home/ddurand/proyectos/personal/rpaludoplay-app/src/static/images/47598253.png -> /home/ddurand/fotos/47598253.png
2026-08-21 18:43:10,400 INFO photo_manager - Foto movida: /home/ddurand/proyectos/personal/rpaludoplay-app/src/static/images/73449892.png -> /home/ddurand/fotos/73449892.png
2026-08-21 18:43:10,400 INFO photo_manager - Foto movida: /home/ddurand/proyectos/personal/rpaludoplay-app/src/static/images/44939816.png -> /home/ddurand/fotos/44939816.png
2026-08-21 18:43:10,401 INFO photo_manager - Foto movida: /home/ddurand/proyectos/personal/rpaludoplay-app/src/static/images/40607489.png -> /home/ddurand/fotos/40607489.png
2026-08-21 18:43:10,401 INFO photo_manager - Foto movida: /home/ddurand/proyectos/personal/rpaludoplay-app/src/static/images/76016959.png -> /home/ddurand/fotos/76016959.png
2026-08-21 18:43:10,401 INFO photo_manager - Foto movida: /home/ddurand/proyectos/personal/rpaludoplay-app/src/static/images/73003056.png -> /home/ddurand/fotos/73003056.png
2026-08-21 18:43:10,402 INFO photo_manager - Foto movida: /home/ddurand/proyectos/personal/rpaludoplay-app/src/static/images/76437926.png -> /home/ddurand/fotos/76437926.png
2026-08-21 18:43:10,402 INFO photo_manager - Foto movida: /home/ddurand/proyectos/personal/rpaludoplay-app/src/static/images/76633988.png -> /home/ddurand/fotos/76633988.png
2026-08-21 18:43:10,402 INFO photo_manager - Foto movida: /home/ddurand/proyectos/personal/rpaludoplay-app/src/static/images/43550796.png -> /home/ddurand/fotos/43550796.png
2026-08-21 18:43:10,403 INFO photo_manager - Foto movida: /home/ddurand/proyectos/personal/rpaludoplay-app/src/static/images/10727554.png -> /home/ddurand/fotos/10727554.png
2026-08-21 18:43:10,403 INFO photo_manager - Foto movida: /home/ddurand/proyectos/personal/rpaludoplay-app/src/static/images/23981646.png -> /home/ddurand/fotos/23981646.png
2026-08-21 18:43:10,404 INFO photo_manager - Foto movida: /home/ddurand/proyectos/personal/rpaludoplay-app/src/static/images/46568266.png -> /home/ddurand/fotos/46568266.png
2026-08-21 18:43:10,404 INFO photo_manager - Foto movida: /home/ddurand/proyectos/personal/rpaludoplay-app/src/static/images/71617904.png -> /home/ddurand/fotos/71617904.png
2026-08-21 18:43:10,404 INFO photo_manager - Foto movida: /home/ddurand/proyectos/personal/rpaludoplay-app/src/static/images/30412144.png -> /home/ddurand/fotos/30412144.png
2026-08-21 18:43:10,405 INFO photo_manager - Foto movida: /home/ddurand/proyectos/personal/rpaludoplay-app/src/static/images/42126890.png -> /home/ddurand/fotos/42126890.png
2026-08-21 18:43:10,405 INFO photo_manager - Foto movida: /home/ddurand/proyectos/personal/rpaludoplay-app/src/static/images/44293249.png -> /home/ddurand/fotos/44293249.png
2026-08-21 18:43:10,405 INFO photo_manager - Foto movida: /home/ddurand/proyectos/personal/rpaludoplay-app/src/static/images/45052351.png -> /home/ddurand/fotos/45052351.png
2026-08-21 18:43:10,405 INFO photo_manager - Foto movida: /home/ddurand/proyectos/personal/rpaludoplay-app/src/static/images/80313903.png -> /home/ddurand/fotos/80313903.png
2026-08-21 18:43:10,406 INFO photo_manager - Foto movida: /home/ddurand/proyectos/personal/rpaludoplay-app/src/static/images/01325502.png -> /home/ddurand/fotos/01325502.png
2026-08-21 18:43:10,406 INFO photo_manager - Foto movida: /home/ddurand/proyectos/personal/rpaludoplay-app/src/static/images/42725069.png -> /home/ddurand/fotos/42725069.png
2026-08-21 18:43:10,406 INFO photo_manager - Foto movida: /home/ddurand/proyectos/personal/rpaludoplay-app/src/static/images/40737605.png -> /home/ddurand/fotos/40737605.png
2026-08-21 18:43:10,407 INFO photo_manager - Foto movida: /home/ddurand/proyectos/personal/rpaludoplay-app/src/static/images/02811275.png -> /home/ddurand/fotos/02811275.png
2026-08-21 18:43:10,407 INFO photo_manager - Foto movida: /home/ddurand/proyectos/personal/rpaludoplay-app/src/static/images/40232449.png -> /home/ddurand/fotos/40232449.png
2026-08-21 18:43:10,407 INFO photo_manager - Foto movida: /home/ddurand/proyectos/personal/rpaludoplay-app/src/static/images/42305035.png -> /home/ddurand/fotos/42305035.png
2026-08-21 18:43:10,408 INFO photo_manager - Foto movida: /home/ddurand/proyectos/personal/rpaludoplay-app/src/static/images/43192339.png -> /home/ddurand/fotos/43192339.png
2026-08-21 18:43:10,408 INFO photo_manager - Foto movida: /home/ddurand/proyectos/personal/rpaludoplay-app/src/static/images/06122351.png -> /home/ddurand/fotos/06122351.png
2026-08-21 18:43:10,408 INFO photo_manager - Foto movida: /home/ddurand/proyectos/personal/rpaludoplay-app/src/static/images/73335303.png -> /home/ddurand/fotos/73335303.png
2026-08-21 18:43:10,409 INFO photo_manager - Foto movida: /home/ddurand/proyectos/personal/rpaludoplay-app/src/static/images/41287477.png -> /home/ddurand/fotos/41287477.png
2026-08-21 18:43:10,409 INFO photo_manager - Foto movida: /home/ddurand/proyectos/personal/rpaludoplay-app/src/static/images/75529891.png -> /home/ddurand/fotos/75529891.png
2026-08-21 18:43:10,409 INFO photo_manager - Foto movida: /home/ddurand/proyectos/personal/rpaludoplay-app/src/static/images/01227065.png -> /home/ddurand/fotos/01227065.png
2026-08-21 18:43:10,410 INFO photo_manager - Foto movida: /home/ddurand/proyectos/personal/rpaludoplay-app/src/static/images/46832438.png -> /home/ddurand/fotos/46832438.png
2026-08-21 18:43:10,410 INFO photo_manager - Foto movida: /home/ddurand/proyectos/personal/rpaludoplay-app/src/static/images/41439618.png -> /home/ddurand/fotos/41439618.png
2026-08-21 18:43:10,410 INFO photo_manager - Foto movida: /home/ddurand/proyectos/personal/rpaludoplay-app/src/static/images/16770569.png -> /home/ddurand/fotos/16770569.png
2026-08-21 18:43:10,410 INFO photo_manager - Foto movida: /home/ddurand/proyectos/personal/rpaludoplay-app/src/static/images/00497227.png -> /home/ddurand/fotos/00497227.png
2026-08-21 18:43:10,411 INFO photo_manager - Foto movida: /home/ddurand/proyectos/personal/rpaludoplay-app/src/static/images/16623859.png -> /home/ddurand/fotos/16623859.png
2026-08-21 18:43:10,411 INFO photo_manager - Foto movida: /home/ddurand/proyectos/personal/rpaludoplay-app/src/static/images/76503264.png -> /home/ddurand/fotos/76503264.png
2026-08-21 18:43:10,411 INFO photo_manager - Foto movida: /home/ddurand/proyectos/personal/rpaludoplay-app/src/static/images/25709890.png -> /home/ddurand/fotos/25709890.png
2026-08-21 18:43:10,411 INFO photo_manager - Foto movida: /home/ddurand/proyectos/personal/rpaludoplay-app/src/static/images/43079171.png -> /home/ddurand/fotos/43079171.png
2026-08-21 18:43:10,412 INFO photo_manager - Foto movida: /home/ddurand/proyectos/personal/rpaludoplay-app/src/static/images/41920902.png -> /home/ddurand/fotos/41920902.png
2026-08-21 18:43:10,412 INFO photo_manager - Foto movida: /home/ddurand/proyectos/personal/rpaludoplay-app/src/static/images/43619147.png -> /home/ddurand/fotos/43619147.png
2026-08-21 18:43:10,412 INFO photo_manager - Foto movida: /home/ddurand/proyectos/personal/rpaludoplay-app/src/static/images/06116600.png -> /home/ddurand/fotos/06116600.png
2026-08-21 18:43:10,413 INFO photo_manager - Foto movida: /home/ddurand/proyectos/personal/rpaludoplay-app/src/static/images/09584546.png -> /home/ddurand/fotos/09584546.png
2026-08-21 18:43:10,413 INFO photo_manager - Foto movida: /home/ddurand/proyectos/personal/rpaludoplay-app/src/static/images/44835034.png -> /home/ddurand/fotos/44835034.png
2026-08-21 18:43:10,414 INFO photo_manager - Foto movida: /home/ddurand/proyectos/personal/rpaludoplay-app/src/static/images/08888636.png -> /home/ddurand/fotos/08888636.png
2026-08-21 18:43:10,414 INFO photo_manager - Foto movida: /home/ddurand/proyectos/personal/rpaludoplay-app/src/static/images/73741256.png -> /home/ddurand/fotos/73741256.png
2026-08-21 18:43:10,414 INFO photo_manager - Foto movida: /home/ddurand/proyectos/personal/rpaludoplay-app/src/static/images/25771977.png -> /home/ddurand/fotos/25771977.png
2026-08-21 18:43:10,415 INFO photo_manager - Foto movida: /home/ddurand/proyectos/personal/rpaludoplay-app/src/static/images/10538092.png -> /home/ddurand/fotos/10538092.png
2026-08-21 18:43:10,415 INFO photo_manager - Foto movida: /home/ddurand/proyectos/personal/rpaludoplay-app/src/static/images/42213034.png -> /home/ddurand/fotos/42213034.png
2026-08-21 18:43:10,416 INFO photo_manager - Foto movida: /home/ddurand/proyectos/personal/rpaludoplay-app/src/static/images/48026106.png -> /home/ddurand/fotos/48026106.png
2026-08-21 18:43:10,416 INFO photo_manager - Foto movida: /home/ddurand/proyectos/personal/rpaludoplay-app/src/static/images/40735506.png -> /home/ddurand/fotos/40735506.png
2026-08-21 18:43:10,416 INFO photo_manager - Foto movida: /home/ddurand/proyectos/personal/rpaludoplay-app/src/static/images/48427508.png -> /home/ddurand/fotos/48427508.png
2026-08-21 18:43:10,417 INFO photo_manager - Foto movida: /home/ddurand/proyectos/personal/rpaludoplay-app/src/static/images/48105637.png -> /home/ddurand/fotos/48105637.png
2026-08-21 18:43:10,417 INFO photo_manager - Foto movida: /home/ddurand/proyectos/personal/rpaludoplay-app/src/static/images/004595242.png -> /home/ddurand/fotos/004595242.png
2026-08-21 18:43:10,417 INFO photo_manager - Foto movida: /home/ddurand/proyectos/personal/rpaludoplay-app/src/static/images/46192294.png -> /home/ddurand/fotos/46192294.png
2026-08-21 18:43:10,418 INFO photo_manager - Foto movida: /home/ddurand/proyectos/personal/rpaludoplay-app/src/static/images/76531283.png -> /home/ddurand/fotos/76531283.png
2026-08-21 18:43:10,418 INFO photo_manager - Foto movida: /home/ddurand/proyectos/personal/rpaludoplay-app/src/static/images/72688091.png -> /home/ddurand/fotos/72688091.png
2026-08-21 18:43:10,418 INFO photo_manager - Foto movida: /home/ddurand/proyectos/personal/rpaludoplay-app/src/static/images/72768609.png -> /home/ddurand/fotos/72768609.png
2026-08-21 18:43:10,419 INFO photo_manager - Foto movida: /home/ddurand/proyectos/personal/rpaludoplay-app/src/static/images/73229658.png -> /home/ddurand/fotos/73229658.png
2026-08-21 18:43:10,419 INFO photo_manager - Foto movida: /home/ddurand/proyectos/personal/rpaludoplay-app/src/static/images/43563993.png -> /home/ddurand/fotos/43563993.png
2026-08-21 18:43:10,419 INFO photo_manager - Foto movida: /home/ddurand/proyectos/personal/rpaludoplay-app/src/static/images/07538130.png -> /home/ddurand/fotos/07538130.png
2026-08-21 18:43:10,420 INFO photo_manager - Foto movida: /home/ddurand/proyectos/personal/rpaludoplay-app/src/static/images/07752349.png -> /home/ddurand/fotos/07752349.png
2026-08-21 18:43:10,420 INFO photo_manager - Foto movida: /home/ddurand/proyectos/personal/rpaludoplay-app/src/static/images/40527251.png -> /home/ddurand/fotos/40527251.png
2026-08-21 18:43:10,421 INFO photo_manager - Foto movida: /home/ddurand/proyectos/personal/rpaludoplay-app/src/static/images/21532768.png -> /home/ddurand/fotos/21532768.png
2026-08-21 18:43:10,421 INFO photo_manager - Foto movida: /home/ddurand/proyectos/personal/rpaludoplay-app/src/static/images/43633485.png -> /home/ddurand/fotos/43633485.png
2026-08-21 18:43:10,421 INFO photo_manager - Foto movida: /home/ddurand/proyectos/personal/rpaludoplay-app/src/static/images/73199680.png -> /home/ddurand/fotos/73199680.png
2026-08-21 18:43:10,422 INFO photo_manager - Foto movida: /home/ddurand/proyectos/personal/rpaludoplay-app/src/static/images/72678485.png -> /home/ddurand/fotos/72678485.png
2026-08-21 18:43:10,422 INFO photo_manager - Foto movida: /home/ddurand/proyectos/personal/rpaludoplay-app/src/static/images/74303659.png -> /home/ddurand/fotos/74303659.png
2026-08-21 18:43:10,423 INFO photo_manager - Foto movida: /home/ddurand/proyectos/personal/rpaludoplay-app/src/static/images/40210852.png -> /home/ddurand/fotos/40210852.png
2026-08-21 18:43:10,423 INFO photo_manager - Foto movida: /home/ddurand/proyectos/personal/rpaludoplay-app/src/static/images/42602510.png -> /home/ddurand/fotos/42602510.png
2026-08-21 18:43:10,423 INFO photo_manager - Foto movida: /home/ddurand/proyectos/personal/rpaludoplay-app/src/static/images/70800268.png -> /home/ddurand/fotos/70800268.png
2026-08-21 18:43:10,424 INFO photo_manager - Foto movida: /home/ddurand/proyectos/personal/rpaludoplay-app/src/static/images/40209769.png -> /home/ddurand/fotos/40209769.png
2026-08-21 18:43:10,424 INFO photo_manager - Foto movida: /home/ddurand/proyectos/personal/rpaludoplay-app/src/static/images/71710023.png -> /home/ddurand/fotos/71710023.png
2026-08-21 18:43:10,424 INFO photo_manager - Foto movida: /home/ddurand/proyectos/personal/rpaludoplay-app/src/static/images/71696560.png -> /home/ddurand/fotos/71696560.png
2026-08-21 18:43:10,425 INFO photo_manager - Foto movida: /home/ddurand/proyectos/personal/rpaludoplay-app/src/static/images/72466294.png -> /home/ddurand/fotos/72466294.png
2026-08-21 18:43:10,425 INFO photo_manager - Foto movida: /home/ddurand/proyectos/personal/rpaludoplay-app/src/static/images/45061772.png -> /home/ddurand/fotos/45061772.png
2026-08-21 18:43:10,425 INFO photo_manager - Foto movida: /home/ddurand/proyectos/personal/rpaludoplay-app/src/static/images/31042480.png -> /home/ddurand/fotos/31042480.png
2026-08-21 18:43:10,425 INFO photo_manager - Foto movida: /home/ddurand/proyectos/personal/rpaludoplay-app/src/static/images/29643647.png -> /home/ddurand/fotos/29643647.png
2026-08-21 18:43:10,426 INFO photo_manager - Foto movida: /home/ddurand/proyectos/personal/rpaludoplay-app/src/static/images/10886640.png -> /home/ddurand/fotos/10886640.png
2026-08-21 18:43:10,426 INFO photo_manager - Foto movida: /home/ddurand/proyectos/personal/rpaludoplay-app/src/static/images/10554869.png -> /home/ddurand/fotos/10554869.png
2026-08-21 18:43:10,426 INFO photo_manager - Foto movida: /home/ddurand/proyectos/personal/rpaludoplay-app/src/static/images/10549310.png -> /home/ddurand/fotos/10549310.png
2026-08-21 18:43:10,426 INFO photo_manager - Foto movida: /home/ddurand/proyectos/personal/rpaludoplay-app/src/static/images/43944451.png -> /home/ddurand/fotos/43944451.png
2026-08-21 18:43:10,427 INFO photo_manager - Foto movida: /home/ddurand/proyectos/personal/rpaludoplay-app/src/static/images/07523847.png -> /home/ddurand/fotos/07523847.png
2026-08-21 18:43:10,427 INFO photo_manager - Foto movida: /home/ddurand/proyectos/personal/rpaludoplay-app/src/static/images/76976617.png -> /home/ddurand/fotos/76976617.png
2026-08-21 18:43:10,427 INFO photo_manager - Foto movida: /home/ddurand/proyectos/personal/rpaludoplay-app/src/static/images/002195310.png -> /home/ddurand/fotos/002195310.png
2026-08-21 18:43:10,428 INFO photo_manager - Foto movida: /home/ddurand/proyectos/personal/rpaludoplay-app/src/static/images/29415503.png -> /home/ddurand/fotos/29415503.png
2026-08-21 18:43:10,428 INFO photo_manager - Foto movida: /home/ddurand/proyectos/personal/rpaludoplay-app/src/static/images/76024012.png -> /home/ddurand/fotos/76024012.png
2026-08-21 18:43:10,429 INFO photo_manager - Foto movida: /home/ddurand/proyectos/personal/rpaludoplay-app/src/static/images/70043324.png -> /home/ddurand/fotos/70043324.png
2026-08-21 18:43:10,429 INFO photo_manager - Foto movida: /home/ddurand/proyectos/personal/rpaludoplay-app/src/static/images/71932536.png -> /home/ddurand/fotos/71932536.png
2026-08-21 18:43:10,429 INFO photo_manager - Foto movida: /home/ddurand/proyectos/personal/rpaludoplay-app/src/static/images/001949092.png -> /home/ddurand/fotos/001949092.png
2026-08-21 18:43:10,430 INFO photo_manager - Foto movida: /home/ddurand/proyectos/personal/rpaludoplay-app/src/static/images/70338283.png -> /home/ddurand/fotos/70338283.png
2026-08-21 18:43:10,430 INFO photo_manager - Foto movida: /home/ddurand/proyectos/personal/rpaludoplay-app/src/static/images/46146309.png -> /home/ddurand/fotos/46146309.png
2026-08-21 18:43:10,430 INFO photo_manager - Foto movida: /home/ddurand/proyectos/personal/rpaludoplay-app/src/static/images/42346900.png -> /home/ddurand/fotos/42346900.png
2026-08-21 18:43:10,431 INFO photo_manager - Foto movida: /home/ddurand/proyectos/personal/rpaludoplay-app/src/static/images/46219112.png -> /home/ddurand/fotos/46219112.png
2026-08-21 18:43:10,431 INFO photo_manager - Foto movida: /home/ddurand/proyectos/personal/rpaludoplay-app/src/static/images/74742388.png -> /home/ddurand/fotos/74742388.png
2026-08-21 18:43:10,431 INFO photo_manager - Foto movida: /home/ddurand/proyectos/personal/rpaludoplay-app/src/static/images/10211657.png -> /home/ddurand/fotos/10211657.png
2026-08-21 18:43:10,432 INFO photo_manager - Foto movida: /home/ddurand/proyectos/personal/rpaludoplay-app/src/static/images/04416791.png -> /home/ddurand/fotos/04416791.png
2026-08-21 18:43:10,432 INFO photo_manager - Foto movida: /home/ddurand/proyectos/personal/rpaludoplay-app/src/static/images/71585516.png -> /home/ddurand/fotos/71585516.png
2026-08-21 18:43:10,432 INFO photo_manager - Foto movida: /home/ddurand/proyectos/personal/rpaludoplay-app/src/static/images/44373971.png -> /home/ddurand/fotos/44373971.png
2026-08-21 18:43:10,433 INFO photo_manager - Foto movida: /home/ddurand/proyectos/personal/rpaludoplay-app/src/static/images/06767693.png -> /home/ddurand/fotos/06767693.png
2026-08-21 18:43:10,433 INFO photo_manager - Foto movida: /home/ddurand/proyectos/personal/rpaludoplay-app/src/static/images/42214569.png -> /home/ddurand/fotos/42214569.png
2026-08-21 18:43:10,433 INFO photo_manager - Foto movida: /home/ddurand/proyectos/personal/rpaludoplay-app/src/static/images/42371491.png -> /home/ddurand/fotos/42371491.png
2026-08-21 18:43:10,434 INFO photo_manager - Foto movida: /home/ddurand/proyectos/personal/rpaludoplay-app/src/static/images/74078100.png -> /home/ddurand/fotos/74078100.png
2026-08-21 18:43:10,434 INFO photo_manager - Foto movida: /home/ddurand/proyectos/personal/rpaludoplay-app/src/static/images/47591222.png -> /home/ddurand/fotos/47591222.png
2026-08-21 18:43:10,434 INFO photo_manager - Foto movida: /home/ddurand/proyectos/personal/rpaludoplay-app/src/static/images/10410202.png -> /home/ddurand/fotos/10410202.png
2026-08-21 18:43:10,435 INFO photo_manager - Foto movida: /home/ddurand/proyectos/personal/rpaludoplay-app/src/static/images/07878318.png -> /home/ddurand/fotos/07878318.png
2026-08-21 18:43:10,436 INFO photo_manager - Foto movida: /home/ddurand/proyectos/personal/rpaludoplay-app/src/static/images/41239317.png -> /home/ddurand/fotos/41239317.png
2026-08-21 18:43:10,436 INFO photo_manager - Foto movida: /home/ddurand/proyectos/personal/rpaludoplay-app/src/static/images/40778805.png -> /home/ddurand/fotos/40778805.png
2026-08-21 18:43:10,437 INFO photo_manager - Foto movida: /home/ddurand/proyectos/personal/rpaludoplay-app/src/static/images/71016847.png -> /home/ddurand/fotos/71016847.png
2026-08-21 18:43:10,437 INFO photo_manager - Foto movida: /home/ddurand/proyectos/personal/rpaludoplay-app/src/static/images/80024552.png -> /home/ddurand/fotos/80024552.png
2026-08-21 18:43:10,437 INFO photo_manager - Foto movida: /home/ddurand/proyectos/personal/rpaludoplay-app/src/static/images/10744538.png -> /home/ddurand/fotos/10744538.png
2026-08-21 18:43:10,438 INFO photo_manager - Foto movida: /home/ddurand/proyectos/personal/rpaludoplay-app/src/static/images/20049726.png -> /home/ddurand/fotos/20049726.png
2026-08-21 18:43:10,438 INFO photo_manager - Foto movida: /home/ddurand/proyectos/personal/rpaludoplay-app/src/static/images/71404736.png -> /home/ddurand/fotos/71404736.png
2026-08-21 18:43:10,438 INFO photo_manager - Foto movida: /home/ddurand/proyectos/personal/rpaludoplay-app/src/static/images/42834820.png -> /home/ddurand/fotos/42834820.png
2026-08-21 18:43:10,439 INFO photo_manager - Foto movida: /home/ddurand/proyectos/personal/rpaludoplay-app/src/static/images/33960751.png -> /home/ddurand/fotos/33960751.png
2026-08-21 18:43:10,439 INFO photo_manager - Foto movida: /home/ddurand/proyectos/personal/rpaludoplay-app/src/static/images/80049412.png -> /home/ddurand/fotos/80049412.png
2026-08-21 18:43:10,439 INFO photo_manager - Foto movida: /home/ddurand/proyectos/personal/rpaludoplay-app/src/static/images/76569269.png -> /home/ddurand/fotos/76569269.png
2026-08-21 18:43:10,440 INFO photo_manager - Foto movida: /home/ddurand/proyectos/personal/rpaludoplay-app/src/static/images/10310634.png -> /home/ddurand/fotos/10310634.png
2026-08-21 18:43:10,440 INFO photo_manager - Foto movida: /home/ddurand/proyectos/personal/rpaludoplay-app/src/static/images/25626146.png -> /home/ddurand/fotos/25626146.png
2026-08-21 18:43:10,440 INFO photo_manager - Foto movida: /home/ddurand/proyectos/personal/rpaludoplay-app/src/static/images/43753043.png -> /home/ddurand/fotos/43753043.png
2026-08-21 18:43:10,441 INFO photo_manager - Foto movida: /home/ddurand/proyectos/personal/rpaludoplay-app/src/static/images/47048033.png -> /home/ddurand/fotos/47048033.png
2026-08-21 18:43:10,441 INFO photo_manager - Foto movida: /home/ddurand/proyectos/personal/rpaludoplay-app/src/static/images/74733113.png -> /home/ddurand/fotos/74733113.png
2026-08-21 18:43:10,441 INFO photo_manager - Foto movida: /home/ddurand/proyectos/personal/rpaludoplay-app/src/static/images/71301344.png -> /home/ddurand/fotos/71301344.png
2026-08-21 18:43:10,442 INFO photo_manager - Foto movida: /home/ddurand/proyectos/personal/rpaludoplay-app/src/static/images/75052939.png -> /home/ddurand/fotos/75052939.png
2026-08-21 18:43:10,442 INFO photo_manager - Foto movida: /home/ddurand/proyectos/personal/rpaludoplay-app/src/static/images/26683897.png -> /home/ddurand/fotos/26683897.png
2026-08-21 18:43:10,442 INFO photo_manager - Foto movida: /home/ddurand/proyectos/personal/rpaludoplay-app/src/static/images/16632120.png -> /home/ddurand/fotos/16632120.png
2026-08-21 18:43:10,443 INFO photo_manager - Foto movida: /home/ddurand/proyectos/personal/rpaludoplay-app/src/static/images/45544871.png -> /home/ddurand/fotos/45544871.png
2026-08-21 18:43:10,443 INFO photo_manager - Foto movida: /home/ddurand/proyectos/personal/rpaludoplay-app/src/static/images/15760841.png -> /home/ddurand/fotos/15760841.png
2026-08-21 18:43:10,443 INFO photo_manager - Foto movida: /home/ddurand/proyectos/personal/rpaludoplay-app/src/static/images/08520296.png -> /home/ddurand/fotos/08520296.png
2026-08-21 18:43:10,444 INFO photo_manager - Foto movida: /home/ddurand/proyectos/personal/rpaludoplay-app/src/static/images/09473626.png -> /home/ddurand/fotos/09473626.png
2026-08-21 18:43:10,444 INFO photo_manager - Foto movida: /home/ddurand/proyectos/personal/rpaludoplay-app/src/static/images/42537663.png -> /home/ddurand/fotos/42537663.png
2026-08-21 18:43:10,445 INFO photo_manager - Foto movida: /home/ddurand/proyectos/personal/rpaludoplay-app/src/static/images/71250533.png -> /home/ddurand/fotos/71250533.png
2026-08-21 18:43:10,445 INFO photo_manager - Foto movida: /home/ddurand/proyectos/personal/rpaludoplay-app/src/static/images/60063414.png -> /home/ddurand/fotos/60063414.png
2026-08-21 18:43:10,445 INFO photo_manager - Foto movida: /home/ddurand/proyectos/personal/rpaludoplay-app/src/static/images/77165152.png -> /home/ddurand/fotos/77165152.png
2026-08-21 18:43:10,446 INFO photo_manager - Foto movida: /home/ddurand/proyectos/personal/rpaludoplay-app/src/static/images/25836839.png -> /home/ddurand/fotos/25836839.png
2026-08-21 18:43:10,446 INFO photo_manager - Foto movida: /home/ddurand/proyectos/personal/rpaludoplay-app/src/static/images/47612362.png -> /home/ddurand/fotos/47612362.png
2026-08-21 18:43:10,446 INFO photo_manager - Foto movida: /home/ddurand/proyectos/personal/rpaludoplay-app/src/static/images/44963416.png -> /home/ddurand/fotos/44963416.png
2026-08-21 18:43:10,447 INFO photo_manager - Foto movida: /home/ddurand/proyectos/personal/rpaludoplay-app/src/static/images/75157395.png -> /home/ddurand/fotos/75157395.png
2026-08-21 18:43:10,447 INFO photo_manager - Foto movida: /home/ddurand/proyectos/personal/rpaludoplay-app/src/static/images/21565022.png -> /home/ddurand/fotos/21565022.png
2026-08-21 18:43:10,447 INFO photo_manager - Foto movida: /home/ddurand/proyectos/personal/rpaludoplay-app/src/static/images/47223660.png -> /home/ddurand/fotos/47223660.png
2026-08-21 18:43:10,448 INFO photo_manager - Foto movida: /home/ddurand/proyectos/personal/rpaludoplay-app/src/static/images/46224352.png -> /home/ddurand/fotos/46224352.png
2026-08-21 18:43:10,448 INFO photo_manager - Foto movida: /home/ddurand/proyectos/personal/rpaludoplay-app/src/static/images/08677497.png -> /home/ddurand/fotos/08677497.png
2026-08-21 18:43:10,448 INFO photo_manager - Foto movida: /home/ddurand/proyectos/personal/rpaludoplay-app/src/static/images/29637861.png -> /home/ddurand/fotos/29637861.png
2026-08-21 18:43:10,449 INFO photo_manager - Foto movida: /home/ddurand/proyectos/personal/rpaludoplay-app/src/static/images/19970110.png -> /home/ddurand/fotos/19970110.png
2026-08-21 18:43:10,449 INFO photo_manager - Foto movida: /home/ddurand/proyectos/personal/rpaludoplay-app/src/static/images/001565626.png -> /home/ddurand/fotos/001565626.png
2026-08-21 18:43:10,449 INFO photo_manager - Foto movida: /home/ddurand/proyectos/personal/rpaludoplay-app/src/static/images/76521770.png -> /home/ddurand/fotos/76521770.png
2026-08-21 18:43:10,450 INFO photo_manager - Foto movida: /home/ddurand/proyectos/personal/rpaludoplay-app/src/static/images/77020057.png -> /home/ddurand/fotos/77020057.png
2026-08-21 18:43:10,450 INFO photo_manager - Foto movida: /home/ddurand/proyectos/personal/rpaludoplay-app/src/static/images/45714382.png -> /home/ddurand/fotos/45714382.png
2026-08-21 18:43:10,451 INFO photo_manager - Foto movida: /home/ddurand/proyectos/personal/rpaludoplay-app/src/static/images/78017358.png -> /home/ddurand/fotos/78017358.png
2026-08-21 18:43:10,451 INFO photo_manager - Foto movida: /home/ddurand/proyectos/personal/rpaludoplay-app/src/static/images/10590805.png -> /home/ddurand/fotos/10590805.png
2026-08-21 18:43:10,452 INFO photo_manager - Foto movida: /home/ddurand/proyectos/personal/rpaludoplay-app/src/static/images/40513252.png -> /home/ddurand/fotos/40513252.png
2026-08-21 18:43:10,452 INFO photo_manager - Foto movida: /home/ddurand/proyectos/personal/rpaludoplay-app/src/static/images/20061690.png -> /home/ddurand/fotos/20061690.png
2026-08-21 18:43:10,452 INFO photo_manager - Foto movida: /home/ddurand/proyectos/personal/rpaludoplay-app/src/static/images/76422690.png -> /home/ddurand/fotos/76422690.png
2026-08-21 18:43:10,453 INFO photo_manager - Foto movida: /home/ddurand/proyectos/personal/rpaludoplay-app/src/static/images/10325847.png -> /home/ddurand/fotos/10325847.png
2026-08-21 18:43:10,454 INFO photo_manager - Foto movida: /home/ddurand/proyectos/personal/rpaludoplay-app/src/static/images/31934946.png -> /home/ddurand/fotos/31934946.png
2026-08-21 18:43:10,454 INFO photo_manager - Foto movida: /home/ddurand/proyectos/personal/rpaludoplay-app/src/static/images/74917913.png -> /home/ddurand/fotos/74917913.png
2026-08-21 18:43:10,454 INFO photo_manager - Foto movida: /home/ddurand/proyectos/personal/rpaludoplay-app/src/static/images/43768192.png -> /home/ddurand/fotos/43768192.png
2026-08-21 18:43:10,455 INFO photo_manager - Foto movida: /home/ddurand/proyectos/personal/rpaludoplay-app/src/static/images/01187815.png -> /home/ddurand/fotos/01187815.png
2026-08-21 18:43:10,455 INFO photo_manager - Foto movida: /home/ddurand/proyectos/personal/rpaludoplay-app/src/static/images/07712635.png -> /home/ddurand/fotos/07712635.png
2026-08-21 18:43:10,456 INFO photo_manager - Foto movida: /home/ddurand/proyectos/personal/rpaludoplay-app/src/static/images/45661771.png -> /home/ddurand/fotos/45661771.png
2026-08-21 18:43:10,456 INFO photo_manager - Foto movida: /home/ddurand/proyectos/personal/rpaludoplay-app/src/static/images/43989265.png -> /home/ddurand/fotos/43989265.png
2026-08-21 18:43:10,456 INFO photo_manager - Foto movida: /home/ddurand/proyectos/personal/rpaludoplay-app/src/static/images/43190781.png -> /home/ddurand/fotos/43190781.png
2026-08-21 18:43:10,456 INFO photo_manager - Foto movida: /home/ddurand/proyectos/personal/rpaludoplay-app/src/static/images/41882939.png -> /home/ddurand/fotos/41882939.png
2026-08-21 18:43:10,457 INFO photo_manager - Foto movida: /home/ddurand/proyectos/personal/rpaludoplay-app/src/static/images/08144147.png -> /home/ddurand/fotos/08144147.png
2026-08-21 18:43:10,457 INFO photo_manager - Foto movida: /home/ddurand/proyectos/personal/rpaludoplay-app/src/static/images/76868176.png -> /home/ddurand/fotos/76868176.png
2026-08-21 18:43:10,457 INFO photo_manager - Foto movida: /home/ddurand/proyectos/personal/rpaludoplay-app/src/static/images/08538679.png -> /home/ddurand/fotos/08538679.png
2026-08-21 18:43:10,458 INFO photo_manager - Foto movida: /home/ddurand/proyectos/personal/rpaludoplay-app/src/static/images/24998576.png -> /home/ddurand/fotos/24998576.png
2026-08-21 18:43:10,458 INFO photo_manager - Foto movida: /home/ddurand/proyectos/personal/rpaludoplay-app/src/static/images/29298485.png -> /home/ddurand/fotos/29298485.png
2026-08-21 18:43:10,458 INFO photo_manager - Foto movida: /home/ddurand/proyectos/personal/rpaludoplay-app/src/static/images/76925423.png -> /home/ddurand/fotos/76925423.png
2026-08-21 18:43:10,459 INFO photo_manager - Foto movida: /home/ddurand/proyectos/personal/rpaludoplay-app/src/static/images/48337503.png -> /home/ddurand/fotos/48337503.png
2026-08-21 18:43:10,459 INFO photo_manager - Foto movida: /home/ddurand/proyectos/personal/rpaludoplay-app/src/static/images/71332031.png -> /home/ddurand/fotos/71332031.png
2026-08-21 18:43:10,460 INFO photo_manager - Foto movida: /home/ddurand/proyectos/personal/rpaludoplay-app/src/static/images/008298507.png -> /home/ddurand/fotos/008298507.png
2026-08-21 18:43:10,460 INFO photo_manager - Foto movida: /home/ddurand/proyectos/personal/rpaludoplay-app/src/static/images/74881050.png -> /home/ddurand/fotos/74881050.png
2026-08-21 18:43:10,460 INFO photo_manager - Foto movida: /home/ddurand/proyectos/personal/rpaludoplay-app/src/static/images/72667401.png -> /home/ddurand/fotos/72667401.png
2026-08-21 18:43:10,461 INFO photo_manager - Foto movida: /home/ddurand/proyectos/personal/rpaludoplay-app/src/static/images/26715716.png -> /home/ddurand/fotos/26715716.png
2026-08-21 18:43:10,461 INFO photo_manager - Foto movida: /home/ddurand/proyectos/personal/rpaludoplay-app/src/static/images/70725388.png -> /home/ddurand/fotos/70725388.png
2026-08-21 18:43:10,462 INFO photo_manager - Foto movida: /home/ddurand/proyectos/personal/rpaludoplay-app/src/static/images/08327067.png -> /home/ddurand/fotos/08327067.png
2026-08-21 18:43:10,462 INFO photo_manager - Foto movida: /home/ddurand/proyectos/personal/rpaludoplay-app/src/static/images/06674670.png -> /home/ddurand/fotos/06674670.png
2026-08-21 18:43:10,462 INFO photo_manager - Foto movida: /home/ddurand/proyectos/personal/rpaludoplay-app/src/static/images/001627743.png -> /home/ddurand/fotos/001627743.png
2026-08-21 18:43:10,463 INFO photo_manager - Foto movida: /home/ddurand/proyectos/personal/rpaludoplay-app/src/static/images/18084031.png -> /home/ddurand/fotos/18084031.png
2026-08-21 18:43:10,463 INFO photo_manager - Foto movida: /home/ddurand/proyectos/personal/rpaludoplay-app/src/static/images/80095559.png -> /home/ddurand/fotos/80095559.png
2026-08-21 18:43:10,463 INFO photo_manager - Foto movida: /home/ddurand/proyectos/personal/rpaludoplay-app/src/static/images/07866263.png -> /home/ddurand/fotos/07866263.png
2026-08-21 18:43:10,464 INFO photo_manager - Foto movida: /home/ddurand/proyectos/personal/rpaludoplay-app/src/static/images/70653021.png -> /home/ddurand/fotos/70653021.png
2026-08-21 18:43:10,464 INFO photo_manager - Foto movida: /home/ddurand/proyectos/personal/rpaludoplay-app/src/static/images/42482142.png -> /home/ddurand/fotos/42482142.png
2026-08-21 18:43:10,464 INFO photo_manager - Foto movida: /home/ddurand/proyectos/personal/rpaludoplay-app/src/static/images/41910943.png -> /home/ddurand/fotos/41910943.png
2026-08-21 18:43:10,464 INFO photo_manager - Foto movida: /home/ddurand/proyectos/personal/rpaludoplay-app/src/static/images/43486711.png -> /home/ddurand/fotos/43486711.png
2026-08-21 18:43:10,465 INFO photo_manager - Foto movida: /home/ddurand/proyectos/personal/rpaludoplay-app/src/static/images/42585310.png -> /home/ddurand/fotos/42585310.png
2026-08-21 18:43:10,465 INFO photo_manager - Foto movida: /home/ddurand/proyectos/personal/rpaludoplay-app/src/static/images/40204307.png -> /home/ddurand/fotos/40204307.png
2026-08-21 18:43:10,465 INFO photo_manager - Foto movida: /home/ddurand/proyectos/personal/rpaludoplay-app/src/static/images/71440620.png -> /home/ddurand/fotos/71440620.png
2026-08-21 18:43:10,466 INFO photo_manager - Foto movida: /home/ddurand/proyectos/personal/rpaludoplay-app/src/static/images/70019294.png -> /home/ddurand/fotos/70019294.png
2026-08-21 18:43:10,466 INFO photo_manager - Foto movida: /home/ddurand/proyectos/personal/rpaludoplay-app/src/static/images/43616785.png -> /home/ddurand/fotos/43616785.png
2026-08-21 18:43:10,466 INFO photo_manager - Foto movida: /home/ddurand/proyectos/personal/rpaludoplay-app/src/static/images/07485595.png -> /home/ddurand/fotos/07485595.png
2026-08-21 18:43:10,466 INFO photo_manager - Foto movida: /home/ddurand/proyectos/personal/rpaludoplay-app/src/static/images/49021693.png -> /home/ddurand/fotos/49021693.png
2026-08-21 18:43:10,467 INFO photo_manager - Foto movida: /home/ddurand/proyectos/personal/rpaludoplay-app/src/static/images/27143168.png -> /home/ddurand/fotos/27143168.png
2026-08-21 18:43:10,467 INFO photo_manager - Foto movida: /home/ddurand/proyectos/personal/rpaludoplay-app/src/static/images/29555980.png -> /home/ddurand/fotos/29555980.png
2026-08-21 18:43:10,467 INFO photo_manager - Foto movida: /home/ddurand/proyectos/personal/rpaludoplay-app/src/static/images/76474984.png -> /home/ddurand/fotos/76474984.png
2026-08-21 18:43:10,468 INFO photo_manager - Foto movida: /home/ddurand/proyectos/personal/rpaludoplay-app/src/static/images/72098524.png -> /home/ddurand/fotos/72098524.png
2026-08-21 18:43:10,468 INFO photo_manager - Foto movida: /home/ddurand/proyectos/personal/rpaludoplay-app/src/static/images/70822437.png -> /home/ddurand/fotos/70822437.png
2026-08-21 18:43:10,469 INFO photo_manager - Foto movida: /home/ddurand/proyectos/personal/rpaludoplay-app/src/static/images/74970209.png -> /home/ddurand/fotos/74970209.png
2026-08-21 18:43:10,470 INFO photo_manager - Foto movida: /home/ddurand/proyectos/personal/rpaludoplay-app/src/static/images/43819129.png -> /home/ddurand/fotos/43819129.png
2026-08-21 18:43:10,470 INFO photo_manager - Foto movida: /home/ddurand/proyectos/personal/rpaludoplay-app/src/static/images/77813152.png -> /home/ddurand/fotos/77813152.png
2026-08-21 18:43:10,471 INFO photo_manager - Foto movida: /home/ddurand/proyectos/personal/rpaludoplay-app/src/static/images/40317356.png -> /home/ddurand/fotos/40317356.png
2026-08-21 18:43:10,471 INFO photo_manager - Foto movida: /home/ddurand/proyectos/personal/rpaludoplay-app/src/static/images/71445644.png -> /home/ddurand/fotos/71445644.png
2026-08-21 18:43:10,472 INFO photo_manager - Foto movida: /home/ddurand/proyectos/personal/rpaludoplay-app/src/static/images/09903936.png -> /home/ddurand/fotos/09903936.png
2026-08-21 18:43:10,472 INFO photo_manager - Foto movida: /home/ddurand/proyectos/personal/rpaludoplay-app/src/static/images/40128977.png -> /home/ddurand/fotos/40128977.png
2026-08-21 18:43:10,472 INFO photo_manager - Foto movida: /home/ddurand/proyectos/personal/rpaludoplay-app/src/static/images/70878402.png -> /home/ddurand/fotos/70878402.png
2026-08-21 18:43:10,473 INFO photo_manager - Foto movida: /home/ddurand/proyectos/personal/rpaludoplay-app/src/static/images/63444202.png -> /home/ddurand/fotos/63444202.png
2026-08-21 18:43:10,473 INFO photo_manager - Foto movida: /home/ddurand/proyectos/personal/rpaludoplay-app/src/static/images/16723458.png -> /home/ddurand/fotos/16723458.png
2026-08-21 18:43:10,473 INFO photo_manager - Foto movida: /home/ddurand/proyectos/personal/rpaludoplay-app/src/static/images/29256680.png -> /home/ddurand/fotos/29256680.png
2026-08-21 18:43:10,474 INFO photo_manager - Foto movida: /home/ddurand/proyectos/personal/rpaludoplay-app/src/static/images/40996881.png -> /home/ddurand/fotos/40996881.png
2026-08-21 18:43:10,474 INFO photo_manager - Foto movida: /home/ddurand/proyectos/personal/rpaludoplay-app/src/static/images/74626690.png -> /home/ddurand/fotos/74626690.png
2026-08-21 18:43:10,475 INFO photo_manager - Foto movida: /home/ddurand/proyectos/personal/rpaludoplay-app/src/static/images/77132773.png -> /home/ddurand/fotos/77132773.png
2026-08-21 18:43:10,475 INFO photo_manager - Foto movida: /home/ddurand/proyectos/personal/rpaludoplay-app/src/static/images/48865651.png -> /home/ddurand/fotos/48865651.png
2026-08-21 18:43:10,475 INFO photo_manager - Foto movida: /home/ddurand/proyectos/personal/rpaludoplay-app/src/static/images/41035195.png -> /home/ddurand/fotos/41035195.png
2026-08-21 18:43:10,476 INFO photo_manager - Foto movida: /home/ddurand/proyectos/personal/rpaludoplay-app/src/static/images/71339892.png -> /home/ddurand/fotos/71339892.png
2026-08-21 18:43:10,476 INFO photo_manager - Foto movida: /home/ddurand/proyectos/personal/rpaludoplay-app/src/static/images/43668405.png -> /home/ddurand/fotos/43668405.png
2026-08-21 18:43:10,476 INFO photo_manager - Foto movida: /home/ddurand/proyectos/personal/rpaludoplay-app/src/static/images/10431088.png -> /home/ddurand/fotos/10431088.png
2026-08-21 18:43:10,476 INFO photo_manager - Foto movida: /home/ddurand/proyectos/personal/rpaludoplay-app/src/static/images/71275351.png -> /home/ddurand/fotos/71275351.png
2026-08-21 18:43:10,477 INFO photo_manager - Foto movida: /home/ddurand/proyectos/personal/rpaludoplay-app/src/static/images/43802099.png -> /home/ddurand/fotos/43802099.png
2026-08-21 18:43:10,477 INFO photo_manager - Foto movida: /home/ddurand/proyectos/personal/rpaludoplay-app/src/static/images/48299182.png -> /home/ddurand/fotos/48299182.png
2026-08-21 18:43:10,477 INFO photo_manager - Foto movida: /home/ddurand/proyectos/personal/rpaludoplay-app/src/static/images/10418671.png -> /home/ddurand/fotos/10418671.png
2026-08-21 18:43:10,477 INFO photo_manager - Foto movida: /home/ddurand/proyectos/personal/rpaludoplay-app/src/static/images/26722591.png -> /home/ddurand/fotos/26722591.png
2026-08-21 18:43:10,478 INFO photo_manager - Foto movida: /home/ddurand/proyectos/personal/rpaludoplay-app/src/static/images/41249390.png -> /home/ddurand/fotos/41249390.png
2026-08-21 18:43:10,478 INFO photo_manager - Foto movida: /home/ddurand/proyectos/personal/rpaludoplay-app/src/static/images/72428447.png -> /home/ddurand/fotos/72428447.png
2026-08-21 18:43:10,478 INFO photo_manager - Foto movida: /home/ddurand/proyectos/personal/rpaludoplay-app/src/static/images/43777845.png -> /home/ddurand/fotos/43777845.png
2026-08-21 18:43:10,479 INFO photo_manager - Foto movida: /home/ddurand/proyectos/personal/rpaludoplay-app/src/static/images/74994227.png -> /home/ddurand/fotos/74994227.png
2026-08-21 18:43:10,479 INFO photo_manager - Foto movida: /home/ddurand/proyectos/personal/rpaludoplay-app/src/static/images/07971644.png -> /home/ddurand/fotos/07971644.png
2026-08-21 18:43:10,479 INFO photo_manager - Foto movida: /home/ddurand/proyectos/personal/rpaludoplay-app/src/static/images/75893280.png -> /home/ddurand/fotos/75893280.png
2026-08-21 18:43:10,479 INFO photo_manager - Foto movida: /home/ddurand/proyectos/personal/rpaludoplay-app/src/static/images/77145828.png -> /home/ddurand/fotos/77145828.png
2026-08-21 18:43:10,480 INFO photo_manager - Foto movida: /home/ddurand/proyectos/personal/rpaludoplay-app/src/static/images/46830145.png -> /home/ddurand/fotos/46830145.png
2026-08-21 18:43:10,480 INFO photo_manager - Foto movida: /home/ddurand/proyectos/personal/rpaludoplay-app/src/static/images/005786894.png -> /home/ddurand/fotos/005786894.png
2026-08-21 18:43:10,480 INFO photo_manager - Foto movida: /home/ddurand/proyectos/personal/rpaludoplay-app/src/static/images/40282099.png -> /home/ddurand/fotos/40282099.png
2026-08-21 18:43:10,480 INFO photo_manager - Foto movida: /home/ddurand/proyectos/personal/rpaludoplay-app/src/static/images/07495921.png -> /home/ddurand/fotos/07495921.png
2026-08-21 18:43:10,480 INFO photo_manager - Foto movida: /home/ddurand/proyectos/personal/rpaludoplay-app/src/static/images/47069978.png -> /home/ddurand/fotos/47069978.png
2026-08-21 18:43:10,481 INFO photo_manager - Foto movida: /home/ddurand/proyectos/personal/rpaludoplay-app/src/static/images/41868021.png -> /home/ddurand/fotos/41868021.png
2026-08-21 18:43:10,481 INFO photo_manager - Foto movida: /home/ddurand/proyectos/personal/rpaludoplay-app/src/static/images/80629200.png -> /home/ddurand/fotos/80629200.png
2026-08-21 18:43:10,481 INFO photo_manager - Foto movida: /home/ddurand/proyectos/personal/rpaludoplay-app/src/static/images/71016523.png -> /home/ddurand/fotos/71016523.png
2026-08-21 18:43:10,482 INFO photo_manager - Foto movida: /home/ddurand/proyectos/personal/rpaludoplay-app/src/static/images/06777819.png -> /home/ddurand/fotos/06777819.png
2026-08-21 18:43:10,482 INFO photo_manager - Foto movida: /home/ddurand/proyectos/personal/rpaludoplay-app/src/static/images/07667987.png -> /home/ddurand/fotos/07667987.png
2026-08-21 18:43:10,482 INFO photo_manager - Foto movida: /home/ddurand/proyectos/personal/rpaludoplay-app/src/static/images/06774757.png -> /home/ddurand/fotos/06774757.png
2026-08-21 18:43:10,482 INFO photo_manager - Foto movida: /home/ddurand/proyectos/personal/rpaludoplay-app/src/static/images/21570132.png -> /home/ddurand/fotos/21570132.png
2026-08-21 18:43:10,483 INFO photo_manager - Foto movida: /home/ddurand/proyectos/personal/rpaludoplay-app/src/static/images/16769474.png -> /home/ddurand/fotos/16769474.png
2026-08-21 18:43:10,483 INFO photo_manager - Foto movida: /home/ddurand/proyectos/personal/rpaludoplay-app/src/static/images/43692140.png -> /home/ddurand/fotos/43692140.png
2026-08-21 18:43:10,484 INFO photo_manager - Foto movida: /home/ddurand/proyectos/personal/rpaludoplay-app/src/static/images/30859091.png -> /home/ddurand/fotos/30859091.png
2026-08-21 18:43:10,484 INFO photo_manager - Foto movida: /home/ddurand/proyectos/personal/rpaludoplay-app/src/static/images/42691363.png -> /home/ddurand/fotos/42691363.png
2026-08-21 18:43:10,484 INFO photo_manager - Foto movida: /home/ddurand/proyectos/personal/rpaludoplay-app/src/static/images/71246412.png -> /home/ddurand/fotos/71246412.png
2026-08-21 18:43:10,485 INFO photo_manager - Foto movida: /home/ddurand/proyectos/personal/rpaludoplay-app/src/static/images/31171766.png -> /home/ddurand/fotos/31171766.png
2026-08-21 18:43:10,485 INFO photo_manager - Foto movida: /home/ddurand/proyectos/personal/rpaludoplay-app/src/static/images/40249778.png -> /home/ddurand/fotos/40249778.png
2026-08-21 18:43:10,485 INFO photo_manager - Foto movida: /home/ddurand/proyectos/personal/rpaludoplay-app/src/static/images/45501845.png -> /home/ddurand/fotos/45501845.png
2026-08-21 18:43:10,486 INFO photo_manager - Foto movida: /home/ddurand/proyectos/personal/rpaludoplay-app/src/static/images/10127174.png -> /home/ddurand/fotos/10127174.png
2026-08-21 18:43:10,486 INFO photo_manager - Foto movida: /home/ddurand/proyectos/personal/rpaludoplay-app/src/static/images/16776230.png -> /home/ddurand/fotos/16776230.png
2026-08-21 18:43:10,487 INFO photo_manager - Foto movida: /home/ddurand/proyectos/personal/rpaludoplay-app/src/static/images/75984091.png -> /home/ddurand/fotos/75984091.png
2026-08-21 18:43:10,487 INFO photo_manager - Foto movida: /home/ddurand/proyectos/personal/rpaludoplay-app/src/static/images/29252319.png -> /home/ddurand/fotos/29252319.png
2026-08-21 18:43:10,487 INFO photo_manager - Foto movida: /home/ddurand/proyectos/personal/rpaludoplay-app/src/static/images/09860234.png -> /home/ddurand/fotos/09860234.png
2026-08-21 18:43:10,488 INFO photo_manager - Foto movida: /home/ddurand/proyectos/personal/rpaludoplay-app/src/static/images/47348457.png -> /home/ddurand/fotos/47348457.png
2026-08-21 18:43:10,488 INFO photo_manager - Foto movida: /home/ddurand/proyectos/personal/rpaludoplay-app/src/static/images/41261313.png -> /home/ddurand/fotos/41261313.png
2026-08-21 18:43:10,488 INFO photo_manager - Foto movida: /home/ddurand/proyectos/personal/rpaludoplay-app/src/static/images/41129749.png -> /home/ddurand/fotos/41129749.png
2026-08-21 18:43:10,489 INFO photo_manager - Foto movida: /home/ddurand/proyectos/personal/rpaludoplay-app/src/static/images/80594697.png -> /home/ddurand/fotos/80594697.png
2026-08-21 18:43:10,489 INFO photo_manager - Foto movida: /home/ddurand/proyectos/personal/rpaludoplay-app/src/static/images/41880603.png -> /home/ddurand/fotos/41880603.png
2026-08-21 18:43:10,489 INFO photo_manager - Foto movida: /home/ddurand/proyectos/personal/rpaludoplay-app/src/static/images/61910056.png -> /home/ddurand/fotos/61910056.png
2026-08-21 18:43:10,490 INFO photo_manager - Foto movida: /home/ddurand/proyectos/personal/rpaludoplay-app/src/static/images/75213732.png -> /home/ddurand/fotos/75213732.png
2026-08-21 18:43:10,490 INFO photo_manager - Foto movida: /home/ddurand/proyectos/personal/rpaludoplay-app/src/static/images/07616629.png -> /home/ddurand/fotos/07616629.png
2026-08-21 18:43:10,490 INFO photo_manager - Foto movida: /home/ddurand/proyectos/personal/rpaludoplay-app/src/static/images/46587649.png -> /home/ddurand/fotos/46587649.png
2026-08-21 18:43:10,491 INFO photo_manager - Foto movida: /home/ddurand/proyectos/personal/rpaludoplay-app/src/static/images/32938693.png -> /home/ddurand/fotos/32938693.png
2026-08-21 18:43:10,491 INFO photo_manager - Foto movida: /home/ddurand/proyectos/personal/rpaludoplay-app/src/static/images/74578288.png -> /home/ddurand/fotos/74578288.png
2026-08-21 18:43:10,491 INFO photo_manager - Foto movida: /home/ddurand/proyectos/personal/rpaludoplay-app/src/static/images/61018670.png -> /home/ddurand/fotos/61018670.png
2026-08-21 18:43:10,492 INFO photo_manager - Foto movida: /home/ddurand/proyectos/personal/rpaludoplay-app/src/static/images/78292134.png -> /home/ddurand/fotos/78292134.png
2026-08-21 18:43:10,492 INFO photo_manager - Foto movida: /home/ddurand/proyectos/personal/rpaludoplay-app/src/static/images/71952937.png -> /home/ddurand/fotos/71952937.png
2026-08-21 18:43:10,492 INFO photo_manager - Foto movida: /home/ddurand/proyectos/personal/rpaludoplay-app/src/static/images/28283382.png -> /home/ddurand/fotos/28283382.png
2026-08-21 18:43:10,492 INFO photo_manager - Foto movida: /home/ddurand/proyectos/personal/rpaludoplay-app/src/static/images/72114539.png -> /home/ddurand/fotos/72114539.png
2026-08-21 18:43:10,493 INFO photo_manager - Foto movida: /home/ddurand/proyectos/personal/rpaludoplay-app/src/static/images/45240645.png -> /home/ddurand/fotos/45240645.png
2026-08-21 18:43:10,493 INFO photo_manager - Foto movida: /home/ddurand/proyectos/personal/rpaludoplay-app/src/static/images/43240592.png -> /home/ddurand/fotos/43240592.png
2026-08-21 18:43:10,493 INFO photo_manager - Foto movida: /home/ddurand/proyectos/personal/rpaludoplay-app/src/static/images/41197489.png -> /home/ddurand/fotos/41197489.png
2026-08-21 18:43:10,493 INFO photo_manager - Foto movida: /home/ddurand/proyectos/personal/rpaludoplay-app/src/static/images/75664265.png -> /home/ddurand/fotos/75664265.png
2026-08-21 18:43:10,494 INFO photo_manager - Foto movida: /home/ddurand/proyectos/personal/rpaludoplay-app/src/static/images/74211044.png -> /home/ddurand/fotos/74211044.png
2026-08-21 18:43:10,494 INFO photo_manager - Foto movida: /home/ddurand/proyectos/personal/rpaludoplay-app/src/static/images/41013135.png -> /home/ddurand/fotos/41013135.png
2026-08-21 18:43:10,494 INFO photo_manager - Foto movida: /home/ddurand/proyectos/personal/rpaludoplay-app/src/static/images/16681441.png -> /home/ddurand/fotos/16681441.png
2026-08-21 18:43:10,494 INFO photo_manager - Foto movida: /home/ddurand/proyectos/personal/rpaludoplay-app/src/static/images/18073056.png -> /home/ddurand/fotos/18073056.png
2026-08-21 18:43:10,495 INFO photo_manager - Foto movida: /home/ddurand/proyectos/personal/rpaludoplay-app/src/static/images/06786488.png -> /home/ddurand/fotos/06786488.png
2026-08-21 18:43:10,495 INFO photo_manager - Foto movida: /home/ddurand/proyectos/personal/rpaludoplay-app/src/static/images/40242316.png -> /home/ddurand/fotos/40242316.png
2026-08-21 18:43:10,495 INFO photo_manager - Foto movida: /home/ddurand/proyectos/personal/rpaludoplay-app/src/static/images/76981147.png -> /home/ddurand/fotos/76981147.png
2026-08-21 18:43:10,495 INFO photo_manager - Foto movida: /home/ddurand/proyectos/personal/rpaludoplay-app/src/static/images/004339785.png -> /home/ddurand/fotos/004339785.png
2026-08-21 18:43:10,496 INFO photo_manager - Foto movida: /home/ddurand/proyectos/personal/rpaludoplay-app/src/static/images/41544243.png -> /home/ddurand/fotos/41544243.png
2026-08-21 18:43:10,496 INFO photo_manager - Foto movida: /home/ddurand/proyectos/personal/rpaludoplay-app/src/static/images/47769286.png -> /home/ddurand/fotos/47769286.png
2026-08-21 18:43:10,496 INFO photo_manager - Foto movida: /home/ddurand/proyectos/personal/rpaludoplay-app/src/static/images/45411631.png -> /home/ddurand/fotos/45411631.png
2026-08-21 18:43:10,497 INFO photo_manager - Foto movida: /home/ddurand/proyectos/personal/rpaludoplay-app/src/static/images/46538500.png -> /home/ddurand/fotos/46538500.png
2026-08-21 18:43:10,497 INFO photo_manager - Foto movida: /home/ddurand/proyectos/personal/rpaludoplay-app/src/static/images/70497595.png -> /home/ddurand/fotos/70497595.png
2026-08-21 18:43:10,497 INFO photo_manager - Foto movida: /home/ddurand/proyectos/personal/rpaludoplay-app/src/static/images/006304856.png -> /home/ddurand/fotos/006304856.png
2026-08-21 18:43:10,498 INFO photo_manager - Foto movida: /home/ddurand/proyectos/personal/rpaludoplay-app/src/static/images/08522218.png -> /home/ddurand/fotos/08522218.png
2026-08-21 18:43:10,498 INFO photo_manager - Foto movida: /home/ddurand/proyectos/personal/rpaludoplay-app/src/static/images/48646082.png -> /home/ddurand/fotos/48646082.png
2026-08-21 18:43:10,498 INFO photo_manager - Foto movida: /home/ddurand/proyectos/personal/rpaludoplay-app/src/static/images/26950602.png -> /home/ddurand/fotos/26950602.png
2026-08-21 18:43:10,499 INFO photo_manager - Foto movida: /home/ddurand/proyectos/personal/rpaludoplay-app/src/static/images/40247373.png -> /home/ddurand/fotos/40247373.png
2026-08-21 18:43:10,499 INFO photo_manager - Foto movida: /home/ddurand/proyectos/personal/rpaludoplay-app/src/static/images/72298075.png -> /home/ddurand/fotos/72298075.png
2026-08-21 18:43:10,499 INFO photo_manager - Foto movida: /home/ddurand/proyectos/personal/rpaludoplay-app/src/static/images/73656260.png -> /home/ddurand/fotos/73656260.png
2026-08-21 18:43:10,499 INFO photo_manager - Foto movida: /home/ddurand/proyectos/personal/rpaludoplay-app/src/static/images/80283447.png -> /home/ddurand/fotos/80283447.png
2026-08-21 18:43:10,500 INFO photo_manager - Foto movida: /home/ddurand/proyectos/personal/rpaludoplay-app/src/static/images/09855017.png -> /home/ddurand/fotos/09855017.png
2026-08-21 18:43:10,500 INFO photo_manager - Foto movida: /home/ddurand/proyectos/personal/rpaludoplay-app/src/static/images/29590156.png -> /home/ddurand/fotos/29590156.png
2026-08-21 18:43:10,500 INFO photo_manager - Foto movida: /home/ddurand/proyectos/personal/rpaludoplay-app/src/static/images/43610681.png -> /home/ddurand/fotos/43610681.png
2026-08-21 18:43:10,500 INFO photo_manager - Foto movida: /home/ddurand/proyectos/personal/rpaludoplay-app/src/static/images/44185365.png -> /home/ddurand/fotos/44185365.png
2026-08-21 18:43:10,501 INFO photo_manager - Foto movida: /home/ddurand/proyectos/personal/rpaludoplay-app/src/static/images/09975854.png -> /home/ddurand/fotos/09975854.png
2026-08-21 18:43:10,501 INFO photo_manager - Foto movida: /home/ddurand/proyectos/personal/rpaludoplay-app/src/static/images/45921275.png -> /home/ddurand/fotos/45921275.png
2026-08-21 18:43:10,502 INFO photo_manager - Foto movida: /home/ddurand/proyectos/personal/rpaludoplay-app/src/static/images/16731451.png -> /home/ddurand/fotos/16731451.png
2026-08-21 18:43:10,502 INFO photo_manager - Foto movida: /home/ddurand/proyectos/personal/rpaludoplay-app/src/static/images/72466672.png -> /home/ddurand/fotos/72466672.png
2026-08-21 18:43:10,502 INFO photo_manager - Foto movida: /home/ddurand/proyectos/personal/rpaludoplay-app/src/static/images/80019450.png -> /home/ddurand/fotos/80019450.png
2026-08-21 18:43:10,503 INFO photo_manager - Foto movida: /home/ddurand/proyectos/personal/rpaludoplay-app/src/static/images/29613051.png -> /home/ddurand/fotos/29613051.png
2026-08-21 18:43:10,503 INFO photo_manager - Foto movida: /home/ddurand/proyectos/personal/rpaludoplay-app/src/static/images/16717885.png -> /home/ddurand/fotos/16717885.png
2026-08-21 18:43:10,503 INFO photo_manager - Foto movida: /home/ddurand/proyectos/personal/rpaludoplay-app/src/static/images/23958406.png -> /home/ddurand/fotos/23958406.png
2026-08-21 18:43:10,504 INFO photo_manager - Foto movida: /home/ddurand/proyectos/personal/rpaludoplay-app/src/static/images/60804381.png -> /home/ddurand/fotos/60804381.png
2026-08-21 18:43:10,504 INFO photo_manager - Foto movida: /home/ddurand/proyectos/personal/rpaludoplay-app/src/static/images/16790564.png -> /home/ddurand/fotos/16790564.png
2026-08-21 18:43:10,505 INFO photo_manager - Foto movida: /home/ddurand/proyectos/personal/rpaludoplay-app/src/static/images/07523224.png -> /home/ddurand/fotos/07523224.png
2026-08-21 18:43:10,505 INFO photo_manager - Foto movida: /home/ddurand/proyectos/personal/rpaludoplay-app/src/static/images/40511460.png -> /home/ddurand/fotos/40511460.png
2026-08-21 18:43:10,505 INFO photo_manager - Foto movida: /home/ddurand/proyectos/personal/rpaludoplay-app/src/static/images/40778009.png -> /home/ddurand/fotos/40778009.png
2026-08-21 18:43:10,506 INFO photo_manager - Foto movida: /home/ddurand/proyectos/personal/rpaludoplay-app/src/static/images/47169516.png -> /home/ddurand/fotos/47169516.png
2026-08-21 18:43:10,506 INFO photo_manager - Foto movida: /home/ddurand/proyectos/personal/rpaludoplay-app/src/static/images/20888621.png -> /home/ddurand/fotos/20888621.png
2026-08-21 18:43:10,507 INFO photo_manager - Foto movida: /home/ddurand/proyectos/personal/rpaludoplay-app/src/static/images/73261099.png -> /home/ddurand/fotos/73261099.png
2026-08-21 18:43:10,507 INFO photo_manager - Foto movida: /home/ddurand/proyectos/personal/rpaludoplay-app/src/static/images/41350636.png -> /home/ddurand/fotos/41350636.png
2026-08-21 18:43:10,507 INFO photo_manager - Foto movida: /home/ddurand/proyectos/personal/rpaludoplay-app/src/static/images/41084817.png -> /home/ddurand/fotos/41084817.png
2026-08-21 18:43:10,508 INFO photo_manager - Foto movida: /home/ddurand/proyectos/personal/rpaludoplay-app/src/static/images/43922023.png -> /home/ddurand/fotos/43922023.png
2026-08-21 18:43:10,508 INFO photo_manager - Foto movida: /home/ddurand/proyectos/personal/rpaludoplay-app/src/static/images/000163298.png -> /home/ddurand/fotos/000163298.png
2026-08-21 18:43:10,508 INFO photo_manager - Foto movida: /home/ddurand/proyectos/personal/rpaludoplay-app/src/static/images/04643601.png -> /home/ddurand/fotos/04643601.png
2026-08-21 18:43:10,509 INFO photo_manager - Foto movida: /home/ddurand/proyectos/personal/rpaludoplay-app/src/static/images/27718652.png -> /home/ddurand/fotos/27718652.png
2026-08-21 18:43:10,509 INFO photo_manager - Foto movida: /home/ddurand/proyectos/personal/rpaludoplay-app/src/static/images/43065275.png -> /home/ddurand/fotos/43065275.png
2026-08-21 18:43:10,509 INFO photo_manager - Foto movida: /home/ddurand/proyectos/personal/rpaludoplay-app/src/static/images/000150331.png -> /home/ddurand/fotos/000150331.png
2026-08-21 18:43:10,510 INFO photo_manager - Foto movida: /home/ddurand/proyectos/personal/rpaludoplay-app/src/static/images/10712623.png -> /home/ddurand/fotos/10712623.png
2026-08-21 18:43:10,510 INFO photo_manager - Foto movida: /home/ddurand/proyectos/personal/rpaludoplay-app/src/static/images/73631930.png -> /home/ddurand/fotos/73631930.png
2026-08-21 18:43:10,510 INFO photo_manager - Foto movida: /home/ddurand/proyectos/personal/rpaludoplay-app/src/static/images/08358570.png -> /home/ddurand/fotos/08358570.png
2026-08-21 18:43:10,511 INFO photo_manager - Foto movida: /home/ddurand/proyectos/personal/rpaludoplay-app/src/static/images/70652734.png -> /home/ddurand/fotos/70652734.png
2026-08-21 18:43:10,511 INFO photo_manager - Foto movida: /home/ddurand/proyectos/personal/rpaludoplay-app/src/static/images/09271084.png -> /home/ddurand/fotos/09271084.png
2026-08-21 18:43:10,511 INFO photo_manager - Foto movida: /home/ddurand/proyectos/personal/rpaludoplay-app/src/static/images/28315851.png -> /home/ddurand/fotos/28315851.png
2026-08-21 18:43:10,511 INFO photo_manager - Foto movida: /home/ddurand/proyectos/personal/rpaludoplay-app/src/static/images/40981786.png -> /home/ddurand/fotos/40981786.png
2026-08-21 18:43:10,512 INFO photo_manager - Foto movida: /home/ddurand/proyectos/personal/rpaludoplay-app/src/static/images/73812549.png -> /home/ddurand/fotos/73812549.png
2026-08-21 18:43:10,512 INFO photo_manager - Foto movida: /home/ddurand/proyectos/personal/rpaludoplay-app/src/static/images/45065095.png -> /home/ddurand/fotos/45065095.png
2026-08-21 18:43:10,512 INFO photo_manager - Foto movida: /home/ddurand/proyectos/personal/rpaludoplay-app/src/static/images/42269135.png -> /home/ddurand/fotos/42269135.png
2026-08-21 18:43:10,513 INFO photo_manager - Foto movida: /home/ddurand/proyectos/personal/rpaludoplay-app/src/static/images/42472116.png -> /home/ddurand/fotos/42472116.png
2026-08-21 18:43:10,513 INFO photo_manager - Foto movida: /home/ddurand/proyectos/personal/rpaludoplay-app/src/static/images/10492992.png -> /home/ddurand/fotos/10492992.png
2026-08-21 18:43:10,513 INFO photo_manager - Foto movida: /home/ddurand/proyectos/personal/rpaludoplay-app/src/static/images/45965708.png -> /home/ddurand/fotos/45965708.png
2026-08-21 18:43:10,513 INFO photo_manager - Foto movida: /home/ddurand/proyectos/personal/rpaludoplay-app/src/static/images/80472268.png -> /home/ddurand/fotos/80472268.png
2026-08-21 18:43:10,514 INFO photo_manager - Foto movida: /home/ddurand/proyectos/personal/rpaludoplay-app/src/static/images/76880348.png -> /home/ddurand/fotos/76880348.png
2026-08-21 18:43:10,514 INFO photo_manager - Foto movida: /home/ddurand/proyectos/personal/rpaludoplay-app/src/static/images/46879441.png -> /home/ddurand/fotos/46879441.png
2026-08-21 18:43:10,514 INFO photo_manager - Foto movida: /home/ddurand/proyectos/personal/rpaludoplay-app/src/static/images/41072072.png -> /home/ddurand/fotos/41072072.png
2026-08-21 18:43:10,515 INFO photo_manager - Foto movida: /home/ddurand/proyectos/personal/rpaludoplay-app/src/static/images/77914842.png -> /home/ddurand/fotos/77914842.png
2026-08-21 18:43:10,515 INFO photo_manager - Foto movida: /home/ddurand/proyectos/personal/rpaludoplay-app/src/static/images/72012733.png -> /home/ddurand/fotos/72012733.png
2026-08-21 18:43:10,515 INFO photo_manager - Foto movida: /home/ddurand/proyectos/personal/rpaludoplay-app/src/static/images/45040652.png -> /home/ddurand/fotos/45040652.png
2026-08-21 18:43:10,516 INFO photo_manager - Foto movida: /home/ddurand/proyectos/personal/rpaludoplay-app/src/static/images/25576354.png -> /home/ddurand/fotos/25576354.png
2026-08-21 18:43:10,516 INFO photo_manager - Foto movida: /home/ddurand/proyectos/personal/rpaludoplay-app/src/static/images/02794948.png -> /home/ddurand/fotos/02794948.png
2026-08-21 18:43:10,516 INFO photo_manager - Foto movida: /home/ddurand/proyectos/personal/rpaludoplay-app/src/static/images/77462189.png -> /home/ddurand/fotos/77462189.png
2026-08-21 18:43:10,516 INFO photo_manager - Foto movida: /home/ddurand/proyectos/personal/rpaludoplay-app/src/static/images/45324826.png -> /home/ddurand/fotos/45324826.png
2026-08-21 18:43:10,517 INFO photo_manager - Foto movida: /home/ddurand/proyectos/personal/rpaludoplay-app/src/static/images/44757452.png -> /home/ddurand/fotos/44757452.png
2026-08-21 18:43:10,517 INFO photo_manager - Foto movida: /home/ddurand/proyectos/personal/rpaludoplay-app/src/static/images/48120615.png -> /home/ddurand/fotos/48120615.png
2026-08-21 18:43:10,517 INFO photo_manager - Foto movida: /home/ddurand/proyectos/personal/rpaludoplay-app/src/static/images/72654349.png -> /home/ddurand/fotos/72654349.png
2026-08-21 18:43:10,518 INFO photo_manager - Foto movida: /home/ddurand/proyectos/personal/rpaludoplay-app/src/static/images/70071625.png -> /home/ddurand/fotos/70071625.png
2026-08-21 18:43:10,518 INFO photo_manager - Foto movida: /home/ddurand/proyectos/personal/rpaludoplay-app/src/static/images/74217120.png -> /home/ddurand/fotos/74217120.png
2026-08-21 18:43:10,518 INFO photo_manager - Foto movida: /home/ddurand/proyectos/personal/rpaludoplay-app/src/static/images/43510302.png -> /home/ddurand/fotos/43510302.png
2026-08-21 18:43:10,519 INFO photo_manager - Foto movida: /home/ddurand/proyectos/personal/rpaludoplay-app/src/static/images/09485768.png -> /home/ddurand/fotos/09485768.png
2026-08-21 18:43:10,519 INFO photo_manager - Foto movida: /home/ddurand/proyectos/personal/rpaludoplay-app/src/static/images/48075968.png -> /home/ddurand/fotos/48075968.png
2026-08-21 18:43:10,519 INFO photo_manager - Foto movida: /home/ddurand/proyectos/personal/rpaludoplay-app/src/static/images/09732020.png -> /home/ddurand/fotos/09732020.png
2026-08-21 18:43:10,520 INFO photo_manager - Foto movida: /home/ddurand/proyectos/personal/rpaludoplay-app/src/static/images/72394813.png -> /home/ddurand/fotos/72394813.png
2026-08-21 18:43:10,520 INFO photo_manager - Foto movida: /home/ddurand/proyectos/personal/rpaludoplay-app/src/static/images/005671612.png -> /home/ddurand/fotos/005671612.png
2026-08-21 18:43:10,520 INFO photo_manager - Foto movida: /home/ddurand/proyectos/personal/rpaludoplay-app/src/static/images/41928254.png -> /home/ddurand/fotos/41928254.png
2026-08-21 18:43:10,521 INFO photo_manager - Foto movida: /home/ddurand/proyectos/personal/rpaludoplay-app/src/static/images/40046443.png -> /home/ddurand/fotos/40046443.png
2026-08-21 18:43:10,521 INFO photo_manager - Foto movida: /home/ddurand/proyectos/personal/rpaludoplay-app/src/static/images/44288334.png -> /home/ddurand/fotos/44288334.png
2026-08-21 18:43:10,521 INFO photo_manager - Foto movida: /home/ddurand/proyectos/personal/rpaludoplay-app/src/static/images/46096195.png -> /home/ddurand/fotos/46096195.png
2026-08-21 18:43:10,522 INFO photo_manager - Foto movida: /home/ddurand/proyectos/personal/rpaludoplay-app/src/static/images/43269059.png -> /home/ddurand/fotos/43269059.png
2026-08-21 18:43:10,522 INFO photo_manager - Foto movida: /home/ddurand/proyectos/personal/rpaludoplay-app/src/static/images/78012440.png -> /home/ddurand/fotos/78012440.png
2026-08-21 18:43:10,522 INFO photo_manager - Foto movida: /home/ddurand/proyectos/personal/rpaludoplay-app/src/static/images/71701280.png -> /home/ddurand/fotos/71701280.png
2026-08-21 18:43:10,523 INFO photo_manager - Foto movida: /home/ddurand/proyectos/personal/rpaludoplay-app/src/static/images/40389456.png -> /home/ddurand/fotos/40389456.png
2026-08-21 18:43:10,523 INFO photo_manager - Foto movida: /home/ddurand/proyectos/personal/rpaludoplay-app/src/static/images/46624265.png -> /home/ddurand/fotos/46624265.png
2026-08-21 18:43:10,523 INFO photo_manager - Foto movida: /home/ddurand/proyectos/personal/rpaludoplay-app/src/static/images/40410878.png -> /home/ddurand/fotos/40410878.png
2026-08-21 18:43:10,523 INFO photo_manager - Foto movida: /home/ddurand/proyectos/personal/rpaludoplay-app/src/static/images/25564407.png -> /home/ddurand/fotos/25564407.png
2026-08-21 18:43:10,524 INFO photo_manager - Foto movida: /home/ddurand/proyectos/personal/rpaludoplay-app/src/static/images/65859480.png -> /home/ddurand/fotos/65859480.png
2026-08-21 18:43:10,524 INFO photo_manager - Foto movida: /home/ddurand/proyectos/personal/rpaludoplay-app/src/static/images/10791260.png -> /home/ddurand/fotos/10791260.png
2026-08-21 18:43:10,525 INFO photo_manager - Foto movida: /home/ddurand/proyectos/personal/rpaludoplay-app/src/static/images/46514211.png -> /home/ddurand/fotos/46514211.png
2026-08-21 18:43:10,525 INFO photo_manager - Foto movida: /home/ddurand/proyectos/personal/rpaludoplay-app/src/static/images/40720654.png -> /home/ddurand/fotos/40720654.png
2026-08-21 18:43:10,525 INFO photo_manager - Foto movida: /home/ddurand/proyectos/personal/rpaludoplay-app/src/static/images/80367333.png -> /home/ddurand/fotos/80367333.png
2026-08-21 18:43:10,526 INFO photo_manager - Foto movida: /home/ddurand/proyectos/personal/rpaludoplay-app/src/static/images/40460220.png -> /home/ddurand/fotos/40460220.png
2026-08-21 18:43:10,526 INFO photo_manager - Foto movida: /home/ddurand/proyectos/personal/rpaludoplay-app/src/static/images/21139096.png -> /home/ddurand/fotos/21139096.png
2026-08-21 18:43:10,527 INFO photo_manager - Foto movida: /home/ddurand/proyectos/personal/rpaludoplay-app/src/static/images/72877445.png -> /home/ddurand/fotos/72877445.png
2026-08-21 18:43:10,527 INFO photo_manager - Foto movida: /home/ddurand/proyectos/personal/rpaludoplay-app/src/static/images/42368406.png -> /home/ddurand/fotos/42368406.png
2026-08-21 18:43:10,528 INFO photo_manager - Foto movida: /home/ddurand/proyectos/personal/rpaludoplay-app/src/static/images/42474404.png -> /home/ddurand/fotos/42474404.png
2026-08-21 18:43:10,528 INFO photo_manager - Foto movida: /home/ddurand/proyectos/personal/rpaludoplay-app/src/static/images/41160888.png -> /home/ddurand/fotos/41160888.png
2026-08-21 18:43:10,528 INFO photo_manager - Foto movida: /home/ddurand/proyectos/personal/rpaludoplay-app/src/static/images/43650743.png -> /home/ddurand/fotos/43650743.png
2026-08-21 18:43:10,529 INFO photo_manager - Foto movida: /home/ddurand/proyectos/personal/rpaludoplay-app/src/static/images/48391115.png -> /home/ddurand/fotos/48391115.png
2026-08-21 18:43:10,529 INFO photo_manager - Foto movida: /home/ddurand/proyectos/personal/rpaludoplay-app/src/static/images/42709048.png -> /home/ddurand/fotos/42709048.png
2026-08-21 18:43:10,530 INFO photo_manager - Foto movida: /home/ddurand/proyectos/personal/rpaludoplay-app/src/static/images/45003980.png -> /home/ddurand/fotos/45003980.png
2026-08-21 18:43:10,530 INFO photo_manager - Foto movida: /home/ddurand/proyectos/personal/rpaludoplay-app/src/static/images/77472995.png -> /home/ddurand/fotos/77472995.png
2026-08-21 18:43:10,530 INFO photo_manager - Foto movida: /home/ddurand/proyectos/personal/rpaludoplay-app/src/static/images/43406581.png -> /home/ddurand/fotos/43406581.png
2026-08-21 18:43:10,530 INFO photo_manager - Foto movida: /home/ddurand/proyectos/personal/rpaludoplay-app/src/static/images/42363135.png -> /home/ddurand/fotos/42363135.png
2026-08-21 18:43:10,531 INFO photo_manager - Foto movida: /home/ddurand/proyectos/personal/rpaludoplay-app/src/static/images/47728366.png -> /home/ddurand/fotos/47728366.png
2026-08-21 18:43:10,531 INFO photo_manager - Foto movida: /home/ddurand/proyectos/personal/rpaludoplay-app/src/static/images/43782912.png -> /home/ddurand/fotos/43782912.png
2026-08-21 18:43:10,531 INFO photo_manager - Foto movida: /home/ddurand/proyectos/personal/rpaludoplay-app/src/static/images/16662746.png -> /home/ddurand/fotos/16662746.png
2026-08-21 18:43:10,532 INFO photo_manager - Foto movida: /home/ddurand/proyectos/personal/rpaludoplay-app/src/static/images/16636500.png -> /home/ddurand/fotos/16636500.png
2026-08-21 18:43:10,532 INFO photo_manager - Foto movida: /home/ddurand/proyectos/personal/rpaludoplay-app/src/static/images/44234586.png -> /home/ddurand/fotos/44234586.png
2026-08-21 18:43:10,532 INFO photo_manager - Foto movida: /home/ddurand/proyectos/personal/rpaludoplay-app/src/static/images/72849742.png -> /home/ddurand/fotos/72849742.png
2026-08-21 18:43:10,533 INFO photo_manager - Foto movida: /home/ddurand/proyectos/personal/rpaludoplay-app/src/static/images/43089267.png -> /home/ddurand/fotos/43089267.png
2026-08-21 18:43:10,533 INFO photo_manager - Foto movida: /home/ddurand/proyectos/personal/rpaludoplay-app/src/static/images/80614137.png -> /home/ddurand/fotos/80614137.png
2026-08-21 18:43:10,534 INFO photo_manager - Foto movida: /home/ddurand/proyectos/personal/rpaludoplay-app/src/static/images/43257080.png -> /home/ddurand/fotos/43257080.png
2026-08-21 18:43:10,534 INFO photo_manager - Foto movida: /home/ddurand/proyectos/personal/rpaludoplay-app/src/static/images/10272677.png -> /home/ddurand/fotos/10272677.png
2026-08-21 18:43:10,534 INFO photo_manager - Foto movida: /home/ddurand/proyectos/personal/rpaludoplay-app/src/static/images/25000702.png -> /home/ddurand/fotos/25000702.png
2026-08-21 18:43:10,535 INFO photo_manager - Foto movida: /home/ddurand/proyectos/personal/rpaludoplay-app/src/static/images/42078305.png -> /home/ddurand/fotos/42078305.png
2026-08-21 18:43:10,536 INFO photo_manager - Foto movida: /home/ddurand/proyectos/personal/rpaludoplay-app/src/static/images/47277706.png -> /home/ddurand/fotos/47277706.png
2026-08-21 18:43:10,536 INFO photo_manager - Foto movida: /home/ddurand/proyectos/personal/rpaludoplay-app/src/static/images/10128561.png -> /home/ddurand/fotos/10128561.png
2026-08-21 18:43:10,536 INFO photo_manager - Foto movida: /home/ddurand/proyectos/personal/rpaludoplay-app/src/static/images/41491248.png -> /home/ddurand/fotos/41491248.png
2026-08-21 18:43:10,537 INFO photo_manager - Foto movida: /home/ddurand/proyectos/personal/rpaludoplay-app/src/static/images/10201189.png -> /home/ddurand/fotos/10201189.png
2026-08-21 18:43:10,537 INFO photo_manager - Foto movida: /home/ddurand/proyectos/personal/rpaludoplay-app/src/static/images/06144960.png -> /home/ddurand/fotos/06144960.png
2026-08-21 18:43:10,537 INFO photo_manager - Foto movida: /home/ddurand/proyectos/personal/rpaludoplay-app/src/static/images/74443070.png -> /home/ddurand/fotos/74443070.png
2026-08-21 18:43:10,538 INFO photo_manager - Foto movida: /home/ddurand/proyectos/personal/rpaludoplay-app/src/static/images/46687843.png -> /home/ddurand/fotos/46687843.png
2026-08-21 18:43:10,538 INFO photo_manager - Foto movida: /home/ddurand/proyectos/personal/rpaludoplay-app/src/static/images/42196998.png -> /home/ddurand/fotos/42196998.png
2026-08-21 18:43:10,539 INFO photo_manager - Foto movida: /home/ddurand/proyectos/personal/rpaludoplay-app/src/static/images/45606243.png -> /home/ddurand/fotos/45606243.png
2026-08-21 18:43:10,539 INFO photo_manager - Foto movida: /home/ddurand/proyectos/personal/rpaludoplay-app/src/static/images/70687481.png -> /home/ddurand/fotos/70687481.png
2026-08-21 18:43:10,539 INFO photo_manager - Foto movida: /home/ddurand/proyectos/personal/rpaludoplay-app/src/static/images/41550521.png -> /home/ddurand/fotos/41550521.png
2026-08-21 18:43:10,540 INFO photo_manager - Foto movida: /home/ddurand/proyectos/personal/rpaludoplay-app/src/static/images/77238149.png -> /home/ddurand/fotos/77238149.png
2026-08-21 18:43:10,540 INFO photo_manager - Foto movida: /home/ddurand/proyectos/personal/rpaludoplay-app/src/static/images/73542723.png -> /home/ddurand/fotos/73542723.png
2026-08-21 18:43:10,540 INFO photo_manager - Foto movida: /home/ddurand/proyectos/personal/rpaludoplay-app/src/static/images/71799741.png -> /home/ddurand/fotos/71799741.png
2026-08-21 18:43:10,540 INFO photo_manager - Foto movida: /home/ddurand/proyectos/personal/rpaludoplay-app/src/static/images/72382010.png -> /home/ddurand/fotos/72382010.png
2026-08-21 18:43:10,541 INFO photo_manager - Foto movida: /home/ddurand/proyectos/personal/rpaludoplay-app/src/static/images/74842603.png -> /home/ddurand/fotos/74842603.png
2026-08-21 18:43:10,541 INFO photo_manager - Foto movida: /home/ddurand/proyectos/personal/rpaludoplay-app/src/static/images/05643847.png -> /home/ddurand/fotos/05643847.png
2026-08-21 18:43:10,541 INFO photo_manager - Foto movida: /home/ddurand/proyectos/personal/rpaludoplay-app/src/static/images/45751345.png -> /home/ddurand/fotos/45751345.png
2026-08-21 18:43:10,542 INFO photo_manager - Foto movida: /home/ddurand/proyectos/personal/rpaludoplay-app/src/static/images/24808203.png -> /home/ddurand/fotos/24808203.png
2026-08-21 18:43:10,542 INFO photo_manager - Foto movida: /home/ddurand/proyectos/personal/rpaludoplay-app/src/static/images/70272833.png -> /home/ddurand/fotos/70272833.png
2026-08-21 18:43:10,542 INFO photo_manager - Foto movida: /home/ddurand/proyectos/personal/rpaludoplay-app/src/static/images/09774222.png -> /home/ddurand/fotos/09774222.png
2026-08-21 18:43:10,542 INFO photo_manager - Foto movida: /home/ddurand/proyectos/personal/rpaludoplay-app/src/static/images/16787773.png -> /home/ddurand/fotos/16787773.png
2026-08-21 18:43:10,543 INFO photo_manager - Foto movida: /home/ddurand/proyectos/personal/rpaludoplay-app/src/static/images/41055497.png -> /home/ddurand/fotos/41055497.png
2026-08-21 18:43:10,543 INFO photo_manager - Foto movida: /home/ddurand/proyectos/personal/rpaludoplay-app/src/static/images/41764337.png -> /home/ddurand/fotos/41764337.png
2026-08-21 18:43:10,543 INFO photo_manager - Foto movida: /home/ddurand/proyectos/personal/rpaludoplay-app/src/static/images/05339257.png -> /home/ddurand/fotos/05339257.png
2026-08-21 18:43:10,543 INFO photo_manager - Foto movida: /home/ddurand/proyectos/personal/rpaludoplay-app/src/static/images/43613213.png -> /home/ddurand/fotos/43613213.png
2026-08-21 18:43:10,544 INFO photo_manager - Foto movida: /home/ddurand/proyectos/personal/rpaludoplay-app/src/static/images/48999341.png -> /home/ddurand/fotos/48999341.png
2026-08-21 18:43:10,544 INFO photo_manager - Foto movida: /home/ddurand/proyectos/personal/rpaludoplay-app/src/static/images/06283561.png -> /home/ddurand/fotos/06283561.png
2026-08-21 18:43:10,544 INFO photo_manager - Foto movida: /home/ddurand/proyectos/personal/rpaludoplay-app/src/static/images/76904197.png -> /home/ddurand/fotos/76904197.png
2026-08-21 18:43:10,545 INFO photo_manager - Foto movida: /home/ddurand/proyectos/personal/rpaludoplay-app/src/static/images/43691998.png -> /home/ddurand/fotos/43691998.png
2026-08-21 18:43:10,545 INFO photo_manager - Foto movida: /home/ddurand/proyectos/personal/rpaludoplay-app/src/static/images/76584315.png -> /home/ddurand/fotos/76584315.png
2026-08-21 18:43:10,546 INFO photo_manager - Foto movida: /home/ddurand/proyectos/personal/rpaludoplay-app/src/static/images/71921610.png -> /home/ddurand/fotos/71921610.png
2026-08-21 18:43:10,546 INFO photo_manager - Foto movida: /home/ddurand/proyectos/personal/rpaludoplay-app/src/static/images/46850286.png -> /home/ddurand/fotos/46850286.png
2026-08-21 18:43:10,546 INFO photo_manager - Foto movida: /home/ddurand/proyectos/personal/rpaludoplay-app/src/static/images/74281411.png -> /home/ddurand/fotos/74281411.png
2026-08-21 18:43:10,546 INFO photo_manager - Foto movida: /home/ddurand/proyectos/personal/rpaludoplay-app/src/static/images/72933854.png -> /home/ddurand/fotos/72933854.png
2026-08-21 18:43:10,547 INFO photo_manager - Foto movida: /home/ddurand/proyectos/personal/rpaludoplay-app/src/static/images/06767304.png -> /home/ddurand/fotos/06767304.png
2026-08-21 18:43:10,547 INFO photo_manager - Foto movida: /home/ddurand/proyectos/personal/rpaludoplay-app/src/static/images/71809787.png -> /home/ddurand/fotos/71809787.png
2026-08-21 18:43:10,547 INFO photo_manager - Foto movida: /home/ddurand/proyectos/personal/rpaludoplay-app/src/static/images/46602288.png -> /home/ddurand/fotos/46602288.png
2026-08-21 18:43:10,548 INFO photo_manager - Foto movida: /home/ddurand/proyectos/personal/rpaludoplay-app/src/static/images/06690772.png -> /home/ddurand/fotos/06690772.png
2026-08-21 18:43:10,548 INFO photo_manager - Foto movida: /home/ddurand/proyectos/personal/rpaludoplay-app/src/static/images/41481566.png -> /home/ddurand/fotos/41481566.png
2026-08-21 18:43:10,548 INFO photo_manager - Foto movida: /home/ddurand/proyectos/personal/rpaludoplay-app/src/static/images/09675643.png -> /home/ddurand/fotos/09675643.png
2026-08-21 18:43:10,549 INFO photo_manager - Foto movida: /home/ddurand/proyectos/personal/rpaludoplay-app/src/static/images/07424728.png -> /home/ddurand/fotos/07424728.png
2026-08-21 18:43:10,549 INFO photo_manager - Foto movida: /home/ddurand/proyectos/personal/rpaludoplay-app/src/static/images/40258543.png -> /home/ddurand/fotos/40258543.png
2026-08-21 18:43:10,549 INFO photo_manager - Foto movida: /home/ddurand/proyectos/personal/rpaludoplay-app/src/static/images/06067059.png -> /home/ddurand/fotos/06067059.png
2026-08-21 18:43:10,550 INFO photo_manager - Foto movida: /home/ddurand/proyectos/personal/rpaludoplay-app/src/static/images/09709735.png -> /home/ddurand/fotos/09709735.png
2026-08-21 18:43:10,550 INFO photo_manager - Foto movida: /home/ddurand/proyectos/personal/rpaludoplay-app/src/static/images/08242316.png -> /home/ddurand/fotos/08242316.png
2026-08-21 18:43:10,550 INFO photo_manager - Foto movida: /home/ddurand/proyectos/personal/rpaludoplay-app/src/static/images/41692827.png -> /home/ddurand/fotos/41692827.png
2026-08-21 18:43:10,550 INFO photo_manager - Foto movida: /home/ddurand/proyectos/personal/rpaludoplay-app/src/static/images/41547651.png -> /home/ddurand/fotos/41547651.png
2026-08-21 18:43:10,551 INFO photo_manager - Foto movida: /home/ddurand/proyectos/personal/rpaludoplay-app/src/static/images/09580456.png -> /home/ddurand/fotos/09580456.png
2026-08-21 18:43:10,551 INFO photo_manager - Foto movida: /home/ddurand/proyectos/personal/rpaludoplay-app/src/static/images/09982404.png -> /home/ddurand/fotos/09982404.png
2026-08-21 18:43:10,551 INFO photo_manager - Foto movida: /home/ddurand/proyectos/personal/rpaludoplay-app/src/static/images/07566771.png -> /home/ddurand/fotos/07566771.png
2026-08-21 18:43:10,552 INFO photo_manager - Foto movida: /home/ddurand/proyectos/personal/rpaludoplay-app/src/static/images/10424298.png -> /home/ddurand/fotos/10424298.png
2026-08-21 18:43:10,552 INFO photo_manager - Foto movida: /home/ddurand/proyectos/personal/rpaludoplay-app/src/static/images/08652337.png -> /home/ddurand/fotos/08652337.png
2026-08-21 18:43:10,552 INFO photo_manager - Foto movida: /home/ddurand/proyectos/personal/rpaludoplay-app/src/static/images/46952987.png -> /home/ddurand/fotos/46952987.png
2026-08-21 18:43:10,553 INFO photo_manager - Foto movida: /home/ddurand/proyectos/personal/rpaludoplay-app/src/static/images/41846713.png -> /home/ddurand/fotos/41846713.png
2026-08-21 18:43:10,553 INFO photo_manager - Foto movida: /home/ddurand/proyectos/personal/rpaludoplay-app/src/static/images/40824395.png -> /home/ddurand/fotos/40824395.png
2026-08-21 18:43:10,554 INFO photo_manager - Foto movida: /home/ddurand/proyectos/personal/rpaludoplay-app/src/static/images/78199521.png -> /home/ddurand/fotos/78199521.png
2026-08-21 18:43:10,554 INFO photo_manager - Foto movida: /home/ddurand/proyectos/personal/rpaludoplay-app/src/static/images/42259541.png -> /home/ddurand/fotos/42259541.png
2026-08-21 18:43:10,555 INFO photo_manager - Foto movida: /home/ddurand/proyectos/personal/rpaludoplay-app/src/static/images/09875652.png -> /home/ddurand/fotos/09875652.png
2026-08-21 18:43:10,555 INFO photo_manager - Foto movida: /home/ddurand/proyectos/personal/rpaludoplay-app/src/static/images/72822586.png -> /home/ddurand/fotos/72822586.png
2026-08-21 18:43:10,555 INFO photo_manager - Foto movida: /home/ddurand/proyectos/personal/rpaludoplay-app/src/static/images/41878694.png -> /home/ddurand/fotos/41878694.png
2026-08-21 18:43:10,556 INFO photo_manager - Foto movida: /home/ddurand/proyectos/personal/rpaludoplay-app/src/static/images/76821320.png -> /home/ddurand/fotos/76821320.png
2026-08-21 18:43:10,556 INFO photo_manager - Foto movida: /home/ddurand/proyectos/personal/rpaludoplay-app/src/static/images/71397402.png -> /home/ddurand/fotos/71397402.png
2026-08-21 18:43:10,557 INFO photo_manager - Foto movida: /home/ddurand/proyectos/personal/rpaludoplay-app/src/static/images/40048336.png -> /home/ddurand/fotos/40048336.png
2026-08-21 18:43:10,557 INFO photo_manager - Foto movida: /home/ddurand/proyectos/personal/rpaludoplay-app/src/static/images/41331310.png -> /home/ddurand/fotos/41331310.png
2026-08-21 18:43:10,557 INFO photo_manager - Foto movida: /home/ddurand/proyectos/personal/rpaludoplay-app/src/static/images/75200873.png -> /home/ddurand/fotos/75200873.png
2026-08-21 18:43:10,558 INFO photo_manager - Foto movida: /home/ddurand/proyectos/personal/rpaludoplay-app/src/static/images/42174631.png -> /home/ddurand/fotos/42174631.png
2026-08-21 18:43:10,558 INFO photo_manager - Foto movida: /home/ddurand/proyectos/personal/rpaludoplay-app/src/static/images/10583653.png -> /home/ddurand/fotos/10583653.png
2026-08-21 18:43:10,559 INFO photo_manager - Foto movida: /home/ddurand/proyectos/personal/rpaludoplay-app/src/static/images/43191961.png -> /home/ddurand/fotos/43191961.png
2026-08-21 18:43:10,559 INFO photo_manager - Foto movida: /home/ddurand/proyectos/personal/rpaludoplay-app/src/static/images/25745319.png -> /home/ddurand/fotos/25745319.png
2026-08-21 18:43:10,559 INFO photo_manager - Foto movida: /home/ddurand/proyectos/personal/rpaludoplay-app/src/static/images/000269983.png -> /home/ddurand/fotos/000269983.png
2026-08-21 18:43:10,560 INFO photo_manager - Foto movida: /home/ddurand/proyectos/personal/rpaludoplay-app/src/static/images/75558422.png -> /home/ddurand/fotos/75558422.png
2026-08-21 18:43:10,561 INFO photo_manager - Foto movida: /home/ddurand/proyectos/personal/rpaludoplay-app/src/static/images/42042680.png -> /home/ddurand/fotos/42042680.png
2026-08-21 18:43:10,561 INFO photo_manager - Foto movida: /home/ddurand/proyectos/personal/rpaludoplay-app/src/static/images/08161383.png -> /home/ddurand/fotos/08161383.png
2026-08-21 18:43:10,562 INFO photo_manager - Foto movida: /home/ddurand/proyectos/personal/rpaludoplay-app/src/static/images/71886060.png -> /home/ddurand/fotos/71886060.png
2026-08-21 18:43:10,562 INFO photo_manager - Foto movida: /home/ddurand/proyectos/personal/rpaludoplay-app/src/static/images/41381880.png -> /home/ddurand/fotos/41381880.png
2026-08-21 18:43:10,563 INFO photo_manager - Foto movida: /home/ddurand/proyectos/personal/rpaludoplay-app/src/static/images/18109503.png -> /home/ddurand/fotos/18109503.png
2026-08-21 18:43:10,563 INFO photo_manager - Foto movida: /home/ddurand/proyectos/personal/rpaludoplay-app/src/static/images/43376402.png -> /home/ddurand/fotos/43376402.png
2026-08-21 18:43:10,564 INFO photo_manager - Foto movida: /home/ddurand/proyectos/personal/rpaludoplay-app/src/static/images/44036306.png -> /home/ddurand/fotos/44036306.png
2026-08-21 18:43:10,564 INFO photo_manager - Foto movida: /home/ddurand/proyectos/personal/rpaludoplay-app/src/static/images/29682415.png -> /home/ddurand/fotos/29682415.png
2026-08-21 18:43:10,564 INFO photo_manager - Foto movida: /home/ddurand/proyectos/personal/rpaludoplay-app/src/static/images/23267334.png -> /home/ddurand/fotos/23267334.png
2026-08-21 18:43:10,564 INFO photo_manager - Foto movida: /home/ddurand/proyectos/personal/rpaludoplay-app/src/static/images/47625266.png -> /home/ddurand/fotos/47625266.png
2026-08-21 18:43:10,565 INFO photo_manager - Foto movida: /home/ddurand/proyectos/personal/rpaludoplay-app/src/static/images/09126753.png -> /home/ddurand/fotos/09126753.png
2026-08-21 18:43:10,565 INFO photo_manager - Foto movida: /home/ddurand/proyectos/personal/rpaludoplay-app/src/static/images/27966515.png -> /home/ddurand/fotos/27966515.png
2026-08-21 18:43:10,565 INFO photo_manager - Foto movida: /home/ddurand/proyectos/personal/rpaludoplay-app/src/static/images/15721181.png -> /home/ddurand/fotos/15721181.png
2026-08-21 18:43:10,566 INFO photo_manager - Foto movida: /home/ddurand/proyectos/personal/rpaludoplay-app/src/static/images/09368961.png -> /home/ddurand/fotos/09368961.png
2026-08-21 18:43:10,566 INFO photo_manager - Foto movida: /home/ddurand/proyectos/personal/rpaludoplay-app/src/static/images/43586730.png -> /home/ddurand/fotos/43586730.png
2026-08-21 18:43:10,567 INFO photo_manager - Foto movida: /home/ddurand/proyectos/personal/rpaludoplay-app/src/static/images/40333836.png -> /home/ddurand/fotos/40333836.png
2026-08-21 18:43:10,567 INFO photo_manager - Foto movida: /home/ddurand/proyectos/personal/rpaludoplay-app/src/static/images/74168716.png -> /home/ddurand/fotos/74168716.png
2026-08-21 18:43:10,568 INFO photo_manager - Foto movida: /home/ddurand/proyectos/personal/rpaludoplay-app/src/static/images/46860896.png -> /home/ddurand/fotos/46860896.png
2026-08-21 18:43:10,568 INFO photo_manager - Foto movida: /home/ddurand/proyectos/personal/rpaludoplay-app/src/static/images/40039474.png -> /home/ddurand/fotos/40039474.png
2026-08-21 18:43:10,568 INFO photo_manager - Foto movida: /home/ddurand/proyectos/personal/rpaludoplay-app/src/static/images/40320799.png -> /home/ddurand/fotos/40320799.png
2026-08-21 18:43:10,569 INFO photo_manager - Foto movida: /home/ddurand/proyectos/personal/rpaludoplay-app/src/static/images/47436563.png -> /home/ddurand/fotos/47436563.png
2026-08-21 18:43:10,569 INFO photo_manager - Foto movida: /home/ddurand/proyectos/personal/rpaludoplay-app/src/static/images/40433211.png -> /home/ddurand/fotos/40433211.png
2026-08-21 18:43:10,570 INFO photo_manager - Foto movida: /home/ddurand/proyectos/personal/rpaludoplay-app/src/static/images/48118319.png -> /home/ddurand/fotos/48118319.png
2026-08-21 18:43:10,570 INFO photo_manager - Foto movida: /home/ddurand/proyectos/personal/rpaludoplay-app/src/static/images/45438042.png -> /home/ddurand/fotos/45438042.png
2026-08-21 18:43:10,570 INFO photo_manager - Foto movida: /home/ddurand/proyectos/personal/rpaludoplay-app/src/static/images/47604798.png -> /home/ddurand/fotos/47604798.png
2026-08-21 18:43:10,571 INFO photo_manager - Foto movida: /home/ddurand/proyectos/personal/rpaludoplay-app/src/static/images/48449274.png -> /home/ddurand/fotos/48449274.png
2026-08-21 18:43:10,571 INFO photo_manager - Foto movida: /home/ddurand/proyectos/personal/rpaludoplay-app/src/static/images/24578964.png -> /home/ddurand/fotos/24578964.png
2026-08-21 18:43:10,571 INFO photo_manager - Foto movida: /home/ddurand/proyectos/personal/rpaludoplay-app/src/static/images/20902464.png -> /home/ddurand/fotos/20902464.png
2026-08-21 18:43:10,572 INFO photo_manager - Foto movida: /home/ddurand/proyectos/personal/rpaludoplay-app/src/static/images/07935307.png -> /home/ddurand/fotos/07935307.png
2026-08-21 18:43:10,572 INFO photo_manager - Foto movida: /home/ddurand/proyectos/personal/rpaludoplay-app/src/static/images/09640463.png -> /home/ddurand/fotos/09640463.png
2026-08-21 18:43:10,573 INFO photo_manager - Foto movida: /home/ddurand/proyectos/personal/rpaludoplay-app/src/static/images/80623380.png -> /home/ddurand/fotos/80623380.png
2026-08-21 18:43:10,573 INFO photo_manager - Foto movida: /home/ddurand/proyectos/personal/rpaludoplay-app/src/static/images/46109043.png -> /home/ddurand/fotos/46109043.png
2026-08-21 18:43:10,573 INFO photo_manager - Foto movida: /home/ddurand/proyectos/personal/rpaludoplay-app/src/static/images/46345902.png -> /home/ddurand/fotos/46345902.png
2026-08-21 18:43:10,574 INFO photo_manager - Foto movida: /home/ddurand/proyectos/personal/rpaludoplay-app/src/static/images/009105918.png -> /home/ddurand/fotos/009105918.png
2026-08-21 18:43:10,574 INFO photo_manager - Foto movida: /home/ddurand/proyectos/personal/rpaludoplay-app/src/static/images/42704811.png -> /home/ddurand/fotos/42704811.png
2026-08-21 18:43:10,574 INFO photo_manager - Foto movida: /home/ddurand/proyectos/personal/rpaludoplay-app/src/static/images/42571174.png -> /home/ddurand/fotos/42571174.png
2026-08-21 18:43:10,575 INFO photo_manager - Foto movida: /home/ddurand/proyectos/personal/rpaludoplay-app/src/static/images/03836408.png -> /home/ddurand/fotos/03836408.png
2026-08-21 18:43:10,575 INFO photo_manager - Foto movida: /home/ddurand/proyectos/personal/rpaludoplay-app/src/static/images/10344982.png -> /home/ddurand/fotos/10344982.png
2026-08-21 18:43:10,575 INFO photo_manager - Foto movida: /home/ddurand/proyectos/personal/rpaludoplay-app/src/static/images/45856739.png -> /home/ddurand/fotos/45856739.png
2026-08-21 18:43:10,575 INFO photo_manager - Foto movida: /home/ddurand/proyectos/personal/rpaludoplay-app/src/static/images/40484651.png -> /home/ddurand/fotos/40484651.png
2026-08-21 18:43:10,576 INFO photo_manager - Foto movida: /home/ddurand/proyectos/personal/rpaludoplay-app/src/static/images/44666132.png -> /home/ddurand/fotos/44666132.png
2026-08-21 18:43:10,576 INFO photo_manager - Foto movida: /home/ddurand/proyectos/personal/rpaludoplay-app/src/static/images/47424761.png -> /home/ddurand/fotos/47424761.png
2026-08-21 18:43:10,576 INFO photo_manager - Foto movida: /home/ddurand/proyectos/personal/rpaludoplay-app/src/static/images/40489724.png -> /home/ddurand/fotos/40489724.png
2026-08-21 18:43:10,577 INFO photo_manager - Foto movida: /home/ddurand/proyectos/personal/rpaludoplay-app/src/static/images/44306358.png -> /home/ddurand/fotos/44306358.png
2026-08-21 18:43:10,577 INFO photo_manager - Foto movida: /home/ddurand/proyectos/personal/rpaludoplay-app/src/static/images/06630048.png -> /home/ddurand/fotos/06630048.png
2026-08-21 18:43:10,578 INFO photo_manager - Foto movida: /home/ddurand/proyectos/personal/rpaludoplay-app/src/static/images/47719156.png -> /home/ddurand/fotos/47719156.png
2026-08-21 18:43:10,578 INFO photo_manager - Foto movida: /home/ddurand/proyectos/personal/rpaludoplay-app/src/static/images/40857507.png -> /home/ddurand/fotos/40857507.png
2026-08-21 18:43:10,579 INFO photo_manager - Foto movida: /home/ddurand/proyectos/personal/rpaludoplay-app/src/static/images/29534044.png -> /home/ddurand/fotos/29534044.png
2026-08-21 18:43:10,579 INFO photo_manager - Foto movida: /home/ddurand/proyectos/personal/rpaludoplay-app/src/static/images/10328867.png -> /home/ddurand/fotos/10328867.png
2026-08-21 18:43:10,579 INFO photo_manager - Foto movida: /home/ddurand/proyectos/personal/rpaludoplay-app/src/static/images/45632503.png -> /home/ddurand/fotos/45632503.png
2026-08-21 18:43:10,580 INFO photo_manager - Foto movida: /home/ddurand/proyectos/personal/rpaludoplay-app/src/static/images/41500363.png -> /home/ddurand/fotos/41500363.png
2026-08-21 18:43:10,581 INFO photo_manager - Foto movida: /home/ddurand/proyectos/personal/rpaludoplay-app/src/static/images/72809516.png -> /home/ddurand/fotos/72809516.png
2026-08-21 18:43:10,581 INFO photo_manager - Foto movida: /home/ddurand/proyectos/personal/rpaludoplay-app/src/static/images/42215199.png -> /home/ddurand/fotos/42215199.png
2026-08-21 18:43:10,582 INFO photo_manager - Foto movida: /home/ddurand/proyectos/personal/rpaludoplay-app/src/static/images/29652969.png -> /home/ddurand/fotos/29652969.png
2026-08-21 18:43:10,582 INFO photo_manager - Foto movida: /home/ddurand/proyectos/personal/rpaludoplay-app/src/static/images/07502008.png -> /home/ddurand/fotos/07502008.png
2026-08-21 18:43:10,583 INFO photo_manager - Foto movida: /home/ddurand/proyectos/personal/rpaludoplay-app/src/static/images/70336152.png -> /home/ddurand/fotos/70336152.png
2026-08-21 18:43:10,583 INFO photo_manager - Foto movida: /home/ddurand/proyectos/personal/rpaludoplay-app/src/static/images/45199692.png -> /home/ddurand/fotos/45199692.png
2026-08-21 18:43:10,583 INFO photo_manager - Foto movida: /home/ddurand/proyectos/personal/rpaludoplay-app/src/static/images/43287053.png -> /home/ddurand/fotos/43287053.png
2026-08-21 18:43:10,584 INFO photo_manager - Foto movida: /home/ddurand/proyectos/personal/rpaludoplay-app/src/static/images/75243360.png -> /home/ddurand/fotos/75243360.png
2026-08-21 18:43:10,584 INFO photo_manager - Foto movida: /home/ddurand/proyectos/personal/rpaludoplay-app/src/static/images/73594314.png -> /home/ddurand/fotos/73594314.png
2026-08-21 18:43:10,585 INFO photo_manager - Foto movida: /home/ddurand/proyectos/personal/rpaludoplay-app/src/static/images/47903920.png -> /home/ddurand/fotos/47903920.png
2026-08-21 18:43:10,585 INFO photo_manager - Foto movida: /home/ddurand/proyectos/personal/rpaludoplay-app/src/static/images/70614767.png -> /home/ddurand/fotos/70614767.png
2026-08-21 18:43:10,586 INFO photo_manager - Foto movida: /home/ddurand/proyectos/personal/rpaludoplay-app/src/static/images/10187330.png -> /home/ddurand/fotos/10187330.png
2026-08-21 18:43:10,586 INFO photo_manager - Foto movida: /home/ddurand/proyectos/personal/rpaludoplay-app/src/static/images/75851967.png -> /home/ddurand/fotos/75851967.png
2026-08-21 18:43:10,586 INFO photo_manager - Foto movida: /home/ddurand/proyectos/personal/rpaludoplay-app/src/static/images/75905248.png -> /home/ddurand/fotos/75905248.png
2026-08-21 18:43:10,587 INFO photo_manager - Foto movida: /home/ddurand/proyectos/personal/rpaludoplay-app/src/static/images/73796345.png -> /home/ddurand/fotos/73796345.png
2026-08-21 18:43:10,587 INFO photo_manager - Foto movida: /home/ddurand/proyectos/personal/rpaludoplay-app/src/static/images/70583866.png -> /home/ddurand/fotos/70583866.png
2026-08-21 18:43:10,587 INFO photo_manager - Foto movida: /home/ddurand/proyectos/personal/rpaludoplay-app/src/static/images/72852269.png -> /home/ddurand/fotos/72852269.png
2026-08-21 18:43:10,588 INFO photo_manager - Foto movida: /home/ddurand/proyectos/personal/rpaludoplay-app/src/static/images/21451934.png -> /home/ddurand/fotos/21451934.png
2026-08-21 18:43:10,588 INFO photo_manager - Foto movida: /home/ddurand/proyectos/personal/rpaludoplay-app/src/static/images/46928636.png -> /home/ddurand/fotos/46928636.png
2026-08-21 18:43:10,588 INFO photo_manager - Foto movida: /home/ddurand/proyectos/personal/rpaludoplay-app/src/static/images/70363693.png -> /home/ddurand/fotos/70363693.png
2026-08-21 18:43:10,589 INFO photo_manager - Foto movida: /home/ddurand/proyectos/personal/rpaludoplay-app/src/static/images/08589165.png -> /home/ddurand/fotos/08589165.png
2026-08-21 18:43:10,589 INFO photo_manager - Foto movida: /home/ddurand/proyectos/personal/rpaludoplay-app/src/static/images/07286581.png -> /home/ddurand/fotos/07286581.png
2026-08-21 18:43:10,589 INFO photo_manager - Foto movida: /home/ddurand/proyectos/personal/rpaludoplay-app/src/static/images/09642927.png -> /home/ddurand/fotos/09642927.png
2026-08-21 18:43:10,590 INFO photo_manager - Foto movida: /home/ddurand/proyectos/personal/rpaludoplay-app/src/static/images/40139324.png -> /home/ddurand/fotos/40139324.png
2026-08-21 18:43:10,590 INFO photo_manager - Foto movida: /home/ddurand/proyectos/personal/rpaludoplay-app/src/static/images/004107180.png -> /home/ddurand/fotos/004107180.png
2026-08-21 18:43:10,590 INFO photo_manager - Foto movida: /home/ddurand/proyectos/personal/rpaludoplay-app/src/static/images/75555017.png -> /home/ddurand/fotos/75555017.png
2026-08-21 18:43:10,590 INFO photo_manager - Foto movida: /home/ddurand/proyectos/personal/rpaludoplay-app/src/static/images/00515310.png -> /home/ddurand/fotos/00515310.png
2026-08-21 18:43:10,591 INFO photo_manager - Foto movida: /home/ddurand/proyectos/personal/rpaludoplay-app/src/static/images/10487195.png -> /home/ddurand/fotos/10487195.png
2026-08-21 18:43:10,591 INFO photo_manager - Foto movida: /home/ddurand/proyectos/personal/rpaludoplay-app/src/static/images/42859707.png -> /home/ddurand/fotos/42859707.png
2026-08-21 18:43:10,591 INFO photo_manager - Foto movida: /home/ddurand/proyectos/personal/rpaludoplay-app/src/static/images/46471012.png -> /home/ddurand/fotos/46471012.png
2026-08-21 18:43:10,592 INFO photo_manager - Foto movida: /home/ddurand/proyectos/personal/rpaludoplay-app/src/static/images/47398881.png -> /home/ddurand/fotos/47398881.png
2026-08-21 18:43:10,592 INFO photo_manager - Foto movida: /home/ddurand/proyectos/personal/rpaludoplay-app/src/static/images/70963049.png -> /home/ddurand/fotos/70963049.png
2026-08-21 18:43:10,592 INFO photo_manager - Foto movida: /home/ddurand/proyectos/personal/rpaludoplay-app/src/static/images/43875286.png -> /home/ddurand/fotos/43875286.png
2026-08-21 18:43:10,593 INFO photo_manager - Foto movida: /home/ddurand/proyectos/personal/rpaludoplay-app/src/static/images/25649475.png -> /home/ddurand/fotos/25649475.png
2026-08-21 18:43:10,593 INFO photo_manager - Foto movida: /home/ddurand/proyectos/personal/rpaludoplay-app/src/static/images/29707922.png -> /home/ddurand/fotos/29707922.png
2026-08-21 18:43:10,593 INFO photo_manager - Foto movida: /home/ddurand/proyectos/personal/rpaludoplay-app/src/static/images/73684252.png -> /home/ddurand/fotos/73684252.png
2026-08-21 18:43:10,594 INFO photo_manager - Foto movida: /home/ddurand/proyectos/personal/rpaludoplay-app/src/static/images/40183458.png -> /home/ddurand/fotos/40183458.png
2026-08-21 18:43:10,594 INFO photo_manager - Foto movida: /home/ddurand/proyectos/personal/rpaludoplay-app/src/static/images/42704814.png -> /home/ddurand/fotos/42704814.png
2026-08-21 18:43:10,594 INFO photo_manager - Foto movida: /home/ddurand/proyectos/personal/rpaludoplay-app/src/static/images/74042597.png -> /home/ddurand/fotos/74042597.png
2026-08-21 18:43:10,594 INFO photo_manager - Foto movida: /home/ddurand/proyectos/personal/rpaludoplay-app/src/static/images/000360239.png -> /home/ddurand/fotos/000360239.png
2026-08-21 18:43:10,595 INFO photo_manager - Foto movida: /home/ddurand/proyectos/personal/rpaludoplay-app/src/static/images/45828833.png -> /home/ddurand/fotos/45828833.png
2026-08-21 18:43:10,595 INFO photo_manager - Foto movida: /home/ddurand/proyectos/personal/rpaludoplay-app/src/static/images/47254299.png -> /home/ddurand/fotos/47254299.png
2026-08-21 18:43:10,595 INFO photo_manager - Foto movida: /home/ddurand/proyectos/personal/rpaludoplay-app/src/static/images/72201245.png -> /home/ddurand/fotos/72201245.png
2026-08-21 18:43:10,596 INFO photo_manager - Foto movida: /home/ddurand/proyectos/personal/rpaludoplay-app/src/static/images/74323282.png -> /home/ddurand/fotos/74323282.png
2026-08-21 18:43:10,596 INFO photo_manager - Foto movida: /home/ddurand/proyectos/personal/rpaludoplay-app/src/static/images/43773167.png -> /home/ddurand/fotos/43773167.png
2026-08-21 18:43:10,596 INFO photo_manager - Foto movida: /home/ddurand/proyectos/personal/rpaludoplay-app/src/static/images/72866655.png -> /home/ddurand/fotos/72866655.png
2026-08-21 18:43:10,597 INFO photo_manager - Foto movida: /home/ddurand/proyectos/personal/rpaludoplay-app/src/static/images/72732858.png -> /home/ddurand/fotos/72732858.png
2026-08-21 18:43:10,597 INFO photo_manager - Foto movida: /home/ddurand/proyectos/personal/rpaludoplay-app/src/static/images/42738436.png -> /home/ddurand/fotos/42738436.png
2026-08-21 18:43:10,597 INFO photo_manager - Foto movida: /home/ddurand/proyectos/personal/rpaludoplay-app/src/static/images/45584879.png -> /home/ddurand/fotos/45584879.png
2026-08-21 18:43:10,597 INFO photo_manager - Foto movida: /home/ddurand/proyectos/personal/rpaludoplay-app/src/static/images/41798200.png -> /home/ddurand/fotos/41798200.png
2026-08-21 18:43:10,598 INFO photo_manager - Foto movida: /home/ddurand/proyectos/personal/rpaludoplay-app/src/static/images/70195275.png -> /home/ddurand/fotos/70195275.png
2026-08-21 18:43:10,598 INFO photo_manager - Foto movida: /home/ddurand/proyectos/personal/rpaludoplay-app/src/static/images/75093054.png -> /home/ddurand/fotos/75093054.png
2026-08-21 18:43:10,598 INFO photo_manager - Foto movida: /home/ddurand/proyectos/personal/rpaludoplay-app/src/static/images/06320816.png -> /home/ddurand/fotos/06320816.png
2026-08-21 18:43:10,599 INFO photo_manager - Foto movida: /home/ddurand/proyectos/personal/rpaludoplay-app/src/static/images/10358780.png -> /home/ddurand/fotos/10358780.png
2026-08-21 18:43:10,599 INFO photo_manager - Foto movida: /home/ddurand/proyectos/personal/rpaludoplay-app/src/static/images/09978968.png -> /home/ddurand/fotos/09978968.png
2026-08-21 18:43:10,599 INFO photo_manager - Foto movida: /home/ddurand/proyectos/personal/rpaludoplay-app/src/static/images/16175447.png -> /home/ddurand/fotos/16175447.png
2026-08-21 18:43:10,599 INFO photo_manager - Foto movida: /home/ddurand/proyectos/personal/rpaludoplay-app/src/static/images/70095724.png -> /home/ddurand/fotos/70095724.png
2026-08-21 18:43:10,600 INFO photo_manager - Foto movida: /home/ddurand/proyectos/personal/rpaludoplay-app/src/static/images/27718174.png -> /home/ddurand/fotos/27718174.png
2026-08-21 18:43:10,600 INFO photo_manager - Foto movida: /home/ddurand/proyectos/personal/rpaludoplay-app/src/static/images/44849213.png -> /home/ddurand/fotos/44849213.png
2026-08-21 18:43:10,600 INFO photo_manager - Foto movida: /home/ddurand/proyectos/personal/rpaludoplay-app/src/static/images/44287798.png -> /home/ddurand/fotos/44287798.png
2026-08-21 18:43:10,601 INFO photo_manager - Foto movida: /home/ddurand/proyectos/personal/rpaludoplay-app/src/static/images/43861637.png -> /home/ddurand/fotos/43861637.png
2026-08-21 18:43:10,601 INFO photo_manager - Foto movida: /home/ddurand/proyectos/personal/rpaludoplay-app/src/static/images/07648306.png -> /home/ddurand/fotos/07648306.png
2026-08-21 18:43:10,602 INFO photo_manager - Foto movida: /home/ddurand/proyectos/personal/rpaludoplay-app/src/static/images/001350390.png -> /home/ddurand/fotos/001350390.png
2026-08-21 18:43:10,602 INFO photo_manager - Foto movida: /home/ddurand/proyectos/personal/rpaludoplay-app/src/static/images/44063140.png -> /home/ddurand/fotos/44063140.png
2026-08-21 18:43:10,602 INFO photo_manager - Foto movida: /home/ddurand/proyectos/personal/rpaludoplay-app/src/static/images/06768738.png -> /home/ddurand/fotos/06768738.png
2026-08-21 18:43:10,602 INFO photo_manager - Foto movida: /home/ddurand/proyectos/personal/rpaludoplay-app/src/static/images/41968264.png -> /home/ddurand/fotos/41968264.png
2026-08-21 18:43:10,603 INFO photo_manager - Foto movida: /home/ddurand/proyectos/personal/rpaludoplay-app/src/static/images/80433617.png -> /home/ddurand/fotos/80433617.png
2026-08-21 18:43:10,603 INFO photo_manager - Foto movida: /home/ddurand/proyectos/personal/rpaludoplay-app/src/static/images/29332870.png -> /home/ddurand/fotos/29332870.png
2026-08-21 18:43:10,603 INFO photo_manager - Foto movida: /home/ddurand/proyectos/personal/rpaludoplay-app/src/static/images/43314851.png -> /home/ddurand/fotos/43314851.png
2026-08-21 18:43:10,604 INFO photo_manager - Foto movida: /home/ddurand/proyectos/personal/rpaludoplay-app/src/static/images/45759251.png -> /home/ddurand/fotos/45759251.png
2026-08-21 18:43:10,604 INFO photo_manager - Foto movida: /home/ddurand/proyectos/personal/rpaludoplay-app/src/static/images/16787106.png -> /home/ddurand/fotos/16787106.png
2026-08-21 18:43:10,604 INFO photo_manager - Foto movida: /home/ddurand/proyectos/personal/rpaludoplay-app/src/static/images/47413173.png -> /home/ddurand/fotos/47413173.png
2026-08-21 18:43:10,604 INFO photo_manager - Foto movida: /home/ddurand/proyectos/personal/rpaludoplay-app/src/static/images/44783116.png -> /home/ddurand/fotos/44783116.png
2026-08-21 18:43:10,605 INFO photo_manager - Foto movida: /home/ddurand/proyectos/personal/rpaludoplay-app/src/static/images/43069747.png -> /home/ddurand/fotos/43069747.png
2026-08-21 18:43:10,605 INFO photo_manager - Foto movida: /home/ddurand/proyectos/personal/rpaludoplay-app/src/static/images/41497859.png -> /home/ddurand/fotos/41497859.png
2026-08-21 18:43:10,605 INFO photo_manager - Foto movida: /home/ddurand/proyectos/personal/rpaludoplay-app/src/static/images/44383947.png -> /home/ddurand/fotos/44383947.png
2026-08-21 18:43:10,605 INFO photo_manager - Foto movida: /home/ddurand/proyectos/personal/rpaludoplay-app/src/static/images/70884192.png -> /home/ddurand/fotos/70884192.png
2026-08-21 18:43:10,606 INFO photo_manager - Foto movida: /home/ddurand/proyectos/personal/rpaludoplay-app/src/static/images/00504139.png -> /home/ddurand/fotos/00504139.png
2026-08-21 18:43:10,606 INFO photo_manager - Foto movida: /home/ddurand/proyectos/personal/rpaludoplay-app/src/static/images/44484288.png -> /home/ddurand/fotos/44484288.png
2026-08-21 18:43:10,606 INFO photo_manager - Foto movida: /home/ddurand/proyectos/personal/rpaludoplay-app/src/static/images/80493357.png -> /home/ddurand/fotos/80493357.png
2026-08-21 18:43:10,606 INFO photo_manager - Foto movida: /home/ddurand/proyectos/personal/rpaludoplay-app/src/static/images/44432735.png -> /home/ddurand/fotos/44432735.png
2026-08-21 18:43:10,607 INFO photo_manager - Foto movida: /home/ddurand/proyectos/personal/rpaludoplay-app/src/static/images/47045870.png -> /home/ddurand/fotos/47045870.png
2026-08-21 18:43:10,607 INFO photo_manager - Foto movida: /home/ddurand/proyectos/personal/rpaludoplay-app/src/static/images/23992465.png -> /home/ddurand/fotos/23992465.png
2026-08-21 18:43:10,607 INFO photo_manager - Foto movida: /home/ddurand/proyectos/personal/rpaludoplay-app/src/static/images/46347861.png -> /home/ddurand/fotos/46347861.png
2026-08-21 18:43:10,607 INFO photo_manager - Foto movida: /home/ddurand/proyectos/personal/rpaludoplay-app/src/static/images/27574088.png -> /home/ddurand/fotos/27574088.png
2026-08-21 18:43:10,608 INFO photo_manager - Foto movida: /home/ddurand/proyectos/personal/rpaludoplay-app/src/static/images/20119528.png -> /home/ddurand/fotos/20119528.png
2026-08-21 18:43:10,608 INFO photo_manager - Foto movida: /home/ddurand/proyectos/personal/rpaludoplay-app/src/static/images/73901534.png -> /home/ddurand/fotos/73901534.png
2026-08-21 18:43:10,608 INFO photo_manager - Foto movida: /home/ddurand/proyectos/personal/rpaludoplay-app/src/static/images/42484741.png -> /home/ddurand/fotos/42484741.png
2026-08-21 18:43:10,608 INFO photo_manager - Foto movida: /home/ddurand/proyectos/personal/rpaludoplay-app/src/static/images/47847612.png -> /home/ddurand/fotos/47847612.png
2026-08-21 18:43:10,609 INFO photo_manager - Foto movida: /home/ddurand/proyectos/personal/rpaludoplay-app/src/static/images/47435800.png -> /home/ddurand/fotos/47435800.png
2026-08-21 18:43:10,609 INFO photo_manager - Foto movida: /home/ddurand/proyectos/personal/rpaludoplay-app/src/static/images/43676529.png -> /home/ddurand/fotos/43676529.png
2026-08-21 18:43:10,609 INFO photo_manager - Foto movida: /home/ddurand/proyectos/personal/rpaludoplay-app/src/static/images/74385518.png -> /home/ddurand/fotos/74385518.png
2026-08-21 18:43:10,609 INFO photo_manager - Foto movida: /home/ddurand/proyectos/personal/rpaludoplay-app/src/static/images/72185829.png -> /home/ddurand/fotos/72185829.png
2026-08-21 18:43:10,610 INFO photo_manager - Foto movida: /home/ddurand/proyectos/personal/rpaludoplay-app/src/static/images/74280927.png -> /home/ddurand/fotos/74280927.png
2026-08-21 18:43:10,610 INFO photo_manager - Foto movida: /home/ddurand/proyectos/personal/rpaludoplay-app/src/static/images/09628081.png -> /home/ddurand/fotos/09628081.png
2026-08-21 18:43:10,610 INFO photo_manager - Foto movida: /home/ddurand/proyectos/personal/rpaludoplay-app/src/static/images/10056998.png -> /home/ddurand/fotos/10056998.png
2026-08-21 18:43:10,610 INFO photo_manager - Foto movida: /home/ddurand/proyectos/personal/rpaludoplay-app/src/static/images/47845282.png -> /home/ddurand/fotos/47845282.png
2026-08-21 18:43:10,610 INFO photo_manager - Foto movida: /home/ddurand/proyectos/personal/rpaludoplay-app/src/static/images/10861126.png -> /home/ddurand/fotos/10861126.png
2026-08-21 18:43:10,611 INFO photo_manager - Foto movida: /home/ddurand/proyectos/personal/rpaludoplay-app/src/static/images/09954784.png -> /home/ddurand/fotos/09954784.png
2026-08-21 18:43:10,611 INFO photo_manager - Foto movida: /home/ddurand/proyectos/personal/rpaludoplay-app/src/static/images/42899346.png -> /home/ddurand/fotos/42899346.png
2026-08-21 18:43:10,611 INFO photo_manager - Foto movida: /home/ddurand/proyectos/personal/rpaludoplay-app/src/static/images/75369721.png -> /home/ddurand/fotos/75369721.png
2026-08-21 18:43:10,611 INFO photo_manager - Foto movida: /home/ddurand/proyectos/personal/rpaludoplay-app/src/static/images/77047746.png -> /home/ddurand/fotos/77047746.png
2026-08-21 18:43:10,612 INFO photo_manager - Foto movida: /home/ddurand/proyectos/personal/rpaludoplay-app/src/static/images/71548168.png -> /home/ddurand/fotos/71548168.png
2026-08-21 18:43:10,612 INFO photo_manager - Foto movida: /home/ddurand/proyectos/personal/rpaludoplay-app/src/static/images/42387746.png -> /home/ddurand/fotos/42387746.png
2026-08-21 18:43:10,612 INFO photo_manager - Foto movida: /home/ddurand/proyectos/personal/rpaludoplay-app/src/static/images/74134375.png -> /home/ddurand/fotos/74134375.png
2026-08-21 18:43:10,612 INFO photo_manager - Foto movida: /home/ddurand/proyectos/personal/rpaludoplay-app/src/static/images/42604354.png -> /home/ddurand/fotos/42604354.png
2026-08-21 18:43:10,613 INFO photo_manager - Foto movida: /home/ddurand/proyectos/personal/rpaludoplay-app/src/static/images/70002782.png -> /home/ddurand/fotos/70002782.png
2026-08-21 18:43:10,613 INFO photo_manager - Foto movida: /home/ddurand/proyectos/personal/rpaludoplay-app/src/static/images/08343112.png -> /home/ddurand/fotos/08343112.png
2026-08-21 18:43:10,613 INFO photo_manager - Foto movida: /home/ddurand/proyectos/personal/rpaludoplay-app/src/static/images/75423442.png -> /home/ddurand/fotos/75423442.png
2026-08-21 18:43:10,613 INFO photo_manager - Foto movida: /home/ddurand/proyectos/personal/rpaludoplay-app/src/static/images/42488881.png -> /home/ddurand/fotos/42488881.png
2026-08-21 18:43:10,614 INFO photo_manager - Foto movida: /home/ddurand/proyectos/personal/rpaludoplay-app/src/static/images/76160063.png -> /home/ddurand/fotos/76160063.png
2026-08-21 18:43:10,614 INFO photo_manager - Foto movida: /home/ddurand/proyectos/personal/rpaludoplay-app/src/static/images/73029725.png -> /home/ddurand/fotos/73029725.png
2026-08-21 18:43:10,614 INFO photo_manager - Foto movida: /home/ddurand/proyectos/personal/rpaludoplay-app/src/static/images/40502893.png -> /home/ddurand/fotos/40502893.png
2026-08-21 18:43:10,614 INFO photo_manager - Foto movida: /home/ddurand/proyectos/personal/rpaludoplay-app/src/static/images/43620650.png -> /home/ddurand/fotos/43620650.png
2026-08-21 18:43:10,615 INFO photo_manager - Foto movida: /home/ddurand/proyectos/personal/rpaludoplay-app/src/static/images/46700583.png -> /home/ddurand/fotos/46700583.png
2026-08-21 18:43:10,615 INFO photo_manager - Foto movida: /home/ddurand/proyectos/personal/rpaludoplay-app/src/static/images/000084002.png -> /home/ddurand/fotos/000084002.png
2026-08-21 18:43:10,615 INFO photo_manager - Foto movida: /home/ddurand/proyectos/personal/rpaludoplay-app/src/static/images/44469993.png -> /home/ddurand/fotos/44469993.png
2026-08-21 18:43:10,615 INFO photo_manager - Foto movida: /home/ddurand/proyectos/personal/rpaludoplay-app/src/static/images/45994454.png -> /home/ddurand/fotos/45994454.png
2026-08-21 18:43:10,616 INFO photo_manager - Foto movida: /home/ddurand/proyectos/personal/rpaludoplay-app/src/static/images/10700145.png -> /home/ddurand/fotos/10700145.png
2026-08-21 18:43:10,616 INFO photo_manager - Foto movida: /home/ddurand/proyectos/personal/rpaludoplay-app/src/static/images/42381661.png -> /home/ddurand/fotos/42381661.png
2026-08-21 18:43:10,616 INFO photo_manager - Foto movida: /home/ddurand/proyectos/personal/rpaludoplay-app/src/static/images/45811928.png -> /home/ddurand/fotos/45811928.png
2026-08-21 18:43:10,617 INFO photo_manager - Foto movida: /home/ddurand/proyectos/personal/rpaludoplay-app/src/static/images/15864097.png -> /home/ddurand/fotos/15864097.png
2026-08-21 18:43:10,617 INFO photo_manager - Foto movida: /home/ddurand/proyectos/personal/rpaludoplay-app/src/static/images/72776561.png -> /home/ddurand/fotos/72776561.png
2026-08-21 18:43:10,617 INFO photo_manager - Foto movida: /home/ddurand/proyectos/personal/rpaludoplay-app/src/static/images/10482465.png -> /home/ddurand/fotos/10482465.png
2026-08-21 18:43:10,618 INFO photo_manager - Foto movida: /home/ddurand/proyectos/personal/rpaludoplay-app/src/static/images/07503288.png -> /home/ddurand/fotos/07503288.png
2026-08-21 18:43:10,618 INFO photo_manager - Foto movida: /home/ddurand/proyectos/personal/rpaludoplay-app/src/static/images/43207051.png -> /home/ddurand/fotos/43207051.png
2026-08-21 18:43:10,618 INFO photo_manager - Foto movida: /home/ddurand/proyectos/personal/rpaludoplay-app/src/static/images/40056961.png -> /home/ddurand/fotos/40056961.png
2026-08-21 18:43:10,619 INFO photo_manager - Foto movida: /home/ddurand/proyectos/personal/rpaludoplay-app/src/static/images/10053187.png -> /home/ddurand/fotos/10053187.png
2026-08-21 18:43:10,619 INFO photo_manager - Foto movida: /home/ddurand/proyectos/personal/rpaludoplay-app/src/static/images/77720464.png -> /home/ddurand/fotos/77720464.png
2026-08-21 18:43:10,619 INFO photo_manager - Foto movida: /home/ddurand/proyectos/personal/rpaludoplay-app/src/static/images/71479593.png -> /home/ddurand/fotos/71479593.png
2026-08-21 18:43:10,620 INFO photo_manager - Foto movida: /home/ddurand/proyectos/personal/rpaludoplay-app/src/static/images/74285252.png -> /home/ddurand/fotos/74285252.png
2026-08-21 18:43:10,620 INFO photo_manager - Foto movida: /home/ddurand/proyectos/personal/rpaludoplay-app/src/static/images/40116750.png -> /home/ddurand/fotos/40116750.png
2026-08-21 18:43:10,620 INFO photo_manager - Foto movida: /home/ddurand/proyectos/personal/rpaludoplay-app/src/static/images/28288952.png -> /home/ddurand/fotos/28288952.png
2026-08-21 18:43:10,621 INFO photo_manager - Foto movida: /home/ddurand/proyectos/personal/rpaludoplay-app/src/static/images/41794971.png -> /home/ddurand/fotos/41794971.png
2026-08-21 18:43:10,621 INFO photo_manager - Foto movida: /home/ddurand/proyectos/personal/rpaludoplay-app/src/static/images/75138435.png -> /home/ddurand/fotos/75138435.png
2026-08-21 18:43:10,621 INFO photo_manager - Foto movida: /home/ddurand/proyectos/personal/rpaludoplay-app/src/static/images/09586210.png -> /home/ddurand/fotos/09586210.png
2026-08-21 18:43:10,622 INFO photo_manager - Foto movida: /home/ddurand/proyectos/personal/rpaludoplay-app/src/static/images/10771886.png -> /home/ddurand/fotos/10771886.png
2026-08-21 18:43:10,622 INFO photo_manager - Foto movida: /home/ddurand/proyectos/personal/rpaludoplay-app/src/static/images/75628241.png -> /home/ddurand/fotos/75628241.png
2026-08-21 18:43:10,622 INFO photo_manager - Foto movida: /home/ddurand/proyectos/personal/rpaludoplay-app/src/static/images/23921304.png -> /home/ddurand/fotos/23921304.png
2026-08-21 18:43:10,622 INFO photo_manager - Foto movida: /home/ddurand/proyectos/personal/rpaludoplay-app/src/static/images/30853442.png -> /home/ddurand/fotos/30853442.png
2026-08-21 18:43:10,623 INFO photo_manager - Foto movida: /home/ddurand/proyectos/personal/rpaludoplay-app/src/static/images/42399284.png -> /home/ddurand/fotos/42399284.png
2026-08-21 18:43:10,623 INFO photo_manager - Foto movida: /home/ddurand/proyectos/personal/rpaludoplay-app/src/static/images/45135747.png -> /home/ddurand/fotos/45135747.png
2026-08-21 18:43:10,623 INFO photo_manager - Foto movida: /home/ddurand/proyectos/personal/rpaludoplay-app/src/static/images/70431957.png -> /home/ddurand/fotos/70431957.png
2026-08-21 18:43:10,623 INFO photo_manager - Foto movida: /home/ddurand/proyectos/personal/rpaludoplay-app/src/static/images/71640932.png -> /home/ddurand/fotos/71640932.png
2026-08-21 18:43:10,624 INFO photo_manager - Foto movida: /home/ddurand/proyectos/personal/rpaludoplay-app/src/static/images/42097475.png -> /home/ddurand/fotos/42097475.png
2026-08-21 18:43:10,624 INFO photo_manager - Foto movida: /home/ddurand/proyectos/personal/rpaludoplay-app/src/static/images/40000141.png -> /home/ddurand/fotos/40000141.png
2026-08-21 18:43:10,624 INFO photo_manager - Foto movida: /home/ddurand/proyectos/personal/rpaludoplay-app/src/static/images/10699220.png -> /home/ddurand/fotos/10699220.png
2026-08-21 18:43:10,624 INFO photo_manager - Foto movida: /home/ddurand/proyectos/personal/rpaludoplay-app/src/static/images/41320522.png -> /home/ddurand/fotos/41320522.png
2026-08-21 18:43:10,625 INFO photo_manager - Foto movida: /home/ddurand/proyectos/personal/rpaludoplay-app/src/static/images/08311670.png -> /home/ddurand/fotos/08311670.png
2026-08-21 18:43:10,625 INFO photo_manager - Foto movida: /home/ddurand/proyectos/personal/rpaludoplay-app/src/static/images/08248803.png -> /home/ddurand/fotos/08248803.png
2026-08-21 18:43:10,625 INFO photo_manager - Foto movida: /home/ddurand/proyectos/personal/rpaludoplay-app/src/static/images/00414196.png -> /home/ddurand/fotos/00414196.png
2026-08-21 18:43:10,625 INFO photo_manager - Foto movida: /home/ddurand/proyectos/personal/rpaludoplay-app/src/static/images/71469151.png -> /home/ddurand/fotos/71469151.png
2026-08-21 18:43:10,626 INFO photo_manager - Foto movida: /home/ddurand/proyectos/personal/rpaludoplay-app/src/static/images/27569197.png -> /home/ddurand/fotos/27569197.png
2026-08-21 18:43:10,626 INFO photo_manager - Foto movida: /home/ddurand/proyectos/personal/rpaludoplay-app/src/static/images/000363548.png -> /home/ddurand/fotos/000363548.png
2026-08-21 18:43:10,626 INFO photo_manager - Foto movida: /home/ddurand/proyectos/personal/rpaludoplay-app/src/static/images/40981272.png -> /home/ddurand/fotos/40981272.png
2026-08-21 18:43:10,627 INFO photo_manager - Foto movida: /home/ddurand/proyectos/personal/rpaludoplay-app/src/static/images/08475271.png -> /home/ddurand/fotos/08475271.png
2026-08-21 18:43:10,627 INFO photo_manager - Foto movida: /home/ddurand/proyectos/personal/rpaludoplay-app/src/static/images/76562819.png -> /home/ddurand/fotos/76562819.png
2026-08-21 18:43:10,627 INFO photo_manager - Foto movida: /home/ddurand/proyectos/personal/rpaludoplay-app/src/static/images/47874701.png -> /home/ddurand/fotos/47874701.png
2026-08-21 18:43:10,628 INFO photo_manager - Foto movida: /home/ddurand/proyectos/personal/rpaludoplay-app/src/static/images/09544836.png -> /home/ddurand/fotos/09544836.png
2026-08-21 18:43:10,628 INFO photo_manager - Foto movida: /home/ddurand/proyectos/personal/rpaludoplay-app/src/static/images/76204632.png -> /home/ddurand/fotos/76204632.png
2026-08-21 18:43:10,628 INFO photo_manager - Foto movida: /home/ddurand/proyectos/personal/rpaludoplay-app/src/static/images/23276766.png -> /home/ddurand/fotos/23276766.png
2026-08-21 18:43:10,629 INFO photo_manager - Foto movida: /home/ddurand/proyectos/personal/rpaludoplay-app/src/static/images/40063665.png -> /home/ddurand/fotos/40063665.png
2026-08-21 18:43:10,629 INFO photo_manager - Foto movida: /home/ddurand/proyectos/personal/rpaludoplay-app/src/static/images/41692365.png -> /home/ddurand/fotos/41692365.png
2026-08-21 18:43:10,629 INFO photo_manager - Foto movida: /home/ddurand/proyectos/personal/rpaludoplay-app/src/static/images/41897452.png -> /home/ddurand/fotos/41897452.png
2026-08-21 18:43:10,630 INFO photo_manager - Foto movida: /home/ddurand/proyectos/personal/rpaludoplay-app/src/static/images/17966855.png -> /home/ddurand/fotos/17966855.png
2026-08-21 18:43:10,630 INFO photo_manager - Foto movida: /home/ddurand/proyectos/personal/rpaludoplay-app/src/static/images/44000172.png -> /home/ddurand/fotos/44000172.png
2026-08-21 18:43:10,630 INFO photo_manager - Foto movida: /home/ddurand/proyectos/personal/rpaludoplay-app/src/static/images/45219325.png -> /home/ddurand/fotos/45219325.png
2026-08-21 18:43:10,631 INFO photo_manager - Foto movida: /home/ddurand/proyectos/personal/rpaludoplay-app/src/static/images/42294512.png -> /home/ddurand/fotos/42294512.png
2026-08-21 18:43:10,631 INFO photo_manager - Foto movida: /home/ddurand/proyectos/personal/rpaludoplay-app/src/static/images/45487932.png -> /home/ddurand/fotos/45487932.png
2026-08-21 18:43:10,631 INFO photo_manager - Foto movida: /home/ddurand/proyectos/personal/rpaludoplay-app/src/static/images/42619168.png -> /home/ddurand/fotos/42619168.png
2026-08-21 18:43:10,631 INFO photo_manager - Foto movida: /home/ddurand/proyectos/personal/rpaludoplay-app/src/static/images/17414450.png -> /home/ddurand/fotos/17414450.png
2026-08-21 18:43:10,631 INFO photo_manager - Foto movida: /home/ddurand/proyectos/personal/rpaludoplay-app/src/static/images/23959859.png -> /home/ddurand/fotos/23959859.png
2026-08-21 18:43:10,632 INFO photo_manager - Foto movida: /home/ddurand/proyectos/personal/rpaludoplay-app/src/static/images/46684184.png -> /home/ddurand/fotos/46684184.png
2026-08-21 18:43:10,632 INFO photo_manager - Foto movida: /home/ddurand/proyectos/personal/rpaludoplay-app/src/static/images/44264673.png -> /home/ddurand/fotos/44264673.png
2026-08-21 18:43:10,632 INFO photo_manager - Foto movida: /home/ddurand/proyectos/personal/rpaludoplay-app/src/static/images/48351356.png -> /home/ddurand/fotos/48351356.png
2026-08-21 18:43:10,632 INFO photo_manager - Foto movida: /home/ddurand/proyectos/personal/rpaludoplay-app/src/static/images/70838271.png -> /home/ddurand/fotos/70838271.png
2026-08-21 18:43:10,633 INFO photo_manager - Foto movida: /home/ddurand/proyectos/personal/rpaludoplay-app/src/static/images/07511850.png -> /home/ddurand/fotos/07511850.png
2026-08-21 18:43:10,633 INFO photo_manager - Foto movida: /home/ddurand/proyectos/personal/rpaludoplay-app/src/static/images/70671288.png -> /home/ddurand/fotos/70671288.png
2026-08-21 18:43:10,633 INFO photo_manager - Foto movida: /home/ddurand/proyectos/personal/rpaludoplay-app/src/static/images/10481363.png -> /home/ddurand/fotos/10481363.png
2026-08-21 18:43:10,634 INFO photo_manager - Foto movida: /home/ddurand/proyectos/personal/rpaludoplay-app/src/static/images/42406332.png -> /home/ddurand/fotos/42406332.png
2026-08-21 18:43:10,634 INFO photo_manager - Foto movida: /home/ddurand/proyectos/personal/rpaludoplay-app/src/static/images/47176954.png -> /home/ddurand/fotos/47176954.png
2026-08-21 18:43:10,634 INFO photo_manager - Foto movida: /home/ddurand/proyectos/personal/rpaludoplay-app/src/static/images/23957583.png -> /home/ddurand/fotos/23957583.png
2026-08-21 18:43:10,635 INFO photo_manager - Foto movida: /home/ddurand/proyectos/personal/rpaludoplay-app/src/static/images/45848191.png -> /home/ddurand/fotos/45848191.png
2026-08-21 18:43:10,635 INFO photo_manager - Foto movida: /home/ddurand/proyectos/personal/rpaludoplay-app/src/static/images/16514795.png -> /home/ddurand/fotos/16514795.png
2026-08-21 18:43:10,636 INFO photo_manager - Foto movida: /home/ddurand/proyectos/personal/rpaludoplay-app/src/static/images/22100489.png -> /home/ddurand/fotos/22100489.png
2026-08-21 18:43:10,636 INFO photo_manager - Foto movida: /home/ddurand/proyectos/personal/rpaludoplay-app/src/static/images/000176055.png -> /home/ddurand/fotos/000176055.png
2026-08-21 18:43:10,637 INFO photo_manager - Foto movida: /home/ddurand/proyectos/personal/rpaludoplay-app/src/static/images/70350998.png -> /home/ddurand/fotos/70350998.png
2026-08-21 18:43:10,637 INFO photo_manager - Foto movida: /home/ddurand/proyectos/personal/rpaludoplay-app/src/static/images/46498252.png -> /home/ddurand/fotos/46498252.png
2026-08-21 18:43:10,637 INFO photo_manager - Foto movida: /home/ddurand/proyectos/personal/rpaludoplay-app/src/static/images/25660344.png -> /home/ddurand/fotos/25660344.png
2026-08-21 18:43:10,638 INFO photo_manager - Foto movida: /home/ddurand/proyectos/personal/rpaludoplay-app/src/static/images/42186112.png -> /home/ddurand/fotos/42186112.png
2026-08-21 18:43:10,638 INFO photo_manager - Foto movida: /home/ddurand/proyectos/personal/rpaludoplay-app/src/static/images/40924269.png -> /home/ddurand/fotos/40924269.png
2026-08-21 18:43:10,639 INFO photo_manager - Foto movida: /home/ddurand/proyectos/personal/rpaludoplay-app/src/static/images/06103825.png -> /home/ddurand/fotos/06103825.png
2026-08-21 18:43:10,639 INFO photo_manager - Foto movida: /home/ddurand/proyectos/personal/rpaludoplay-app/src/static/images/41887110.png -> /home/ddurand/fotos/41887110.png
2026-08-21 18:43:10,639 INFO photo_manager - Foto movida: /home/ddurand/proyectos/personal/rpaludoplay-app/src/static/images/71500232.png -> /home/ddurand/fotos/71500232.png
2026-08-21 18:43:10,640 INFO photo_manager - Foto movida: /home/ddurand/proyectos/personal/rpaludoplay-app/src/static/images/41703432.png -> /home/ddurand/fotos/41703432.png
2026-08-21 18:43:10,640 INFO photo_manager - Foto movida: /home/ddurand/proyectos/personal/rpaludoplay-app/src/static/images/43552727.png -> /home/ddurand/fotos/43552727.png
2026-08-21 18:43:10,640 INFO photo_manager - Foto movida: /home/ddurand/proyectos/personal/rpaludoplay-app/src/static/images/07975669.png -> /home/ddurand/fotos/07975669.png
2026-08-21 18:43:10,641 INFO photo_manager - Foto movida: /home/ddurand/proyectos/personal/rpaludoplay-app/src/static/images/43535985.png -> /home/ddurand/fotos/43535985.png
2026-08-21 18:43:10,641 INFO photo_manager - Foto movida: /home/ddurand/proyectos/personal/rpaludoplay-app/src/static/images/80076698.png -> /home/ddurand/fotos/80076698.png
2026-08-21 18:43:10,641 INFO photo_manager - Foto movida: /home/ddurand/proyectos/personal/rpaludoplay-app/src/static/images/10311233.png -> /home/ddurand/fotos/10311233.png
2026-08-21 18:43:10,641 INFO photo_manager - Foto movida: /home/ddurand/proyectos/personal/rpaludoplay-app/src/static/images/10762704.png -> /home/ddurand/fotos/10762704.png
2026-08-21 18:43:10,642 INFO photo_manager - Foto movida: /home/ddurand/proyectos/personal/rpaludoplay-app/src/static/images/70601104.png -> /home/ddurand/fotos/70601104.png
2026-08-21 18:43:10,642 INFO photo_manager - Foto movida: /home/ddurand/proyectos/personal/rpaludoplay-app/src/static/images/46418611.png -> /home/ddurand/fotos/46418611.png
2026-08-21 18:43:10,642 INFO photo_manager - Foto movida: /home/ddurand/proyectos/personal/rpaludoplay-app/src/static/images/44230719.png -> /home/ddurand/fotos/44230719.png
2026-08-21 18:43:10,643 INFO photo_manager - Foto movida: /home/ddurand/proyectos/personal/rpaludoplay-app/src/static/images/16759353.png -> /home/ddurand/fotos/16759353.png
2026-08-21 18:43:10,643 INFO photo_manager - Foto movida: /home/ddurand/proyectos/personal/rpaludoplay-app/src/static/images/29724124.png -> /home/ddurand/fotos/29724124.png
2026-08-21 18:43:10,643 INFO photo_manager - Foto movida: /home/ddurand/proyectos/personal/rpaludoplay-app/src/static/images/47908560.png -> /home/ddurand/fotos/47908560.png
2026-08-21 18:43:10,643 INFO photo_manager - Foto movida: /home/ddurand/proyectos/personal/rpaludoplay-app/src/static/images/43396792.png -> /home/ddurand/fotos/43396792.png
2026-08-21 18:43:10,643 INFO photo_manager - Foto movida: /home/ddurand/proyectos/personal/rpaludoplay-app/src/static/images/07499950.png -> /home/ddurand/fotos/07499950.png
2026-08-21 18:43:10,644 INFO photo_manager - Foto movida: /home/ddurand/proyectos/personal/rpaludoplay-app/src/static/images/43874873.png -> /home/ddurand/fotos/43874873.png
2026-08-21 18:43:10,644 INFO photo_manager - Foto movida: /home/ddurand/proyectos/personal/rpaludoplay-app/src/static/images/40526393.png -> /home/ddurand/fotos/40526393.png
2026-08-21 18:43:10,644 INFO photo_manager - Foto movida: /home/ddurand/proyectos/personal/rpaludoplay-app/src/static/images/46057930.png -> /home/ddurand/fotos/46057930.png
2026-08-21 18:43:10,644 INFO photo_manager - Foto movida: /home/ddurand/proyectos/personal/rpaludoplay-app/src/static/images/72898388.png -> /home/ddurand/fotos/72898388.png
2026-08-21 18:43:10,645 INFO photo_manager - Foto movida: /home/ddurand/proyectos/personal/rpaludoplay-app/src/static/images/77670701.png -> /home/ddurand/fotos/77670701.png
2026-08-21 18:43:10,645 INFO photo_manager - Foto movida: /home/ddurand/proyectos/personal/rpaludoplay-app/src/static/images/09672024.png -> /home/ddurand/fotos/09672024.png
2026-08-21 18:43:10,646 INFO photo_manager - Foto movida: /home/ddurand/proyectos/personal/rpaludoplay-app/src/static/images/45997707.png -> /home/ddurand/fotos/45997707.png
2026-08-21 18:43:10,646 INFO photo_manager - Foto movida: /home/ddurand/proyectos/personal/rpaludoplay-app/src/static/images/09855209.png -> /home/ddurand/fotos/09855209.png
2026-08-21 18:43:10,646 INFO photo_manager - Foto movida: /home/ddurand/proyectos/personal/rpaludoplay-app/src/static/images/03846451.png -> /home/ddurand/fotos/03846451.png
2026-08-21 18:43:10,646 INFO photo_manager - Foto movida: /home/ddurand/proyectos/personal/rpaludoplay-app/src/static/images/76121791.png -> /home/ddurand/fotos/76121791.png
2026-08-21 18:43:10,647 INFO photo_manager - Foto movida: /home/ddurand/proyectos/personal/rpaludoplay-app/src/static/images/76274847.png -> /home/ddurand/fotos/76274847.png
2026-08-21 18:43:10,647 INFO photo_manager - Foto movida: /home/ddurand/proyectos/personal/rpaludoplay-app/src/static/images/70482757.png -> /home/ddurand/fotos/70482757.png
2026-08-21 18:43:10,647 INFO photo_manager - Foto movida: /home/ddurand/proyectos/personal/rpaludoplay-app/src/static/images/46231579.png -> /home/ddurand/fotos/46231579.png
2026-08-21 18:43:10,647 INFO photo_manager - Foto movida: /home/ddurand/proyectos/personal/rpaludoplay-app/src/static/images/41051730.png -> /home/ddurand/fotos/41051730.png
2026-08-21 18:43:10,648 INFO photo_manager - Foto movida: /home/ddurand/proyectos/personal/rpaludoplay-app/src/static/images/45934084.png -> /home/ddurand/fotos/45934084.png
2026-08-21 18:43:10,648 INFO photo_manager - Foto movida: /home/ddurand/proyectos/personal/rpaludoplay-app/src/static/images/47142889.png -> /home/ddurand/fotos/47142889.png
2026-08-21 18:43:10,648 INFO photo_manager - Foto movida: /home/ddurand/proyectos/personal/rpaludoplay-app/src/static/images/10276243.png -> /home/ddurand/fotos/10276243.png
2026-08-21 18:43:10,648 INFO photo_manager - Foto movida: /home/ddurand/proyectos/personal/rpaludoplay-app/src/static/images/42725980.png -> /home/ddurand/fotos/42725980.png
2026-08-21 18:43:10,649 INFO photo_manager - Foto movida: /home/ddurand/proyectos/personal/rpaludoplay-app/src/static/images/10308767.png -> /home/ddurand/fotos/10308767.png
2026-08-21 18:43:10,649 INFO photo_manager - Foto movida: /home/ddurand/proyectos/personal/rpaludoplay-app/src/static/images/20102145.png -> /home/ddurand/fotos/20102145.png
2026-08-21 18:43:10,649 INFO photo_manager - Foto movida: /home/ddurand/proyectos/personal/rpaludoplay-app/src/static/images/41044582.png -> /home/ddurand/fotos/41044582.png
2026-08-21 18:43:10,650 INFO photo_manager - Foto movida: /home/ddurand/proyectos/personal/rpaludoplay-app/src/static/images/09336817.png -> /home/ddurand/fotos/09336817.png
2026-08-21 18:43:10,650 INFO photo_manager - Foto movida: /home/ddurand/proyectos/personal/rpaludoplay-app/src/static/images/40967169.png -> /home/ddurand/fotos/40967169.png
2026-08-21 18:43:10,650 INFO photo_manager - Foto movida: /home/ddurand/proyectos/personal/rpaludoplay-app/src/static/images/80216768.png -> /home/ddurand/fotos/80216768.png
2026-08-21 18:43:10,650 INFO photo_manager - Foto movida: /home/ddurand/proyectos/personal/rpaludoplay-app/src/static/images/000149236.png -> /home/ddurand/fotos/000149236.png
2026-08-21 18:43:10,651 INFO photo_manager - Foto movida: /home/ddurand/proyectos/personal/rpaludoplay-app/src/static/images/73659500.png -> /home/ddurand/fotos/73659500.png
2026-08-21 18:43:10,651 INFO photo_manager - Foto movida: /home/ddurand/proyectos/personal/rpaludoplay-app/src/static/images/80349985.png -> /home/ddurand/fotos/80349985.png
2026-08-21 18:43:10,651 INFO photo_manager - Foto movida: /home/ddurand/proyectos/personal/rpaludoplay-app/src/static/images/70524669.png -> /home/ddurand/fotos/70524669.png
2026-08-21 18:43:10,652 INFO photo_manager - Foto movida: /home/ddurand/proyectos/personal/rpaludoplay-app/src/static/images/41029812.png -> /home/ddurand/fotos/41029812.png
2026-08-21 18:43:10,652 INFO photo_manager - Foto movida: /home/ddurand/proyectos/personal/rpaludoplay-app/src/static/images/29289468.png -> /home/ddurand/fotos/29289468.png
2026-08-21 18:43:10,653 INFO photo_manager - Foto movida: /home/ddurand/proyectos/personal/rpaludoplay-app/src/static/images/005637347.png -> /home/ddurand/fotos/005637347.png
2026-08-21 18:43:10,653 INFO photo_manager - Foto movida: /home/ddurand/proyectos/personal/rpaludoplay-app/src/static/images/42889574.png -> /home/ddurand/fotos/42889574.png
2026-08-21 18:43:10,654 INFO photo_manager - Foto movida: /home/ddurand/proyectos/personal/rpaludoplay-app/src/static/images/44584754.png -> /home/ddurand/fotos/44584754.png
2026-08-21 18:43:10,654 INFO photo_manager - Foto movida: /home/ddurand/proyectos/personal/rpaludoplay-app/src/static/images/10650902.png -> /home/ddurand/fotos/10650902.png
2026-08-21 18:43:10,654 INFO photo_manager - Foto movida: /home/ddurand/proyectos/personal/rpaludoplay-app/src/static/images/80270683.png -> /home/ddurand/fotos/80270683.png
2026-08-21 18:43:10,654 INFO photo_manager - Foto movida: /home/ddurand/proyectos/personal/rpaludoplay-app/src/static/images/01343284.png -> /home/ddurand/fotos/01343284.png
2026-08-21 18:43:10,655 INFO photo_manager - Foto movida: /home/ddurand/proyectos/personal/rpaludoplay-app/src/static/images/08164766.png -> /home/ddurand/fotos/08164766.png
2026-08-21 18:43:10,655 INFO photo_manager - Foto movida: /home/ddurand/proyectos/personal/rpaludoplay-app/src/static/images/23964497.png -> /home/ddurand/fotos/23964497.png
2026-08-21 18:43:10,655 INFO photo_manager - Foto movida: /home/ddurand/proyectos/personal/rpaludoplay-app/src/static/images/74875416.png -> /home/ddurand/fotos/74875416.png
2026-08-21 18:43:10,656 INFO photo_manager - Foto movida: /home/ddurand/proyectos/personal/rpaludoplay-app/src/static/images/40705648.png -> /home/ddurand/fotos/40705648.png
2026-08-21 18:43:10,656 INFO photo_manager - Foto movida: /home/ddurand/proyectos/personal/rpaludoplay-app/src/static/images/73328740.png -> /home/ddurand/fotos/73328740.png
2026-08-21 18:43:10,656 INFO photo_manager - Foto movida: /home/ddurand/proyectos/personal/rpaludoplay-app/src/static/images/44142617.png -> /home/ddurand/fotos/44142617.png
2026-08-21 18:43:10,656 INFO photo_manager - Foto movida: /home/ddurand/proyectos/personal/rpaludoplay-app/src/static/images/77150888.png -> /home/ddurand/fotos/77150888.png
2026-08-21 18:43:10,657 INFO photo_manager - Foto movida: /home/ddurand/proyectos/personal/rpaludoplay-app/src/static/images/41087044.png -> /home/ddurand/fotos/41087044.png
2026-08-21 18:43:10,657 INFO photo_manager - Foto movida: /home/ddurand/proyectos/personal/rpaludoplay-app/src/static/images/07522640.png -> /home/ddurand/fotos/07522640.png
2026-08-21 18:43:10,657 INFO photo_manager - Foto movida: /home/ddurand/proyectos/personal/rpaludoplay-app/src/static/images/06714741.png -> /home/ddurand/fotos/06714741.png
2026-08-21 18:43:10,658 INFO photo_manager - Foto movida: /home/ddurand/proyectos/personal/rpaludoplay-app/src/static/images/70748110.png -> /home/ddurand/fotos/70748110.png
2026-08-21 18:43:10,658 INFO photo_manager - Foto movida: /home/ddurand/proyectos/personal/rpaludoplay-app/src/static/images/005816521.png -> /home/ddurand/fotos/005816521.png
2026-08-21 18:43:10,658 INFO photo_manager - Foto movida: /home/ddurand/proyectos/personal/rpaludoplay-app/src/static/images/41340637.png -> /home/ddurand/fotos/41340637.png
2026-08-21 18:43:10,658 INFO photo_manager - Foto movida: /home/ddurand/proyectos/personal/rpaludoplay-app/src/static/images/71477102.png -> /home/ddurand/fotos/71477102.png
2026-08-21 18:43:10,659 INFO photo_manager - Foto movida: /home/ddurand/proyectos/personal/rpaludoplay-app/src/static/images/24806838.png -> /home/ddurand/fotos/24806838.png
2026-08-21 18:43:10,659 INFO photo_manager - Foto movida: /home/ddurand/proyectos/personal/rpaludoplay-app/src/static/images/42363163.png -> /home/ddurand/fotos/42363163.png
2026-08-21 18:43:10,659 INFO photo_manager - Foto movida: /home/ddurand/proyectos/personal/rpaludoplay-app/src/static/images/07967928.png -> /home/ddurand/fotos/07967928.png
2026-08-21 18:43:10,659 INFO photo_manager - Foto movida: /home/ddurand/proyectos/personal/rpaludoplay-app/src/static/images/46790236.png -> /home/ddurand/fotos/46790236.png
2026-08-21 18:43:10,660 INFO photo_manager - Foto movida: /home/ddurand/proyectos/personal/rpaludoplay-app/src/static/images/43047172.png -> /home/ddurand/fotos/43047172.png
2026-08-21 18:43:10,660 INFO photo_manager - Foto movida: /home/ddurand/proyectos/personal/rpaludoplay-app/src/static/images/40192218.png -> /home/ddurand/fotos/40192218.png
2026-08-21 18:43:10,660 INFO photo_manager - Foto movida: /home/ddurand/proyectos/personal/rpaludoplay-app/src/static/images/42553882.png -> /home/ddurand/fotos/42553882.png
2026-08-21 18:43:10,660 INFO photo_manager - Foto movida: /home/ddurand/proyectos/personal/rpaludoplay-app/src/static/images/47064709.png -> /home/ddurand/fotos/47064709.png
2026-08-21 18:43:10,661 INFO photo_manager - Foto movida: /home/ddurand/proyectos/personal/rpaludoplay-app/src/static/images/72050805.png -> /home/ddurand/fotos/72050805.png
2026-08-21 18:43:10,661 INFO photo_manager - Foto movida: /home/ddurand/proyectos/personal/rpaludoplay-app/src/static/images/02447053.png -> /home/ddurand/fotos/02447053.png
2026-08-21 18:43:10,661 INFO photo_manager - Foto movida: /home/ddurand/proyectos/personal/rpaludoplay-app/src/static/images/29453810.png -> /home/ddurand/fotos/29453810.png
2026-08-21 18:43:10,662 INFO photo_manager - Foto movida: /home/ddurand/proyectos/personal/rpaludoplay-app/src/static/images/41460663.png -> /home/ddurand/fotos/41460663.png
2026-08-21 18:43:10,662 INFO photo_manager - Foto movida: /home/ddurand/proyectos/personal/rpaludoplay-app/src/static/images/40258692.png -> /home/ddurand/fotos/40258692.png
2026-08-21 18:43:10,662 INFO photo_manager - Foto movida: /home/ddurand/proyectos/personal/rpaludoplay-app/src/static/images/73675377.png -> /home/ddurand/fotos/73675377.png
2026-08-21 18:43:10,663 INFO photo_manager - Foto movida: /home/ddurand/proyectos/personal/rpaludoplay-app/src/static/images/73204964.png -> /home/ddurand/fotos/73204964.png
2026-08-21 18:43:10,663 INFO photo_manager - Foto movida: /home/ddurand/proyectos/personal/rpaludoplay-app/src/static/images/44978479.png -> /home/ddurand/fotos/44978479.png
2026-08-21 18:43:10,663 INFO photo_manager - Foto movida: /home/ddurand/proyectos/personal/rpaludoplay-app/src/static/images/45194204.png -> /home/ddurand/fotos/45194204.png
2026-08-21 18:43:10,663 INFO photo_manager - Foto movida: /home/ddurand/proyectos/personal/rpaludoplay-app/src/static/images/70765801.png -> /home/ddurand/fotos/70765801.png
2026-08-21 18:43:10,664 INFO photo_manager - Foto movida: /home/ddurand/proyectos/personal/rpaludoplay-app/src/static/images/71013036.png -> /home/ddurand/fotos/71013036.png
2026-08-21 18:43:10,664 INFO photo_manager - Foto movida: /home/ddurand/proyectos/personal/rpaludoplay-app/src/static/images/40726683.png -> /home/ddurand/fotos/40726683.png
2026-08-21 18:43:10,664 INFO photo_manager - Foto movida: /home/ddurand/proyectos/personal/rpaludoplay-app/src/static/images/10789416.png -> /home/ddurand/fotos/10789416.png
2026-08-21 18:43:10,665 INFO photo_manager - Foto movida: /home/ddurand/proyectos/personal/rpaludoplay-app/src/static/images/70757768.png -> /home/ddurand/fotos/70757768.png
2026-08-21 18:43:10,665 INFO photo_manager - Foto movida: /home/ddurand/proyectos/personal/rpaludoplay-app/src/static/images/000095331.png -> /home/ddurand/fotos/000095331.png
2026-08-21 18:43:10,665 INFO photo_manager - Foto movida: /home/ddurand/proyectos/personal/rpaludoplay-app/src/static/images/09937566.png -> /home/ddurand/fotos/09937566.png
2026-08-21 18:43:10,665 INFO photo_manager - Foto movida: /home/ddurand/proyectos/personal/rpaludoplay-app/src/static/images/29603061.png -> /home/ddurand/fotos/29603061.png
2026-08-21 18:43:10,666 INFO photo_manager - Foto movida: /home/ddurand/proyectos/personal/rpaludoplay-app/src/static/images/16477161.png -> /home/ddurand/fotos/16477161.png
2026-08-21 18:43:10,666 INFO photo_manager - Foto movida: /home/ddurand/proyectos/personal/rpaludoplay-app/src/static/images/45996108.png -> /home/ddurand/fotos/45996108.png
2026-08-21 18:43:10,666 INFO photo_manager - Foto movida: /home/ddurand/proyectos/personal/rpaludoplay-app/src/static/images/10548750.png -> /home/ddurand/fotos/10548750.png
2026-08-21 18:43:10,666 INFO photo_manager - Foto movida: /home/ddurand/proyectos/personal/rpaludoplay-app/src/static/images/21868041.png -> /home/ddurand/fotos/21868041.png
2026-08-21 18:43:10,667 INFO photo_manager - Foto movida: /home/ddurand/proyectos/personal/rpaludoplay-app/src/static/images/20017097.png -> /home/ddurand/fotos/20017097.png
2026-08-21 18:43:10,667 INFO photo_manager - Foto movida: /home/ddurand/proyectos/personal/rpaludoplay-app/src/static/images/73203104.png -> /home/ddurand/fotos/73203104.png
2026-08-21 18:43:10,667 INFO photo_manager - Foto movida: /home/ddurand/proyectos/personal/rpaludoplay-app/src/static/images/10314052.png -> /home/ddurand/fotos/10314052.png
2026-08-21 18:43:10,668 INFO photo_manager - Foto movida: /home/ddurand/proyectos/personal/rpaludoplay-app/src/static/images/07971998.png -> /home/ddurand/fotos/07971998.png
2026-08-21 18:43:10,668 INFO photo_manager - Foto movida: /home/ddurand/proyectos/personal/rpaludoplay-app/src/static/images/44389499.png -> /home/ddurand/fotos/44389499.png
2026-08-21 18:43:10,669 INFO photo_manager - Foto movida: /home/ddurand/proyectos/personal/rpaludoplay-app/src/static/images/40120808.png -> /home/ddurand/fotos/40120808.png
2026-08-21 18:43:10,669 INFO photo_manager - Foto movida: /home/ddurand/proyectos/personal/rpaludoplay-app/src/static/images/76128992.png -> /home/ddurand/fotos/76128992.png
2026-08-21 18:43:10,670 INFO photo_manager - Foto movida: /home/ddurand/proyectos/personal/rpaludoplay-app/src/static/images/44166287.png -> /home/ddurand/fotos/44166287.png
2026-08-21 18:43:10,670 INFO photo_manager - Foto movida: /home/ddurand/proyectos/personal/rpaludoplay-app/src/static/images/80153409.png -> /home/ddurand/fotos/80153409.png
2026-08-21 18:43:10,670 INFO photo_manager - Foto movida: /home/ddurand/proyectos/personal/rpaludoplay-app/src/static/images/40864314.png -> /home/ddurand/fotos/40864314.png
2026-08-21 18:43:10,671 INFO photo_manager - Foto movida: /home/ddurand/proyectos/personal/rpaludoplay-app/src/static/images/40256481.png -> /home/ddurand/fotos/40256481.png
2026-08-21 18:43:10,671 INFO photo_manager - Foto movida: /home/ddurand/proyectos/personal/rpaludoplay-app/src/static/images/10003982.png -> /home/ddurand/fotos/10003982.png
2026-08-21 18:43:10,672 INFO photo_manager - Foto movida: /home/ddurand/proyectos/personal/rpaludoplay-app/src/static/images/80242158.png -> /home/ddurand/fotos/80242158.png
2026-08-21 18:43:10,672 INFO photo_manager - Foto movida: /home/ddurand/proyectos/personal/rpaludoplay-app/src/static/images/47313714.png -> /home/ddurand/fotos/47313714.png
2026-08-21 18:43:10,672 INFO photo_manager - Foto movida: /home/ddurand/proyectos/personal/rpaludoplay-app/src/static/images/42378887.png -> /home/ddurand/fotos/42378887.png
2026-08-21 18:43:10,673 INFO photo_manager - Foto movida: /home/ddurand/proyectos/personal/rpaludoplay-app/src/static/images/73175405.png -> /home/ddurand/fotos/73175405.png
2026-08-21 18:43:10,673 INFO photo_manager - Foto movida: /home/ddurand/proyectos/personal/rpaludoplay-app/src/static/images/45711821.png -> /home/ddurand/fotos/45711821.png
2026-08-21 18:43:10,674 INFO photo_manager - Foto movida: /home/ddurand/proyectos/personal/rpaludoplay-app/src/static/images/43253368.png -> /home/ddurand/fotos/43253368.png
2026-08-21 18:43:10,674 INFO photo_manager - Foto movida: /home/ddurand/proyectos/personal/rpaludoplay-app/src/static/images/72533229.png -> /home/ddurand/fotos/72533229.png
2026-08-21 18:43:10,674 INFO photo_manager - Foto movida: /home/ddurand/proyectos/personal/rpaludoplay-app/src/static/images/76274721.png -> /home/ddurand/fotos/76274721.png
2026-08-21 18:43:10,674 INFO photo_manager - Foto movida: /home/ddurand/proyectos/personal/rpaludoplay-app/src/static/images/001141816.png -> /home/ddurand/fotos/001141816.png
2026-08-21 18:43:10,675 INFO photo_manager - Foto movida: /home/ddurand/proyectos/personal/rpaludoplay-app/src/static/images/76406575.png -> /home/ddurand/fotos/76406575.png
2026-08-21 18:43:10,675 INFO photo_manager - Foto movida: /home/ddurand/proyectos/personal/rpaludoplay-app/src/static/images/09653169.png -> /home/ddurand/fotos/09653169.png
2026-08-21 18:43:10,675 INFO photo_manager - Foto movida: /home/ddurand/proyectos/personal/rpaludoplay-app/src/static/images/41136999.png -> /home/ddurand/fotos/41136999.png
2026-08-21 18:43:10,676 INFO photo_manager - Foto movida: /home/ddurand/proyectos/personal/rpaludoplay-app/src/static/images/74532731.png -> /home/ddurand/fotos/74532731.png
2026-08-21 18:43:10,676 INFO photo_manager - Foto movida: /home/ddurand/proyectos/personal/rpaludoplay-app/src/static/images/43306289.png -> /home/ddurand/fotos/43306289.png
2026-08-21 18:43:10,676 INFO photo_manager - Foto movida: /home/ddurand/proyectos/personal/rpaludoplay-app/src/static/images/73675375.png -> /home/ddurand/fotos/73675375.png
2026-08-21 18:43:10,677 INFO photo_manager - Foto movida: /home/ddurand/proyectos/personal/rpaludoplay-app/src/static/images/77709494.png -> /home/ddurand/fotos/77709494.png
2026-08-21 18:43:10,677 INFO photo_manager - Foto movida: /home/ddurand/proyectos/personal/rpaludoplay-app/src/static/images/10603604.png -> /home/ddurand/fotos/10603604.png
2026-08-21 18:43:10,677 INFO photo_manager - Foto movida: /home/ddurand/proyectos/personal/rpaludoplay-app/src/static/images/47001568.png -> /home/ddurand/fotos/47001568.png
2026-08-21 18:43:10,677 INFO photo_manager - Foto movida: /home/ddurand/proyectos/personal/rpaludoplay-app/src/static/images/77171344.png -> /home/ddurand/fotos/77171344.png
2026-08-21 18:43:10,678 INFO photo_manager - Foto movida: /home/ddurand/proyectos/personal/rpaludoplay-app/src/static/images/32966602.png -> /home/ddurand/fotos/32966602.png
2026-08-21 18:43:10,678 INFO photo_manager - Foto movida: /home/ddurand/proyectos/personal/rpaludoplay-app/src/static/images/41388234.png -> /home/ddurand/fotos/41388234.png
2026-08-21 18:43:10,678 INFO photo_manager - Foto movida: /home/ddurand/proyectos/personal/rpaludoplay-app/src/static/images/09467127.png -> /home/ddurand/fotos/09467127.png
2026-08-21 18:43:10,679 INFO photo_manager - Foto movida: /home/ddurand/proyectos/personal/rpaludoplay-app/src/static/images/46313475.png -> /home/ddurand/fotos/46313475.png
2026-08-21 18:43:10,679 INFO photo_manager - Foto movida: /home/ddurand/proyectos/personal/rpaludoplay-app/src/static/images/001107890.png -> /home/ddurand/fotos/001107890.png
2026-08-21 18:43:10,679 INFO photo_manager - Foto movida: /home/ddurand/proyectos/personal/rpaludoplay-app/src/static/images/41837210.png -> /home/ddurand/fotos/41837210.png
2026-08-21 18:43:10,679 INFO photo_manager - Foto movida: /home/ddurand/proyectos/personal/rpaludoplay-app/src/static/images/20528113.png -> /home/ddurand/fotos/20528113.png
2026-08-21 18:43:10,680 INFO photo_manager - Foto movida: /home/ddurand/proyectos/personal/rpaludoplay-app/src/static/images/44382210.png -> /home/ddurand/fotos/44382210.png
2026-08-21 18:43:10,680 INFO photo_manager - Foto movida: /home/ddurand/proyectos/personal/rpaludoplay-app/src/static/images/42447491.png -> /home/ddurand/fotos/42447491.png
2026-08-21 18:43:10,680 INFO photo_manager - Foto movida: /home/ddurand/proyectos/personal/rpaludoplay-app/src/static/images/09361443.png -> /home/ddurand/fotos/09361443.png
2026-08-21 18:43:10,681 INFO photo_manager - Foto movida: /home/ddurand/proyectos/personal/rpaludoplay-app/src/static/images/73113045.png -> /home/ddurand/fotos/73113045.png
2026-08-21 18:43:10,681 INFO photo_manager - Foto movida: /home/ddurand/proyectos/personal/rpaludoplay-app/src/static/images/002023593.png -> /home/ddurand/fotos/002023593.png
2026-08-21 18:43:10,681 INFO photo_manager - Foto movida: /home/ddurand/proyectos/personal/rpaludoplay-app/src/static/images/71624818.png -> /home/ddurand/fotos/71624818.png
2026-08-21 18:43:10,682 INFO photo_manager - Foto movida: /home/ddurand/proyectos/personal/rpaludoplay-app/src/static/images/42888865.png -> /home/ddurand/fotos/42888865.png
2026-08-21 18:43:10,682 INFO photo_manager - Foto movida: /home/ddurand/proyectos/personal/rpaludoplay-app/src/static/images/40039478.png -> /home/ddurand/fotos/40039478.png
2026-08-21 18:43:10,682 INFO photo_manager - Foto movida: /home/ddurand/proyectos/personal/rpaludoplay-app/src/static/images/09550567.png -> /home/ddurand/fotos/09550567.png
2026-08-21 18:43:10,683 INFO photo_manager - Foto movida: /home/ddurand/proyectos/personal/rpaludoplay-app/src/static/images/46736249.png -> /home/ddurand/fotos/46736249.png
2026-08-21 18:43:10,683 INFO photo_manager - Foto movida: /home/ddurand/proyectos/personal/rpaludoplay-app/src/static/images/73504973.png -> /home/ddurand/fotos/73504973.png
2026-08-21 18:43:10,684 INFO photo_manager - Foto movida: /home/ddurand/proyectos/personal/rpaludoplay-app/src/static/images/43824507.png -> /home/ddurand/fotos/43824507.png
2026-08-21 18:43:10,684 INFO photo_manager - Foto movida: /home/ddurand/proyectos/personal/rpaludoplay-app/src/static/images/43014415.png -> /home/ddurand/fotos/43014415.png
2026-08-21 18:43:10,684 INFO photo_manager - Foto movida: /home/ddurand/proyectos/personal/rpaludoplay-app/src/static/images/43357278.png -> /home/ddurand/fotos/43357278.png
2026-08-21 18:43:10,685 INFO photo_manager - Foto movida: /home/ddurand/proyectos/personal/rpaludoplay-app/src/static/images/41053298.png -> /home/ddurand/fotos/41053298.png
2026-08-21 18:43:10,685 INFO photo_manager - Foto movida: /home/ddurand/proyectos/personal/rpaludoplay-app/src/static/images/42086444.png -> /home/ddurand/fotos/42086444.png
2026-08-21 18:43:10,685 INFO photo_manager - Foto movida: /home/ddurand/proyectos/personal/rpaludoplay-app/src/static/images/73086415.png -> /home/ddurand/fotos/73086415.png
2026-08-21 18:43:10,686 INFO photo_manager - Foto movida: /home/ddurand/proyectos/personal/rpaludoplay-app/src/static/images/72316844.png -> /home/ddurand/fotos/72316844.png
2026-08-21 18:43:10,686 INFO photo_manager - Foto movida: /home/ddurand/proyectos/personal/rpaludoplay-app/src/static/images/75046937.png -> /home/ddurand/fotos/75046937.png
2026-08-21 18:43:10,687 INFO photo_manager - Foto movida: /home/ddurand/proyectos/personal/rpaludoplay-app/src/static/images/46435138.png -> /home/ddurand/fotos/46435138.png
2026-08-21 18:43:10,687 INFO photo_manager - Foto movida: /home/ddurand/proyectos/personal/rpaludoplay-app/src/static/images/77141439.png -> /home/ddurand/fotos/77141439.png
2026-08-21 18:43:10,688 INFO photo_manager - Foto movida: /home/ddurand/proyectos/personal/rpaludoplay-app/src/static/images/43587031.png -> /home/ddurand/fotos/43587031.png
2026-08-21 18:43:10,688 INFO photo_manager - Foto movida: /home/ddurand/proyectos/personal/rpaludoplay-app/src/static/images/47106847.png -> /home/ddurand/fotos/47106847.png
2026-08-21 18:43:10,688 INFO photo_manager - Foto movida: /home/ddurand/proyectos/personal/rpaludoplay-app/src/static/images/46124621.png -> /home/ddurand/fotos/46124621.png
2026-08-21 18:43:10,689 INFO photo_manager - Foto movida: /home/ddurand/proyectos/personal/rpaludoplay-app/src/static/images/09830255.png -> /home/ddurand/fotos/09830255.png
2026-08-21 18:43:10,689 INFO photo_manager - Foto movida: /home/ddurand/proyectos/personal/rpaludoplay-app/src/static/images/45853087.png -> /home/ddurand/fotos/45853087.png
2026-08-21 18:43:10,690 INFO photo_manager - Foto movida: /home/ddurand/proyectos/personal/rpaludoplay-app/src/static/images/42107036.png -> /home/ddurand/fotos/42107036.png
2026-08-21 18:43:10,690 INFO photo_manager - Foto movida: /home/ddurand/proyectos/personal/rpaludoplay-app/src/static/images/09489438.png -> /home/ddurand/fotos/09489438.png
2026-08-21 18:43:10,690 INFO photo_manager - Foto movida: /home/ddurand/proyectos/personal/rpaludoplay-app/src/static/images/08835621.png -> /home/ddurand/fotos/08835621.png
2026-08-21 18:43:10,691 INFO photo_manager - Foto movida: /home/ddurand/proyectos/personal/rpaludoplay-app/src/static/images/001195074.png -> /home/ddurand/fotos/001195074.png
2026-08-21 18:43:10,691 INFO photo_manager - Foto movida: /home/ddurand/proyectos/personal/rpaludoplay-app/src/static/images/47598896.png -> /home/ddurand/fotos/47598896.png
2026-08-21 18:43:10,691 INFO photo_manager - Foto movida: /home/ddurand/proyectos/personal/rpaludoplay-app/src/static/images/44148052.png -> /home/ddurand/fotos/44148052.png
2026-08-21 18:43:10,693 INFO photo_manager - Foto movida: /home/ddurand/proyectos/personal/rpaludoplay-app/src/static/images/43474812.png -> /home/ddurand/fotos/43474812.png
2026-08-21 18:43:10,693 INFO photo_manager - Foto movida: /home/ddurand/proyectos/personal/rpaludoplay-app/src/static/images/47660614.png -> /home/ddurand/fotos/47660614.png
2026-08-21 18:43:10,694 INFO photo_manager - Foto movida: /home/ddurand/proyectos/personal/rpaludoplay-app/src/static/images/80555357.png -> /home/ddurand/fotos/80555357.png
2026-08-21 18:43:10,694 INFO photo_manager - Foto movida: /home/ddurand/proyectos/personal/rpaludoplay-app/src/static/images/76275870.png -> /home/ddurand/fotos/76275870.png
2026-08-21 18:43:10,694 INFO photo_manager - Foto movida: /home/ddurand/proyectos/personal/rpaludoplay-app/src/static/images/75161418.png -> /home/ddurand/fotos/75161418.png
2026-08-21 18:43:10,695 INFO photo_manager - Foto movida: /home/ddurand/proyectos/personal/rpaludoplay-app/src/static/images/43465750.png -> /home/ddurand/fotos/43465750.png
2026-08-21 18:43:10,695 INFO photo_manager - Foto movida: /home/ddurand/proyectos/personal/rpaludoplay-app/src/static/images/10159871.png -> /home/ddurand/fotos/10159871.png
2026-08-21 18:43:10,695 INFO photo_manager - Foto movida: /home/ddurand/proyectos/personal/rpaludoplay-app/src/static/images/75116821.png -> /home/ddurand/fotos/75116821.png
2026-08-21 18:43:10,696 INFO photo_manager - Foto movida: /home/ddurand/proyectos/personal/rpaludoplay-app/src/static/images/40151283.png -> /home/ddurand/fotos/40151283.png
2026-08-21 18:43:10,696 INFO photo_manager - Foto movida: /home/ddurand/proyectos/personal/rpaludoplay-app/src/static/images/41135799.png -> /home/ddurand/fotos/41135799.png
2026-08-21 18:43:10,696 INFO photo_manager - Foto movida: /home/ddurand/proyectos/personal/rpaludoplay-app/src/static/images/15410531.png -> /home/ddurand/fotos/15410531.png
2026-08-21 18:43:10,697 INFO photo_manager - Foto movida: /home/ddurand/proyectos/personal/rpaludoplay-app/src/static/images/74372351.png -> /home/ddurand/fotos/74372351.png
2026-08-21 18:43:10,697 INFO photo_manager - Foto movida: /home/ddurand/proyectos/personal/rpaludoplay-app/src/static/images/29232367.png -> /home/ddurand/fotos/29232367.png
2026-08-21 18:43:10,698 INFO photo_manager - Foto movida: /home/ddurand/proyectos/personal/rpaludoplay-app/src/static/images/80281024.png -> /home/ddurand/fotos/80281024.png
2026-08-21 18:43:10,698 INFO photo_manager - Foto movida: /home/ddurand/proyectos/personal/rpaludoplay-app/src/static/images/41411797.png -> /home/ddurand/fotos/41411797.png
2026-08-21 18:43:10,698 INFO photo_manager - Foto movida: /home/ddurand/proyectos/personal/rpaludoplay-app/src/static/images/10005212.png -> /home/ddurand/fotos/10005212.png
2026-08-21 18:43:10,698 INFO photo_manager - Foto movida: /home/ddurand/proyectos/personal/rpaludoplay-app/src/static/images/77233033.png -> /home/ddurand/fotos/77233033.png
2026-08-21 18:43:10,699 INFO photo_manager - Foto movida: /home/ddurand/proyectos/personal/rpaludoplay-app/src/static/images/70235345.png -> /home/ddurand/fotos/70235345.png
2026-08-21 18:43:10,699 INFO photo_manager - Foto movida: /home/ddurand/proyectos/personal/rpaludoplay-app/src/static/images/20070664.png -> /home/ddurand/fotos/20070664.png
2026-08-21 18:43:10,699 INFO photo_manager - Foto movida: /home/ddurand/proyectos/personal/rpaludoplay-app/src/static/images/25452179.png -> /home/ddurand/fotos/25452179.png
2026-08-21 18:43:10,700 INFO photo_manager - Foto movida: /home/ddurand/proyectos/personal/rpaludoplay-app/src/static/images/47967296.png -> /home/ddurand/fotos/47967296.png
2026-08-21 18:43:10,700 INFO photo_manager - Foto movida: /home/ddurand/proyectos/personal/rpaludoplay-app/src/static/images/71625958.png -> /home/ddurand/fotos/71625958.png
2026-08-21 18:43:10,700 INFO photo_manager - Foto movida: /home/ddurand/proyectos/personal/rpaludoplay-app/src/static/images/40032616.png -> /home/ddurand/fotos/40032616.png
2026-08-21 18:43:10,701 INFO photo_manager - Foto movida: /home/ddurand/proyectos/personal/rpaludoplay-app/src/static/images/29417053.png -> /home/ddurand/fotos/29417053.png
2026-08-21 18:43:10,701 INFO photo_manager - Foto movida: /home/ddurand/proyectos/personal/rpaludoplay-app/src/static/images/75445210.png -> /home/ddurand/fotos/75445210.png
2026-08-21 18:43:10,702 INFO photo_manager - Foto movida: /home/ddurand/proyectos/personal/rpaludoplay-app/src/static/images/72478671.png -> /home/ddurand/fotos/72478671.png
2026-08-21 18:43:10,702 INFO photo_manager - Foto movida: /home/ddurand/proyectos/personal/rpaludoplay-app/src/static/images/40013170.png -> /home/ddurand/fotos/40013170.png
2026-08-21 18:43:10,702 INFO photo_manager - Foto movida: /home/ddurand/proyectos/personal/rpaludoplay-app/src/static/images/76029561.png -> /home/ddurand/fotos/76029561.png
2026-08-21 18:43:10,703 INFO photo_manager - Foto movida: /home/ddurand/proyectos/personal/rpaludoplay-app/src/static/images/43804273.png -> /home/ddurand/fotos/43804273.png
2026-08-21 18:43:10,703 INFO photo_manager - Foto movida: /home/ddurand/proyectos/personal/rpaludoplay-app/src/static/images/21553241.png -> /home/ddurand/fotos/21553241.png
2026-08-21 18:43:10,710 INFO photo_manager - Foto movida: /home/ddurand/proyectos/personal/rpaludoplay-app/src/static/images/70314483.png -> /home/ddurand/fotos/70314483.png
2026-08-21 18:43:10,711 INFO photo_manager - Foto movida: /home/ddurand/proyectos/personal/rpaludoplay-app/src/static/images/47245495.png -> /home/ddurand/fotos/47245495.png
2026-08-21 18:43:10,711 INFO photo_manager - Foto movida: /home/ddurand/proyectos/personal/rpaludoplay-app/src/static/images/74952009.png -> /home/ddurand/fotos/74952009.png
2026-08-21 18:43:10,711 INFO photo_manager - Foto movida: /home/ddurand/proyectos/personal/rpaludoplay-app/src/static/images/07751392.png -> /home/ddurand/fotos/07751392.png
2026-08-21 18:43:10,712 INFO photo_manager - Foto movida: /home/ddurand/proyectos/personal/rpaludoplay-app/src/static/images/44858564.png -> /home/ddurand/fotos/44858564.png
2026-08-21 18:43:10,712 INFO photo_manager - Foto movida: /home/ddurand/proyectos/personal/rpaludoplay-app/src/static/images/000477055.png -> /home/ddurand/fotos/000477055.png
2026-08-21 18:43:10,712 INFO photo_manager - Foto movida: /home/ddurand/proyectos/personal/rpaludoplay-app/src/static/images/45043459.png -> /home/ddurand/fotos/45043459.png
2026-08-21 18:43:10,712 INFO photo_manager - Foto movida: /home/ddurand/proyectos/personal/rpaludoplay-app/src/static/images/70329614.png -> /home/ddurand/fotos/70329614.png
2026-08-21 18:43:10,713 INFO photo_manager - Foto movida: /home/ddurand/proyectos/personal/rpaludoplay-app/src/static/images/47678148.png -> /home/ddurand/fotos/47678148.png
2026-08-21 18:43:10,713 INFO photo_manager - Foto movida: /home/ddurand/proyectos/personal/rpaludoplay-app/src/static/images/09553622.png -> /home/ddurand/fotos/09553622.png
2026-08-21 18:43:10,713 INFO photo_manager - Foto movida: /home/ddurand/proyectos/personal/rpaludoplay-app/src/static/images/70190500.png -> /home/ddurand/fotos/70190500.png
2026-08-21 18:43:10,713 INFO photo_manager - Foto movida: /home/ddurand/proyectos/personal/rpaludoplay-app/src/static/images/41760757.png -> /home/ddurand/fotos/41760757.png
2026-08-21 18:43:10,714 INFO photo_manager - Foto movida: /home/ddurand/proyectos/personal/rpaludoplay-app/src/static/images/40979263.png -> /home/ddurand/fotos/40979263.png
2026-08-21 18:43:10,714 INFO photo_manager - Foto movida: /home/ddurand/proyectos/personal/rpaludoplay-app/src/static/images/16753779.png -> /home/ddurand/fotos/16753779.png
2026-08-21 18:43:10,714 INFO photo_manager - Foto movida: /home/ddurand/proyectos/personal/rpaludoplay-app/src/static/images/40861920.png -> /home/ddurand/fotos/40861920.png
2026-08-21 18:43:10,714 INFO photo_manager - Foto movida: /home/ddurand/proyectos/personal/rpaludoplay-app/src/static/images/48398707.png -> /home/ddurand/fotos/48398707.png
2026-08-21 18:43:10,715 INFO photo_manager - Foto movida: /home/ddurand/proyectos/personal/rpaludoplay-app/src/static/images/44975668.png -> /home/ddurand/fotos/44975668.png
2026-08-21 18:43:10,715 INFO photo_manager - Foto movida: /home/ddurand/proyectos/personal/rpaludoplay-app/src/static/images/09394342.png -> /home/ddurand/fotos/09394342.png
2026-08-21 18:43:10,716 INFO photo_manager - Foto movida: /home/ddurand/proyectos/personal/rpaludoplay-app/src/static/images/43110180.png -> /home/ddurand/fotos/43110180.png
2026-08-21 18:43:10,716 INFO photo_manager - Foto movida: /home/ddurand/proyectos/personal/rpaludoplay-app/src/static/images/10608398.png -> /home/ddurand/fotos/10608398.png
2026-08-21 18:43:10,716 INFO photo_manager - Foto movida: /home/ddurand/proyectos/personal/rpaludoplay-app/src/static/images/44414908.png -> /home/ddurand/fotos/44414908.png
2026-08-21 18:43:10,716 INFO photo_manager - Foto movida: /home/ddurand/proyectos/personal/rpaludoplay-app/src/static/images/73598068.png -> /home/ddurand/fotos/73598068.png
2026-08-21 18:43:10,716 INFO photo_manager - Foto movida: /home/ddurand/proyectos/personal/rpaludoplay-app/src/static/images/45602609.png -> /home/ddurand/fotos/45602609.png
2026-08-21 18:43:10,717 INFO photo_manager - Foto movida: /home/ddurand/proyectos/personal/rpaludoplay-app/src/static/images/71848330.png -> /home/ddurand/fotos/71848330.png
2026-08-21 18:43:10,717 INFO photo_manager - Foto movida: /home/ddurand/proyectos/personal/rpaludoplay-app/src/static/images/71498108.png -> /home/ddurand/fotos/71498108.png
2026-08-21 18:43:10,717 INFO photo_manager - Foto movida: /home/ddurand/proyectos/personal/rpaludoplay-app/src/static/images/23983755.png -> /home/ddurand/fotos/23983755.png
2026-08-21 18:43:10,718 INFO photo_manager - Foto movida: /home/ddurand/proyectos/personal/rpaludoplay-app/src/static/images/45312718.png -> /home/ddurand/fotos/45312718.png
2026-08-21 18:43:10,718 INFO photo_manager - Foto movida: /home/ddurand/proyectos/personal/rpaludoplay-app/src/static/images/47440970.png -> /home/ddurand/fotos/47440970.png
2026-08-21 18:43:10,718 INFO photo_manager - Foto movida: /home/ddurand/proyectos/personal/rpaludoplay-app/src/static/images/43216803.png -> /home/ddurand/fotos/43216803.png
2026-08-21 18:43:10,719 INFO photo_manager - Foto movida: /home/ddurand/proyectos/personal/rpaludoplay-app/src/static/images/45528227.png -> /home/ddurand/fotos/45528227.png
2026-08-21 18:43:10,719 INFO photo_manager - Foto movida: /home/ddurand/proyectos/personal/rpaludoplay-app/src/static/images/74298092.png -> /home/ddurand/fotos/74298092.png
2026-08-21 18:43:10,719 INFO photo_manager - Foto movida: /home/ddurand/proyectos/personal/rpaludoplay-app/src/static/images/73859961.png -> /home/ddurand/fotos/73859961.png
2026-08-21 18:43:10,720 INFO photo_manager - Foto movida: /home/ddurand/proyectos/personal/rpaludoplay-app/src/static/images/20013793.png -> /home/ddurand/fotos/20013793.png
2026-08-21 18:43:10,720 INFO photo_manager - Foto movida: /home/ddurand/proyectos/personal/rpaludoplay-app/src/static/images/40617799.png -> /home/ddurand/fotos/40617799.png
2026-08-21 18:43:10,720 INFO photo_manager - Foto movida: /home/ddurand/proyectos/personal/rpaludoplay-app/src/static/images/09221391.png -> /home/ddurand/fotos/09221391.png
2026-08-21 18:43:10,720 INFO photo_manager - Foto movida: /home/ddurand/proyectos/personal/rpaludoplay-app/src/static/images/10863643.png -> /home/ddurand/fotos/10863643.png
2026-08-21 18:43:10,721 INFO photo_manager - Foto movida: /home/ddurand/proyectos/personal/rpaludoplay-app/src/static/images/09346453.png -> /home/ddurand/fotos/09346453.png
2026-08-21 18:43:10,721 INFO photo_manager - Foto movida: /home/ddurand/proyectos/personal/rpaludoplay-app/src/static/images/70126591.png -> /home/ddurand/fotos/70126591.png
2026-08-21 18:43:10,721 INFO photo_manager - Foto movida: /home/ddurand/proyectos/personal/rpaludoplay-app/src/static/images/44900535.png -> /home/ddurand/fotos/44900535.png
2026-08-21 18:43:10,722 INFO photo_manager - Foto movida: /home/ddurand/proyectos/personal/rpaludoplay-app/src/static/images/44297376.png -> /home/ddurand/fotos/44297376.png
2026-08-21 18:43:10,722 INFO photo_manager - Foto movida: /home/ddurand/proyectos/personal/rpaludoplay-app/src/static/images/43625583.png -> /home/ddurand/fotos/43625583.png
2026-08-21 18:43:10,722 INFO photo_manager - Foto movida: /home/ddurand/proyectos/personal/rpaludoplay-app/src/static/images/25737718.png -> /home/ddurand/fotos/25737718.png
2026-08-21 18:43:10,722 INFO photo_manager - Foto movida: /home/ddurand/proyectos/personal/rpaludoplay-app/src/static/images/46487090.png -> /home/ddurand/fotos/46487090.png
2026-08-21 18:43:10,723 INFO photo_manager - Foto movida: /home/ddurand/proyectos/personal/rpaludoplay-app/src/static/images/10540456.png -> /home/ddurand/fotos/10540456.png
2026-08-21 18:43:10,723 INFO photo_manager - Foto movida: /home/ddurand/proyectos/personal/rpaludoplay-app/src/static/images/44678067.png -> /home/ddurand/fotos/44678067.png
2026-08-21 18:43:10,723 INFO photo_manager - Foto movida: /home/ddurand/proyectos/personal/rpaludoplay-app/src/static/images/74364274.png -> /home/ddurand/fotos/74364274.png
2026-08-21 18:43:10,723 INFO photo_manager - Foto movida: /home/ddurand/proyectos/personal/rpaludoplay-app/src/static/images/41675201.png -> /home/ddurand/fotos/41675201.png
2026-08-21 18:43:10,723 INFO photo_manager - Foto movida: /home/ddurand/proyectos/personal/rpaludoplay-app/src/static/images/29332889.png -> /home/ddurand/fotos/29332889.png
2026-08-21 18:43:10,724 INFO photo_manager - Foto movida: /home/ddurand/proyectos/personal/rpaludoplay-app/src/static/images/21417783.png -> /home/ddurand/fotos/21417783.png
2026-08-21 18:43:10,724 INFO photo_manager - Foto movida: /home/ddurand/proyectos/personal/rpaludoplay-app/src/static/images/45495645.png -> /home/ddurand/fotos/45495645.png
2026-08-21 18:43:10,724 INFO photo_manager - Foto movida: /home/ddurand/proyectos/personal/rpaludoplay-app/src/static/images/44263096.png -> /home/ddurand/fotos/44263096.png
2026-08-21 18:43:10,725 INFO photo_manager - Foto movida: /home/ddurand/proyectos/personal/rpaludoplay-app/src/static/images/40690772.png -> /home/ddurand/fotos/40690772.png
2026-08-21 18:43:10,725 INFO photo_manager - Foto movida: /home/ddurand/proyectos/personal/rpaludoplay-app/src/static/images/00249031.png -> /home/ddurand/fotos/00249031.png
2026-08-21 18:43:10,725 INFO photo_manager - Foto movida: /home/ddurand/proyectos/personal/rpaludoplay-app/src/static/images/29471752.png -> /home/ddurand/fotos/29471752.png
2026-08-21 18:43:10,725 INFO photo_manager - Foto movida: /home/ddurand/proyectos/personal/rpaludoplay-app/src/static/images/75921451.png -> /home/ddurand/fotos/75921451.png
2026-08-21 18:43:10,726 INFO photo_manager - Foto movida: /home/ddurand/proyectos/personal/rpaludoplay-app/src/static/images/73713841.png -> /home/ddurand/fotos/73713841.png
2026-08-21 18:43:10,726 INFO photo_manager - Foto movida: /home/ddurand/proyectos/personal/rpaludoplay-app/src/static/images/29720759.png -> /home/ddurand/fotos/29720759.png
2026-08-21 18:43:10,726 INFO photo_manager - Foto movida: /home/ddurand/proyectos/personal/rpaludoplay-app/src/static/images/08975261.png -> /home/ddurand/fotos/08975261.png
2026-08-21 18:43:10,726 INFO photo_manager - Foto movida: /home/ddurand/proyectos/personal/rpaludoplay-app/src/static/images/42117560.png -> /home/ddurand/fotos/42117560.png
2026-08-21 18:43:10,727 INFO photo_manager - Foto movida: /home/ddurand/proyectos/personal/rpaludoplay-app/src/static/images/70025775.png -> /home/ddurand/fotos/70025775.png
2026-08-21 18:43:10,727 INFO photo_manager - Foto movida: /home/ddurand/proyectos/personal/rpaludoplay-app/src/static/images/07485533.png -> /home/ddurand/fotos/07485533.png
2026-08-21 18:43:10,727 INFO photo_manager - Foto movida: /home/ddurand/proyectos/personal/rpaludoplay-app/src/static/images/70506696.png -> /home/ddurand/fotos/70506696.png
2026-08-21 18:43:10,727 INFO photo_manager - Foto movida: /home/ddurand/proyectos/personal/rpaludoplay-app/src/static/images/70018225.png -> /home/ddurand/fotos/70018225.png
2026-08-21 18:43:10,727 INFO photo_manager - Foto movida: /home/ddurand/proyectos/personal/rpaludoplay-app/src/static/images/09872397.png -> /home/ddurand/fotos/09872397.png
2026-08-21 18:43:10,728 INFO photo_manager - Foto movida: /home/ddurand/proyectos/personal/rpaludoplay-app/src/static/images/41993880.png -> /home/ddurand/fotos/41993880.png
2026-08-21 18:43:10,728 INFO photo_manager - Foto movida: /home/ddurand/proyectos/personal/rpaludoplay-app/src/static/images/46192086.png -> /home/ddurand/fotos/46192086.png
2026-08-21 18:43:10,728 INFO photo_manager - Foto movida: /home/ddurand/proyectos/personal/rpaludoplay-app/src/static/images/31020739.png -> /home/ddurand/fotos/31020739.png
2026-08-21 18:43:10,728 INFO photo_manager - Foto movida: /home/ddurand/proyectos/personal/rpaludoplay-app/src/static/images/09452457.png -> /home/ddurand/fotos/09452457.png
2026-08-21 18:43:10,729 INFO photo_manager - Foto movida: /home/ddurand/proyectos/personal/rpaludoplay-app/src/static/images/42039903.png -> /home/ddurand/fotos/42039903.png
2026-08-21 18:43:10,729 INFO photo_manager - Foto movida: /home/ddurand/proyectos/personal/rpaludoplay-app/src/static/images/76279870.png -> /home/ddurand/fotos/76279870.png
2026-08-21 18:43:10,729 INFO photo_manager - Foto movida: /home/ddurand/proyectos/personal/rpaludoplay-app/src/static/images/10214624.png -> /home/ddurand/fotos/10214624.png
2026-08-21 18:43:10,729 INFO photo_manager - Foto movida: /home/ddurand/proyectos/personal/rpaludoplay-app/src/static/images/09730868.png -> /home/ddurand/fotos/09730868.png
2026-08-21 18:43:10,730 INFO photo_manager - Foto movida: /home/ddurand/proyectos/personal/rpaludoplay-app/src/static/images/23934576.png -> /home/ddurand/fotos/23934576.png
2026-08-21 18:43:10,730 INFO photo_manager - Foto movida: /home/ddurand/proyectos/personal/rpaludoplay-app/src/static/images/45640502.png -> /home/ddurand/fotos/45640502.png
2026-08-21 18:43:10,730 INFO photo_manager - Foto movida: /home/ddurand/proyectos/personal/rpaludoplay-app/src/static/images/74044383.png -> /home/ddurand/fotos/74044383.png
2026-08-21 18:43:10,730 INFO photo_manager - Foto movida: /home/ddurand/proyectos/personal/rpaludoplay-app/src/static/images/40515333.png -> /home/ddurand/fotos/40515333.png
2026-08-21 18:43:10,731 INFO photo_manager - Foto movida: /home/ddurand/proyectos/personal/rpaludoplay-app/src/static/images/33818979.png -> /home/ddurand/fotos/33818979.png
2026-08-21 18:43:10,731 INFO photo_manager - Foto movida: /home/ddurand/proyectos/personal/rpaludoplay-app/src/static/images/10096001.png -> /home/ddurand/fotos/10096001.png
2026-08-21 18:43:10,731 INFO photo_manager - Foto movida: /home/ddurand/proyectos/personal/rpaludoplay-app/src/static/images/18115444.png -> /home/ddurand/fotos/18115444.png
2026-08-21 18:43:10,731 INFO photo_manager - Foto movida: /home/ddurand/proyectos/personal/rpaludoplay-app/src/static/images/46690157.png -> /home/ddurand/fotos/46690157.png
2026-08-21 18:43:10,732 INFO photo_manager - Foto movida: /home/ddurand/proyectos/personal/rpaludoplay-app/src/static/images/01544413.png -> /home/ddurand/fotos/01544413.png
2026-08-21 18:43:10,732 INFO photo_manager - Foto movida: /home/ddurand/proyectos/personal/rpaludoplay-app/src/static/images/29596300.png -> /home/ddurand/fotos/29596300.png
2026-08-21 18:43:10,732 INFO photo_manager - Foto movida: /home/ddurand/proyectos/personal/rpaludoplay-app/src/static/images/02306730.png -> /home/ddurand/fotos/02306730.png
2026-08-21 18:43:10,732 INFO photo_manager - Foto movida: /home/ddurand/proyectos/personal/rpaludoplay-app/src/static/images/10647649.png -> /home/ddurand/fotos/10647649.png
2026-08-21 18:43:10,732 INFO photo_manager - Foto movida: /home/ddurand/proyectos/personal/rpaludoplay-app/src/static/images/16806646.png -> /home/ddurand/fotos/16806646.png
2026-08-21 18:43:10,733 INFO photo_manager - Foto movida: /home/ddurand/proyectos/personal/rpaludoplay-app/src/static/images/72649484.png -> /home/ddurand/fotos/72649484.png
2026-08-21 18:43:10,733 INFO photo_manager - Foto movida: /home/ddurand/proyectos/personal/rpaludoplay-app/src/static/images/41898285.png -> /home/ddurand/fotos/41898285.png
2026-08-21 18:43:10,733 INFO photo_manager - Foto movida: /home/ddurand/proyectos/personal/rpaludoplay-app/src/static/images/04647150.png -> /home/ddurand/fotos/04647150.png
2026-08-21 18:43:10,734 INFO photo_manager - Foto movida: /home/ddurand/proyectos/personal/rpaludoplay-app/src/static/images/44972113.png -> /home/ddurand/fotos/44972113.png
2026-08-21 18:43:10,734 INFO photo_manager - Foto movida: /home/ddurand/proyectos/personal/rpaludoplay-app/src/static/images/46493822.png -> /home/ddurand/fotos/46493822.png
2026-08-21 18:43:10,735 INFO photo_manager - Foto movida: /home/ddurand/proyectos/personal/rpaludoplay-app/src/static/images/76619561.png -> /home/ddurand/fotos/76619561.png
2026-08-21 18:43:10,735 INFO photo_manager - Foto movida: /home/ddurand/proyectos/personal/rpaludoplay-app/src/static/images/10288073.png -> /home/ddurand/fotos/10288073.png
2026-08-21 18:43:10,736 INFO photo_manager - Foto movida: /home/ddurand/proyectos/personal/rpaludoplay-app/src/static/images/45675182.png -> /home/ddurand/fotos/45675182.png
2026-08-21 18:43:10,736 INFO photo_manager - Foto movida: /home/ddurand/proyectos/personal/rpaludoplay-app/src/static/images/43420548.png -> /home/ddurand/fotos/43420548.png
2026-08-21 18:43:10,736 INFO photo_manager - Foto movida: /home/ddurand/proyectos/personal/rpaludoplay-app/src/static/images/72195870.png -> /home/ddurand/fotos/72195870.png
2026-08-21 18:43:10,737 INFO photo_manager - Foto movida: /home/ddurand/proyectos/personal/rpaludoplay-app/src/static/images/06293951.png -> /home/ddurand/fotos/06293951.png
2026-08-21 18:43:10,737 INFO photo_manager - Foto movida: /home/ddurand/proyectos/personal/rpaludoplay-app/src/static/images/71497715.png -> /home/ddurand/fotos/71497715.png
2026-08-21 18:43:10,738 INFO photo_manager - Foto movida: /home/ddurand/proyectos/personal/rpaludoplay-app/src/static/images/73050071.png -> /home/ddurand/fotos/73050071.png
2026-08-21 18:43:10,738 INFO photo_manager - Foto movida: /home/ddurand/proyectos/personal/rpaludoplay-app/src/static/images/10059663.png -> /home/ddurand/fotos/10059663.png
2026-08-21 18:43:10,738 INFO photo_manager - Foto movida: /home/ddurand/proyectos/personal/rpaludoplay-app/src/static/images/72089729.png -> /home/ddurand/fotos/72089729.png
2026-08-21 18:43:10,739 INFO photo_manager - Foto movida: /home/ddurand/proyectos/personal/rpaludoplay-app/src/static/images/28286734.png -> /home/ddurand/fotos/28286734.png
2026-08-21 18:43:10,739 INFO photo_manager - Foto movida: /home/ddurand/proyectos/personal/rpaludoplay-app/src/static/images/72195414.png -> /home/ddurand/fotos/72195414.png
2026-08-21 18:43:10,739 INFO photo_manager - Foto movida: /home/ddurand/proyectos/personal/rpaludoplay-app/src/static/images/42554451.png -> /home/ddurand/fotos/42554451.png
2026-08-21 18:43:10,740 INFO photo_manager - Foto movida: /home/ddurand/proyectos/personal/rpaludoplay-app/src/static/images/09917857.png -> /home/ddurand/fotos/09917857.png
2026-08-21 18:43:10,740 INFO photo_manager - Foto movida: /home/ddurand/proyectos/personal/rpaludoplay-app/src/static/images/42196289.png -> /home/ddurand/fotos/42196289.png
2026-08-21 18:43:10,740 INFO photo_manager - Foto movida: /home/ddurand/proyectos/personal/rpaludoplay-app/src/static/images/000586075.png -> /home/ddurand/fotos/000586075.png
2026-08-21 18:43:10,741 INFO photo_manager - Foto movida: /home/ddurand/proyectos/personal/rpaludoplay-app/src/static/images/06677677.png -> /home/ddurand/fotos/06677677.png
2026-08-21 18:43:10,741 INFO photo_manager - Foto movida: /home/ddurand/proyectos/personal/rpaludoplay-app/src/static/images/18099745.png -> /home/ddurand/fotos/18099745.png
2026-08-21 18:43:10,741 INFO photo_manager - Foto movida: /home/ddurand/proyectos/personal/rpaludoplay-app/src/static/images/76952877.png -> /home/ddurand/fotos/76952877.png
2026-08-21 18:43:10,742 INFO photo_manager - Foto movida: /home/ddurand/proyectos/personal/rpaludoplay-app/src/static/images/74565791.png -> /home/ddurand/fotos/74565791.png
2026-08-21 18:43:10,742 INFO photo_manager - Foto movida: /home/ddurand/proyectos/personal/rpaludoplay-app/src/static/images/42358283.png -> /home/ddurand/fotos/42358283.png
2026-08-21 18:43:10,742 INFO photo_manager - Foto movida: /home/ddurand/proyectos/personal/rpaludoplay-app/src/static/images/41951790.png -> /home/ddurand/fotos/41951790.png
2026-08-21 18:43:10,743 INFO photo_manager - Foto movida: /home/ddurand/proyectos/personal/rpaludoplay-app/src/static/images/29647823.png -> /home/ddurand/fotos/29647823.png
2026-08-21 18:43:10,743 INFO photo_manager - Foto movida: /home/ddurand/proyectos/personal/rpaludoplay-app/src/static/images/43460204.png -> /home/ddurand/fotos/43460204.png
2026-08-21 18:43:10,744 INFO photo_manager - Foto movida: /home/ddurand/proyectos/personal/rpaludoplay-app/src/static/images/42932302.png -> /home/ddurand/fotos/42932302.png
2026-08-21 18:43:10,744 INFO photo_manager - Foto movida: /home/ddurand/proyectos/personal/rpaludoplay-app/src/static/images/40480328.png -> /home/ddurand/fotos/40480328.png
2026-08-21 18:43:10,744 INFO photo_manager - Foto movida: /home/ddurand/proyectos/personal/rpaludoplay-app/src/static/images/25326975.png -> /home/ddurand/fotos/25326975.png
2026-08-21 18:43:10,744 INFO photo_manager - Foto movida: /home/ddurand/proyectos/personal/rpaludoplay-app/src/static/images/44084455.png -> /home/ddurand/fotos/44084455.png
2026-08-21 18:43:10,745 INFO photo_manager - Foto movida: /home/ddurand/proyectos/personal/rpaludoplay-app/src/static/images/41568428.png -> /home/ddurand/fotos/41568428.png
2026-08-21 18:43:10,745 INFO photo_manager - Foto movida: /home/ddurand/proyectos/personal/rpaludoplay-app/src/static/images/46401012.png -> /home/ddurand/fotos/46401012.png
2026-08-21 18:43:10,745 INFO photo_manager - Foto movida: /home/ddurand/proyectos/personal/rpaludoplay-app/src/static/images/40371881.png -> /home/ddurand/fotos/40371881.png
2026-08-21 18:43:10,746 INFO photo_manager - Foto movida: /home/ddurand/proyectos/personal/rpaludoplay-app/src/static/images/47486358.png -> /home/ddurand/fotos/47486358.png
2026-08-21 18:43:10,746 INFO photo_manager - Foto movida: /home/ddurand/proyectos/personal/rpaludoplay-app/src/static/images/04426381.png -> /home/ddurand/fotos/04426381.png
2026-08-21 18:43:10,746 INFO photo_manager - Foto movida: /home/ddurand/proyectos/personal/rpaludoplay-app/src/static/images/25793266.png -> /home/ddurand/fotos/25793266.png
2026-08-21 18:43:10,746 INFO photo_manager - Foto movida: /home/ddurand/proyectos/personal/rpaludoplay-app/src/static/images/47184806.png -> /home/ddurand/fotos/47184806.png
2026-08-21 18:43:10,747 INFO photo_manager - Foto movida: /home/ddurand/proyectos/personal/rpaludoplay-app/src/static/images/80125435.png -> /home/ddurand/fotos/80125435.png
2026-08-21 18:43:10,747 INFO photo_manager - Foto movida: /home/ddurand/proyectos/personal/rpaludoplay-app/src/static/images/33667321.png -> /home/ddurand/fotos/33667321.png
2026-08-21 18:43:10,747 INFO photo_manager - Foto movida: /home/ddurand/proyectos/personal/rpaludoplay-app/src/static/images/43409813.png -> /home/ddurand/fotos/43409813.png
2026-08-21 18:43:10,747 INFO photo_manager - Foto movida: /home/ddurand/proyectos/personal/rpaludoplay-app/src/static/images/41140451.png -> /home/ddurand/fotos/41140451.png
2026-08-21 18:43:10,748 INFO photo_manager - Foto movida: /home/ddurand/proyectos/personal/rpaludoplay-app/src/static/images/26959199.png -> /home/ddurand/fotos/26959199.png
2026-08-21 18:43:10,748 INFO photo_manager - Foto movida: /home/ddurand/proyectos/personal/rpaludoplay-app/src/static/images/46745447.png -> /home/ddurand/fotos/46745447.png
2026-08-21 18:43:10,748 INFO photo_manager - Foto movida: /home/ddurand/proyectos/personal/rpaludoplay-app/src/static/images/46031025.png -> /home/ddurand/fotos/46031025.png
2026-08-21 18:43:10,748 INFO photo_manager - Foto movida: /home/ddurand/proyectos/personal/rpaludoplay-app/src/static/images/09397901.png -> /home/ddurand/fotos/09397901.png
2026-08-21 18:43:10,749 INFO photo_manager - Foto movida: /home/ddurand/proyectos/personal/rpaludoplay-app/src/static/images/40713151.png -> /home/ddurand/fotos/40713151.png
2026-08-21 18:43:10,749 INFO photo_manager - Foto movida: /home/ddurand/proyectos/personal/rpaludoplay-app/src/static/images/76086635.png -> /home/ddurand/fotos/76086635.png
2026-08-21 18:43:10,749 INFO photo_manager - Foto movida: /home/ddurand/proyectos/personal/rpaludoplay-app/src/static/images/40967147.png -> /home/ddurand/fotos/40967147.png
2026-08-21 18:43:10,749 INFO photo_manager - Foto movida: /home/ddurand/proyectos/personal/rpaludoplay-app/src/static/images/41481349.png -> /home/ddurand/fotos/41481349.png
2026-08-21 18:43:10,750 INFO photo_manager - Foto movida: /home/ddurand/proyectos/personal/rpaludoplay-app/src/static/images/17621896.png -> /home/ddurand/fotos/17621896.png
2026-08-21 18:43:10,750 INFO photo_manager - Foto movida: /home/ddurand/proyectos/personal/rpaludoplay-app/src/static/images/47699997.png -> /home/ddurand/fotos/47699997.png
2026-08-21 18:43:10,750 INFO photo_manager - Foto movida: /home/ddurand/proyectos/personal/rpaludoplay-app/src/static/images/72176729.png -> /home/ddurand/fotos/72176729.png
2026-08-21 18:43:10,750 INFO photo_manager - Foto movida: /home/ddurand/proyectos/personal/rpaludoplay-app/src/static/images/44204771.png -> /home/ddurand/fotos/44204771.png
2026-08-21 18:43:10,751 INFO photo_manager - Foto movida: /home/ddurand/proyectos/personal/rpaludoplay-app/src/static/images/10870035.png -> /home/ddurand/fotos/10870035.png
2026-08-21 18:43:10,751 INFO photo_manager - Foto movida: /home/ddurand/proyectos/personal/rpaludoplay-app/src/static/images/40725655.png -> /home/ddurand/fotos/40725655.png
2026-08-21 18:43:10,752 INFO photo_manager - Foto movida: /home/ddurand/proyectos/personal/rpaludoplay-app/src/static/images/001205702.png -> /home/ddurand/fotos/001205702.png
2026-08-21 18:43:10,752 INFO photo_manager - Foto movida: /home/ddurand/proyectos/personal/rpaludoplay-app/src/static/images/70205156.png -> /home/ddurand/fotos/70205156.png
2026-08-21 18:43:10,752 INFO photo_manager - Foto movida: /home/ddurand/proyectos/personal/rpaludoplay-app/src/static/images/29458760.png -> /home/ddurand/fotos/29458760.png
2026-08-21 18:43:10,753 INFO photo_manager - Foto movida: /home/ddurand/proyectos/personal/rpaludoplay-app/src/static/images/44746143.png -> /home/ddurand/fotos/44746143.png
2026-08-21 18:43:10,753 INFO photo_manager - Foto movida: /home/ddurand/proyectos/personal/rpaludoplay-app/src/static/images/75257660.png -> /home/ddurand/fotos/75257660.png
2026-08-21 18:43:10,754 INFO photo_manager - Foto movida: /home/ddurand/proyectos/personal/rpaludoplay-app/src/static/images/70748805.png -> /home/ddurand/fotos/70748805.png
2026-08-21 18:43:10,754 INFO photo_manager - Foto movida: /home/ddurand/proyectos/personal/rpaludoplay-app/src/static/images/41488782.png -> /home/ddurand/fotos/41488782.png
2026-08-21 18:43:10,754 INFO photo_manager - Foto movida: /home/ddurand/proyectos/personal/rpaludoplay-app/src/static/images/80012302.png -> /home/ddurand/fotos/80012302.png
2026-08-21 18:43:10,755 INFO photo_manager - Foto movida: /home/ddurand/proyectos/personal/rpaludoplay-app/src/static/images/10666142.png -> /home/ddurand/fotos/10666142.png
2026-08-21 18:43:10,755 INFO photo_manager - Foto movida: /home/ddurand/proyectos/personal/rpaludoplay-app/src/static/images/40822735.png -> /home/ddurand/fotos/40822735.png
2026-08-21 18:43:10,755 INFO photo_manager - Foto movida: /home/ddurand/proyectos/personal/rpaludoplay-app/src/static/images/73946430.png -> /home/ddurand/fotos/73946430.png
2026-08-21 18:43:10,756 INFO photo_manager - Foto movida: /home/ddurand/proyectos/personal/rpaludoplay-app/src/static/images/41655673.png -> /home/ddurand/fotos/41655673.png
2026-08-21 18:43:10,756 INFO photo_manager - Foto movida: /home/ddurand/proyectos/personal/rpaludoplay-app/src/static/images/48078648.png -> /home/ddurand/fotos/48078648.png
2026-08-21 18:43:10,756 INFO photo_manager - Foto movida: /home/ddurand/proyectos/personal/rpaludoplay-app/src/static/images/10656823.png -> /home/ddurand/fotos/10656823.png
2026-08-21 18:43:10,757 INFO photo_manager - Foto movida: /home/ddurand/proyectos/personal/rpaludoplay-app/src/static/images/10753934.png -> /home/ddurand/fotos/10753934.png
2026-08-21 18:43:10,757 INFO photo_manager - Foto movida: /home/ddurand/proyectos/personal/rpaludoplay-app/src/static/images/29421186.png -> /home/ddurand/fotos/29421186.png
2026-08-21 18:43:10,758 INFO photo_manager - Foto movida: /home/ddurand/proyectos/personal/rpaludoplay-app/src/static/images/42042567.png -> /home/ddurand/fotos/42042567.png
2026-08-21 18:43:10,758 INFO photo_manager - Foto movida: /home/ddurand/proyectos/personal/rpaludoplay-app/src/static/images/07420704.png -> /home/ddurand/fotos/07420704.png
2026-08-21 18:43:10,758 INFO photo_manager - Foto movida: /home/ddurand/proyectos/personal/rpaludoplay-app/src/static/images/07459921.png -> /home/ddurand/fotos/07459921.png
2026-08-21 18:43:10,758 INFO photo_manager - Foto movida: /home/ddurand/proyectos/personal/rpaludoplay-app/src/static/images/000843795.png -> /home/ddurand/fotos/000843795.png
2026-08-21 18:43:10,759 INFO photo_manager - Foto movida: /home/ddurand/proyectos/personal/rpaludoplay-app/src/static/images/72666388.png -> /home/ddurand/fotos/72666388.png
2026-08-21 18:43:10,759 INFO photo_manager - Foto movida: /home/ddurand/proyectos/personal/rpaludoplay-app/src/static/images/10394714.png -> /home/ddurand/fotos/10394714.png
2026-08-21 18:43:10,759 INFO photo_manager - Foto movida: /home/ddurand/proyectos/personal/rpaludoplay-app/src/static/images/44864116.png -> /home/ddurand/fotos/44864116.png
2026-08-21 18:43:10,760 INFO photo_manager - Foto movida: /home/ddurand/proyectos/personal/rpaludoplay-app/src/static/images/43679163.png -> /home/ddurand/fotos/43679163.png
2026-08-21 18:43:10,760 INFO photo_manager - Foto movida: /home/ddurand/proyectos/personal/rpaludoplay-app/src/static/images/07591433.png -> /home/ddurand/fotos/07591433.png
2026-08-21 18:43:10,760 INFO photo_manager - Foto movida: /home/ddurand/proyectos/personal/rpaludoplay-app/src/static/images/70512090.png -> /home/ddurand/fotos/70512090.png
2026-08-21 18:43:10,761 INFO photo_manager - Foto movida: /home/ddurand/proyectos/personal/rpaludoplay-app/src/static/images/78802656.png -> /home/ddurand/fotos/78802656.png
2026-08-21 18:43:10,761 INFO photo_manager - Foto movida: /home/ddurand/proyectos/personal/rpaludoplay-app/src/static/images/71599048.png -> /home/ddurand/fotos/71599048.png
2026-08-21 18:43:10,761 INFO photo_manager - Foto movida: /home/ddurand/proyectos/personal/rpaludoplay-app/src/static/images/00489715.png -> /home/ddurand/fotos/00489715.png
2026-08-21 18:43:10,762 INFO photo_manager - Foto movida: /home/ddurand/proyectos/personal/rpaludoplay-app/src/static/images/40097014.png -> /home/ddurand/fotos/40097014.png
2026-08-21 18:43:10,762 INFO photo_manager - Foto movida: /home/ddurand/proyectos/personal/rpaludoplay-app/src/static/images/47923853.png -> /home/ddurand/fotos/47923853.png
2026-08-21 18:43:10,762 INFO photo_manager - Foto movida: /home/ddurand/proyectos/personal/rpaludoplay-app/src/static/images/46202716.png -> /home/ddurand/fotos/46202716.png
2026-08-21 18:43:10,763 INFO photo_manager - Foto movida: /home/ddurand/proyectos/personal/rpaludoplay-app/src/static/images/25218781.png -> /home/ddurand/fotos/25218781.png
2026-08-21 18:43:10,763 INFO photo_manager - Foto movida: /home/ddurand/proyectos/personal/rpaludoplay-app/src/static/images/70285091.png -> /home/ddurand/fotos/70285091.png
2026-08-21 18:43:10,763 INFO photo_manager - Foto movida: /home/ddurand/proyectos/personal/rpaludoplay-app/src/static/images/44826261.png -> /home/ddurand/fotos/44826261.png
2026-08-21 18:43:10,763 INFO photo_manager - Foto movida: /home/ddurand/proyectos/personal/rpaludoplay-app/src/static/images/04430998.png -> /home/ddurand/fotos/04430998.png
2026-08-21 18:43:10,764 INFO photo_manager - Foto movida: /home/ddurand/proyectos/personal/rpaludoplay-app/src/static/images/76429166.png -> /home/ddurand/fotos/76429166.png
2026-08-21 18:43:10,764 INFO photo_manager - Foto movida: /home/ddurand/proyectos/personal/rpaludoplay-app/src/static/images/73950417.png -> /home/ddurand/fotos/73950417.png
2026-08-21 18:43:10,764 INFO photo_manager - Foto movida: /home/ddurand/proyectos/personal/rpaludoplay-app/src/static/images/46146350.png -> /home/ddurand/fotos/46146350.png
2026-08-21 18:43:10,765 INFO photo_manager - Foto movida: /home/ddurand/proyectos/personal/rpaludoplay-app/src/static/images/26706060.png -> /home/ddurand/fotos/26706060.png
2026-08-21 18:43:10,765 INFO photo_manager - Foto movida: /home/ddurand/proyectos/personal/rpaludoplay-app/src/static/images/16125706.png -> /home/ddurand/fotos/16125706.png
2026-08-21 18:43:10,765 INFO photo_manager - Foto movida: /home/ddurand/proyectos/personal/rpaludoplay-app/src/static/images/43825053.png -> /home/ddurand/fotos/43825053.png
2026-08-21 18:43:10,765 INFO photo_manager - Foto movida: /home/ddurand/proyectos/personal/rpaludoplay-app/src/static/images/08661213.png -> /home/ddurand/fotos/08661213.png
2026-08-21 18:43:10,766 INFO photo_manager - Foto movida: /home/ddurand/proyectos/personal/rpaludoplay-app/src/static/images/002117160.png -> /home/ddurand/fotos/002117160.png
2026-08-21 18:43:10,766 INFO photo_manager - Foto movida: /home/ddurand/proyectos/personal/rpaludoplay-app/src/static/images/71274910.png -> /home/ddurand/fotos/71274910.png
2026-08-21 18:43:10,766 INFO photo_manager - Foto movida: /home/ddurand/proyectos/personal/rpaludoplay-app/src/static/images/42572890.png -> /home/ddurand/fotos/42572890.png
2026-08-21 18:43:10,767 INFO photo_manager - Foto movida: /home/ddurand/proyectos/personal/rpaludoplay-app/src/static/images/76759925.png -> /home/ddurand/fotos/76759925.png
2026-08-21 18:43:10,767 INFO photo_manager - Foto movida: /home/ddurand/proyectos/personal/rpaludoplay-app/src/static/images/42020038.png -> /home/ddurand/fotos/42020038.png
2026-08-21 18:43:10,767 INFO photo_manager - Foto movida: /home/ddurand/proyectos/personal/rpaludoplay-app/src/static/images/43237204.png -> /home/ddurand/fotos/43237204.png
2026-08-21 18:43:10,768 INFO photo_manager - Foto movida: /home/ddurand/proyectos/personal/rpaludoplay-app/src/static/images/45274655.png -> /home/ddurand/fotos/45274655.png
2026-08-21 18:43:10,768 INFO photo_manager - Foto movida: /home/ddurand/proyectos/personal/rpaludoplay-app/src/static/images/29449502.png -> /home/ddurand/fotos/29449502.png
2026-08-21 18:43:10,769 INFO photo_manager - Foto movida: /home/ddurand/proyectos/personal/rpaludoplay-app/src/static/images/29663633.png -> /home/ddurand/fotos/29663633.png
2026-08-21 18:43:10,769 INFO photo_manager - Foto movida: /home/ddurand/proyectos/personal/rpaludoplay-app/src/static/images/45193396.png -> /home/ddurand/fotos/45193396.png
2026-08-21 18:43:10,770 INFO photo_manager - Foto movida: /home/ddurand/proyectos/personal/rpaludoplay-app/src/static/images/80031330.png -> /home/ddurand/fotos/80031330.png
2026-08-21 18:43:10,770 INFO photo_manager - Foto movida: /home/ddurand/proyectos/personal/rpaludoplay-app/src/static/images/44776051.png -> /home/ddurand/fotos/44776051.png
2026-08-21 18:43:10,770 INFO photo_manager - Foto movida: /home/ddurand/proyectos/personal/rpaludoplay-app/src/static/images/73605844.png -> /home/ddurand/fotos/73605844.png
2026-08-21 18:43:10,771 INFO photo_manager - Foto movida: /home/ddurand/proyectos/personal/rpaludoplay-app/src/static/images/70935379.png -> /home/ddurand/fotos/70935379.png
2026-08-21 18:43:10,771 INFO photo_manager - Foto movida: /home/ddurand/proyectos/personal/rpaludoplay-app/src/static/images/10106795.png -> /home/ddurand/fotos/10106795.png
2026-08-21 18:43:10,771 INFO photo_manager - Foto movida: /home/ddurand/proyectos/personal/rpaludoplay-app/src/static/images/07805970.png -> /home/ddurand/fotos/07805970.png
2026-08-21 18:43:10,772 INFO photo_manager - Foto movida: /home/ddurand/proyectos/personal/rpaludoplay-app/src/static/images/43581385.png -> /home/ddurand/fotos/43581385.png
2026-08-21 18:43:10,772 INFO photo_manager - Foto movida: /home/ddurand/proyectos/personal/rpaludoplay-app/src/static/images/10119974.png -> /home/ddurand/fotos/10119974.png
2026-08-21 18:43:10,772 INFO photo_manager - Foto movida: /home/ddurand/proyectos/personal/rpaludoplay-app/src/static/images/46377885.png -> /home/ddurand/fotos/46377885.png
2026-08-21 18:43:10,772 INFO photo_manager - Foto movida: /home/ddurand/proyectos/personal/rpaludoplay-app/src/static/images/09343413.png -> /home/ddurand/fotos/09343413.png
2026-08-21 18:43:10,773 INFO photo_manager - Foto movida: /home/ddurand/proyectos/personal/rpaludoplay-app/src/static/images/41707870.png -> /home/ddurand/fotos/41707870.png
2026-08-21 18:43:10,773 INFO photo_manager - Foto movida: /home/ddurand/proyectos/personal/rpaludoplay-app/src/static/images/76875677.png -> /home/ddurand/fotos/76875677.png
2026-08-21 18:43:10,773 INFO photo_manager - Foto movida: /home/ddurand/proyectos/personal/rpaludoplay-app/src/static/images/46024347.png -> /home/ddurand/fotos/46024347.png
2026-08-21 18:43:10,774 INFO photo_manager - Foto movida: /home/ddurand/proyectos/personal/rpaludoplay-app/src/static/images/02161575.png -> /home/ddurand/fotos/02161575.png
2026-08-21 18:43:10,774 INFO photo_manager - Foto movida: /home/ddurand/proyectos/personal/rpaludoplay-app/src/static/images/41919687.png -> /home/ddurand/fotos/41919687.png
2026-08-21 18:43:10,774 INFO photo_manager - Foto movida: /home/ddurand/proyectos/personal/rpaludoplay-app/src/static/images/001741275.png -> /home/ddurand/fotos/001741275.png
2026-08-21 18:43:10,775 INFO photo_manager - Foto movida: /home/ddurand/proyectos/personal/rpaludoplay-app/src/static/images/29647713.png -> /home/ddurand/fotos/29647713.png
2026-08-21 18:43:10,775 INFO photo_manager - Foto movida: /home/ddurand/proyectos/personal/rpaludoplay-app/src/static/images/001057885.png -> /home/ddurand/fotos/001057885.png
2026-08-21 18:43:10,775 INFO photo_manager - Foto movida: /home/ddurand/proyectos/personal/rpaludoplay-app/src/static/images/09651210.png -> /home/ddurand/fotos/09651210.png
2026-08-21 18:43:10,776 INFO photo_manager - Foto movida: /home/ddurand/proyectos/personal/rpaludoplay-app/src/static/images/27145515.png -> /home/ddurand/fotos/27145515.png
2026-08-21 18:43:10,776 INFO photo_manager - Foto movida: /home/ddurand/proyectos/personal/rpaludoplay-app/src/static/images/08883772.png -> /home/ddurand/fotos/08883772.png
2026-08-21 18:43:10,776 INFO photo_manager - Foto movida: /home/ddurand/proyectos/personal/rpaludoplay-app/src/static/images/005681450.png -> /home/ddurand/fotos/005681450.png
2026-08-21 18:43:10,776 INFO photo_manager - Foto movida: /home/ddurand/proyectos/personal/rpaludoplay-app/src/static/images/29627450.png -> /home/ddurand/fotos/29627450.png
2026-08-21 18:43:10,777 INFO photo_manager - Foto movida: /home/ddurand/proyectos/personal/rpaludoplay-app/src/static/images/76859982.png -> /home/ddurand/fotos/76859982.png
2026-08-21 18:43:10,777 INFO photo_manager - Foto movida: /home/ddurand/proyectos/personal/rpaludoplay-app/src/static/images/17587881.png -> /home/ddurand/fotos/17587881.png
2026-08-21 18:43:10,777 INFO photo_manager - Foto movida: /home/ddurand/proyectos/personal/rpaludoplay-app/src/static/images/72227976.png -> /home/ddurand/fotos/72227976.png
2026-08-21 18:43:10,777 INFO photo_manager - Foto movida: /home/ddurand/proyectos/personal/rpaludoplay-app/src/static/images/44727846.png -> /home/ddurand/fotos/44727846.png
2026-08-21 18:43:10,778 INFO photo_manager - Foto movida: /home/ddurand/proyectos/personal/rpaludoplay-app/src/static/images/76243172.png -> /home/ddurand/fotos/76243172.png
2026-08-21 18:43:10,778 INFO photo_manager - Foto movida: /home/ddurand/proyectos/personal/rpaludoplay-app/src/static/images/09370686.png -> /home/ddurand/fotos/09370686.png
2026-08-21 18:43:10,778 INFO photo_manager - Foto movida: /home/ddurand/proyectos/personal/rpaludoplay-app/src/static/images/10614077.png -> /home/ddurand/fotos/10614077.png
2026-08-21 18:43:10,778 INFO photo_manager - Foto movida: /home/ddurand/proyectos/personal/rpaludoplay-app/src/static/images/30858010.png -> /home/ddurand/fotos/30858010.png
2026-08-21 18:43:10,779 INFO photo_manager - Foto movida: /home/ddurand/proyectos/personal/rpaludoplay-app/src/static/images/29552101.png -> /home/ddurand/fotos/29552101.png
2026-08-21 18:43:10,779 INFO photo_manager - Foto movida: /home/ddurand/proyectos/personal/rpaludoplay-app/src/static/images/29470862.png -> /home/ddurand/fotos/29470862.png
2026-08-21 18:43:10,779 INFO photo_manager - Foto movida: /home/ddurand/proyectos/personal/rpaludoplay-app/src/static/images/40415953.png -> /home/ddurand/fotos/40415953.png
2026-08-21 18:43:10,779 INFO photo_manager - Foto movida: /home/ddurand/proyectos/personal/rpaludoplay-app/src/static/images/71627351.png -> /home/ddurand/fotos/71627351.png
2026-08-21 18:43:10,780 INFO photo_manager - Foto movida: /home/ddurand/proyectos/personal/rpaludoplay-app/src/static/images/47708384.png -> /home/ddurand/fotos/47708384.png
2026-08-21 18:43:10,780 INFO photo_manager - Foto movida: /home/ddurand/proyectos/personal/rpaludoplay-app/src/static/images/06708594.png -> /home/ddurand/fotos/06708594.png
2026-08-21 18:43:10,780 INFO photo_manager - Foto movida: /home/ddurand/proyectos/personal/rpaludoplay-app/src/static/images/44873695.png -> /home/ddurand/fotos/44873695.png
2026-08-21 18:43:10,780 INFO photo_manager - Foto movida: /home/ddurand/proyectos/personal/rpaludoplay-app/src/static/images/10158821.png -> /home/ddurand/fotos/10158821.png
2026-08-21 18:43:10,781 INFO photo_manager - Foto movida: /home/ddurand/proyectos/personal/rpaludoplay-app/src/static/images/47207558.png -> /home/ddurand/fotos/47207558.png
2026-08-21 18:43:10,781 INFO photo_manager - Foto movida: /home/ddurand/proyectos/personal/rpaludoplay-app/src/static/images/42774519.png -> /home/ddurand/fotos/42774519.png
2026-08-21 18:43:10,781 INFO photo_manager - Foto movida: /home/ddurand/proyectos/personal/rpaludoplay-app/src/static/images/43412934.png -> /home/ddurand/fotos/43412934.png
2026-08-21 18:43:10,781 INFO photo_manager - Foto movida: /home/ddurand/proyectos/personal/rpaludoplay-app/src/static/images/71618328.png -> /home/ddurand/fotos/71618328.png
2026-08-21 18:43:10,782 INFO photo_manager - Foto movida: /home/ddurand/proyectos/personal/rpaludoplay-app/src/static/images/45818177.png -> /home/ddurand/fotos/45818177.png
2026-08-21 18:43:10,782 INFO photo_manager - Foto movida: /home/ddurand/proyectos/personal/rpaludoplay-app/src/static/images/40692700.png -> /home/ddurand/fotos/40692700.png
2026-08-21 18:43:10,782 INFO photo_manager - Foto movida: /home/ddurand/proyectos/personal/rpaludoplay-app/src/static/images/002343296.png -> /home/ddurand/fotos/002343296.png
2026-08-21 18:43:10,783 INFO photo_manager - Foto movida: /home/ddurand/proyectos/personal/rpaludoplay-app/src/static/images/75678752.png -> /home/ddurand/fotos/75678752.png
2026-08-21 18:43:10,783 INFO photo_manager - Foto movida: /home/ddurand/proyectos/personal/rpaludoplay-app/src/static/images/41569784.png -> /home/ddurand/fotos/41569784.png
2026-08-21 18:43:10,783 INFO photo_manager - Foto movida: /home/ddurand/proyectos/personal/rpaludoplay-app/src/static/images/23938260.png -> /home/ddurand/fotos/23938260.png
2026-08-21 18:43:10,784 INFO photo_manager - Foto movida: /home/ddurand/proyectos/personal/rpaludoplay-app/src/static/images/08740423.png -> /home/ddurand/fotos/08740423.png
2026-08-21 18:43:10,784 INFO photo_manager - Foto movida: /home/ddurand/proyectos/personal/rpaludoplay-app/src/static/images/71107169.png -> /home/ddurand/fotos/71107169.png
2026-08-21 18:43:10,784 INFO photo_manager - Foto movida: /home/ddurand/proyectos/personal/rpaludoplay-app/src/static/images/29467124.png -> /home/ddurand/fotos/29467124.png
2026-08-21 18:43:10,784 INFO photo_manager - Foto movida: /home/ddurand/proyectos/personal/rpaludoplay-app/src/static/images/00827985.png -> /home/ddurand/fotos/00827985.png
2026-08-21 18:43:10,785 INFO photo_manager - Foto movida: /home/ddurand/proyectos/personal/rpaludoplay-app/src/static/images/75507855.png -> /home/ddurand/fotos/75507855.png
2026-08-21 18:43:10,785 INFO photo_manager - Foto movida: /home/ddurand/proyectos/personal/rpaludoplay-app/src/static/images/46186116.png -> /home/ddurand/fotos/46186116.png
2026-08-21 18:43:10,785 INFO photo_manager - Foto movida: /home/ddurand/proyectos/personal/rpaludoplay-app/src/static/images/40117643.png -> /home/ddurand/fotos/40117643.png
2026-08-21 18:43:10,786 INFO photo_manager - Foto movida: /home/ddurand/proyectos/personal/rpaludoplay-app/src/static/images/47117792.png -> /home/ddurand/fotos/47117792.png
2026-08-21 18:43:10,786 INFO photo_manager - Foto movida: /home/ddurand/proyectos/personal/rpaludoplay-app/src/static/images/43347993.png -> /home/ddurand/fotos/43347993.png
2026-08-21 18:43:10,786 INFO photo_manager - Foto movida: /home/ddurand/proyectos/personal/rpaludoplay-app/src/static/images/47167169.png -> /home/ddurand/fotos/47167169.png
2026-08-21 18:43:10,787 INFO photo_manager - Foto movida: /home/ddurand/proyectos/personal/rpaludoplay-app/src/static/images/40918994.png -> /home/ddurand/fotos/40918994.png
2026-08-21 18:43:10,787 INFO photo_manager - Foto movida: /home/ddurand/proyectos/personal/rpaludoplay-app/src/static/images/09585580.png -> /home/ddurand/fotos/09585580.png
2026-08-21 18:43:10,787 INFO photo_manager - Foto movida: /home/ddurand/proyectos/personal/rpaludoplay-app/src/static/images/73243094.png -> /home/ddurand/fotos/73243094.png
2026-08-21 18:43:10,788 INFO photo_manager - Foto movida: /home/ddurand/proyectos/personal/rpaludoplay-app/src/static/images/43908871.png -> /home/ddurand/fotos/43908871.png
2026-08-21 18:43:10,788 INFO photo_manager - Foto movida: /home/ddurand/proyectos/personal/rpaludoplay-app/src/static/images/40896544.png -> /home/ddurand/fotos/40896544.png
2026-08-21 18:43:10,788 INFO photo_manager - Foto movida: /home/ddurand/proyectos/personal/rpaludoplay-app/src/static/images/08287296.png -> /home/ddurand/fotos/08287296.png
2026-08-21 18:43:10,788 INFO photo_manager - Foto movida: /home/ddurand/proyectos/personal/rpaludoplay-app/src/static/images/005982912.png -> /home/ddurand/fotos/005982912.png
2026-08-21 18:43:10,789 INFO photo_manager - Foto movida: /home/ddurand/proyectos/personal/rpaludoplay-app/src/static/images/44192524.png -> /home/ddurand/fotos/44192524.png
2026-08-21 18:43:10,789 INFO photo_manager - Foto movida: /home/ddurand/proyectos/personal/rpaludoplay-app/src/static/images/80017279.png -> /home/ddurand/fotos/80017279.png
2026-08-21 18:43:10,790 INFO photo_manager - Foto movida: /home/ddurand/proyectos/personal/rpaludoplay-app/src/static/images/42079261.png -> /home/ddurand/fotos/42079261.png
2026-08-21 18:43:10,790 INFO photo_manager - Foto movida: /home/ddurand/proyectos/personal/rpaludoplay-app/src/static/images/10815759.png -> /home/ddurand/fotos/10815759.png
2026-08-21 18:43:10,790 INFO photo_manager - Foto movida: /home/ddurand/proyectos/personal/rpaludoplay-app/src/static/images/41867330.png -> /home/ddurand/fotos/41867330.png
2026-08-21 18:43:10,791 INFO photo_manager - Foto movida: /home/ddurand/proyectos/personal/rpaludoplay-app/src/static/images/46143437.png -> /home/ddurand/fotos/46143437.png
2026-08-21 18:43:10,791 INFO photo_manager - Foto movida: /home/ddurand/proyectos/personal/rpaludoplay-app/src/static/images/48758599.png -> /home/ddurand/fotos/48758599.png
2026-08-21 18:43:10,791 INFO photo_manager - Foto movida: /home/ddurand/proyectos/personal/rpaludoplay-app/src/static/images/74415987.png -> /home/ddurand/fotos/74415987.png
2026-08-21 18:43:10,792 INFO photo_manager - Foto movida: /home/ddurand/proyectos/personal/rpaludoplay-app/src/static/images/74119038.png -> /home/ddurand/fotos/74119038.png
2026-08-21 18:43:10,792 INFO photo_manager - Foto movida: /home/ddurand/proyectos/personal/rpaludoplay-app/src/static/images/41290530.png -> /home/ddurand/fotos/41290530.png
2026-08-21 18:43:10,792 INFO photo_manager - Foto movida: /home/ddurand/proyectos/personal/rpaludoplay-app/src/static/images/45643903.png -> /home/ddurand/fotos/45643903.png
2026-08-21 18:43:10,793 INFO photo_manager - Foto movida: /home/ddurand/proyectos/personal/rpaludoplay-app/src/static/images/03503228.png -> /home/ddurand/fotos/03503228.png
2026-08-21 18:43:10,793 INFO photo_manager - Foto movida: /home/ddurand/proyectos/personal/rpaludoplay-app/src/static/images/01296679.png -> /home/ddurand/fotos/01296679.png
2026-08-21 18:43:10,793 INFO photo_manager - Foto movida: /home/ddurand/proyectos/personal/rpaludoplay-app/src/static/images/40297295.png -> /home/ddurand/fotos/40297295.png
2026-08-21 18:43:10,794 INFO photo_manager - Foto movida: /home/ddurand/proyectos/personal/rpaludoplay-app/src/static/images/70406235.png -> /home/ddurand/fotos/70406235.png
2026-08-21 18:43:10,794 INFO photo_manager - Foto movida: /home/ddurand/proyectos/personal/rpaludoplay-app/src/static/images/25215046.png -> /home/ddurand/fotos/25215046.png
2026-08-21 18:43:10,794 INFO photo_manager - Foto movida: /home/ddurand/proyectos/personal/rpaludoplay-app/src/static/images/41846031.png -> /home/ddurand/fotos/41846031.png
2026-08-21 18:43:10,795 INFO photo_manager - Foto movida: /home/ddurand/proyectos/personal/rpaludoplay-app/src/static/images/09937108.png -> /home/ddurand/fotos/09937108.png
2026-08-21 18:43:10,795 INFO photo_manager - Foto movida: /home/ddurand/proyectos/personal/rpaludoplay-app/src/static/images/77177906.png -> /home/ddurand/fotos/77177906.png
2026-08-21 18:43:10,795 INFO photo_manager - Foto movida: /home/ddurand/proyectos/personal/rpaludoplay-app/src/static/images/02892120.png -> /home/ddurand/fotos/02892120.png
2026-08-21 18:43:10,795 INFO photo_manager - Foto movida: /home/ddurand/proyectos/personal/rpaludoplay-app/src/static/images/16692650.png -> /home/ddurand/fotos/16692650.png
2026-08-21 18:43:10,796 INFO photo_manager - Foto movida: /home/ddurand/proyectos/personal/rpaludoplay-app/src/static/images/71211255.png -> /home/ddurand/fotos/71211255.png
2026-08-21 18:43:10,796 INFO photo_manager - Foto movida: /home/ddurand/proyectos/personal/rpaludoplay-app/src/static/images/45828161.png -> /home/ddurand/fotos/45828161.png
2026-08-21 18:43:10,796 INFO photo_manager - Foto movida: /home/ddurand/proyectos/personal/rpaludoplay-app/src/static/images/07431321.png -> /home/ddurand/fotos/07431321.png
2026-08-21 18:43:10,796 INFO photo_manager - Foto movida: /home/ddurand/proyectos/personal/rpaludoplay-app/src/static/images/76757908.png -> /home/ddurand/fotos/76757908.png
2026-08-21 18:43:10,797 INFO photo_manager - Foto movida: /home/ddurand/proyectos/personal/rpaludoplay-app/src/static/images/41890891.png -> /home/ddurand/fotos/41890891.png
2026-08-21 18:43:10,797 INFO photo_manager - Foto movida: /home/ddurand/proyectos/personal/rpaludoplay-app/src/static/images/29528981.png -> /home/ddurand/fotos/29528981.png
2026-08-21 18:43:10,797 INFO photo_manager - Foto movida: /home/ddurand/proyectos/personal/rpaludoplay-app/src/static/images/73687653.png -> /home/ddurand/fotos/73687653.png
2026-08-21 18:43:10,798 INFO photo_manager - Foto movida: /home/ddurand/proyectos/personal/rpaludoplay-app/src/static/images/43576286.png -> /home/ddurand/fotos/43576286.png
2026-08-21 18:43:10,798 INFO photo_manager - Foto movida: /home/ddurand/proyectos/personal/rpaludoplay-app/src/static/images/08886996.png -> /home/ddurand/fotos/08886996.png
2026-08-21 18:43:10,798 INFO photo_manager - Foto movida: /home/ddurand/proyectos/personal/rpaludoplay-app/src/static/images/81586834.png -> /home/ddurand/fotos/81586834.png
2026-08-21 18:43:10,799 INFO photo_manager - Foto movida: /home/ddurand/proyectos/personal/rpaludoplay-app/src/static/images/08228246.png -> /home/ddurand/fotos/08228246.png
2026-08-21 18:43:10,799 INFO photo_manager - Foto movida: /home/ddurand/proyectos/personal/rpaludoplay-app/src/static/images/72208179.png -> /home/ddurand/fotos/72208179.png
2026-08-21 18:43:10,799 INFO photo_manager - Foto movida: /home/ddurand/proyectos/personal/rpaludoplay-app/src/static/images/44984453.png -> /home/ddurand/fotos/44984453.png
2026-08-21 18:43:10,800 INFO photo_manager - Foto movida: /home/ddurand/proyectos/personal/rpaludoplay-app/src/static/images/43797016.png -> /home/ddurand/fotos/43797016.png
2026-08-21 18:43:10,800 INFO photo_manager - Foto movida: /home/ddurand/proyectos/personal/rpaludoplay-app/src/static/images/10791415.png -> /home/ddurand/fotos/10791415.png
2026-08-21 18:43:10,800 INFO photo_manager - Foto movida: /home/ddurand/proyectos/personal/rpaludoplay-app/src/static/images/45081815.png -> /home/ddurand/fotos/45081815.png
2026-08-21 18:43:10,801 INFO photo_manager - Foto movida: /home/ddurand/proyectos/personal/rpaludoplay-app/src/static/images/46211972.png -> /home/ddurand/fotos/46211972.png
2026-08-21 18:43:10,801 INFO photo_manager - Foto movida: /home/ddurand/proyectos/personal/rpaludoplay-app/src/static/images/71625363.png -> /home/ddurand/fotos/71625363.png
2026-08-21 18:43:10,801 INFO photo_manager - Foto movida: /home/ddurand/proyectos/personal/rpaludoplay-app/src/static/images/72534257.png -> /home/ddurand/fotos/72534257.png
2026-08-21 18:43:10,802 INFO photo_manager - Foto movida: /home/ddurand/proyectos/personal/rpaludoplay-app/src/static/images/62425902.png -> /home/ddurand/fotos/62425902.png
2026-08-21 18:43:10,802 INFO photo_manager - Foto movida: /home/ddurand/proyectos/personal/rpaludoplay-app/src/static/images/16673606.png -> /home/ddurand/fotos/16673606.png
2026-08-21 18:43:10,803 INFO photo_manager - Foto movida: /home/ddurand/proyectos/personal/rpaludoplay-app/src/static/images/09568724.png -> /home/ddurand/fotos/09568724.png
2026-08-21 18:43:10,803 INFO photo_manager - Foto movida: /home/ddurand/proyectos/personal/rpaludoplay-app/src/static/images/48286418.png -> /home/ddurand/fotos/48286418.png
2026-08-21 18:43:10,804 INFO photo_manager - Foto movida: /home/ddurand/proyectos/personal/rpaludoplay-app/src/static/images/42758512.png -> /home/ddurand/fotos/42758512.png
2026-08-21 18:43:10,804 INFO photo_manager - Foto movida: /home/ddurand/proyectos/personal/rpaludoplay-app/src/static/images/46025299.png -> /home/ddurand/fotos/46025299.png
2026-08-21 18:43:10,804 INFO photo_manager - Foto movida: /home/ddurand/proyectos/personal/rpaludoplay-app/src/static/images/47762609.png -> /home/ddurand/fotos/47762609.png
2026-08-21 18:43:10,805 INFO photo_manager - Foto movida: /home/ddurand/proyectos/personal/rpaludoplay-app/src/static/images/03125062.png -> /home/ddurand/fotos/03125062.png
2026-08-21 18:43:10,805 INFO photo_manager - Foto movida: /home/ddurand/proyectos/personal/rpaludoplay-app/src/static/images/07181093.png -> /home/ddurand/fotos/07181093.png
2026-08-21 18:43:10,806 INFO photo_manager - Foto movida: /home/ddurand/proyectos/personal/rpaludoplay-app/src/static/images/41145504.png -> /home/ddurand/fotos/41145504.png
2026-08-21 18:43:10,806 INFO photo_manager - Foto movida: /home/ddurand/proyectos/personal/rpaludoplay-app/src/static/images/15718984.png -> /home/ddurand/fotos/15718984.png
2026-08-21 18:43:10,807 INFO photo_manager - Foto movida: /home/ddurand/proyectos/personal/rpaludoplay-app/src/static/images/48731401.png -> /home/ddurand/fotos/48731401.png
2026-08-21 18:43:10,807 INFO photo_manager - Foto movida: /home/ddurand/proyectos/personal/rpaludoplay-app/src/static/images/41537122.png -> /home/ddurand/fotos/41537122.png
2026-08-21 18:43:10,807 INFO photo_manager - Foto movida: /home/ddurand/proyectos/personal/rpaludoplay-app/src/static/images/75214148.png -> /home/ddurand/fotos/75214148.png
2026-08-21 18:43:10,808 INFO photo_manager - Foto movida: /home/ddurand/proyectos/personal/rpaludoplay-app/src/static/images/70817640.png -> /home/ddurand/fotos/70817640.png
2026-08-21 18:43:10,808 INFO photo_manager - Foto movida: /home/ddurand/proyectos/personal/rpaludoplay-app/src/static/images/41014423.png -> /home/ddurand/fotos/41014423.png
2026-08-21 18:43:10,808 INFO photo_manager - Foto movida: /home/ddurand/proyectos/personal/rpaludoplay-app/src/static/images/73310042.png -> /home/ddurand/fotos/73310042.png
2026-08-21 18:43:10,808 INFO photo_manager - Foto movida: /home/ddurand/proyectos/personal/rpaludoplay-app/src/static/images/40431531.png -> /home/ddurand/fotos/40431531.png
2026-08-21 18:43:10,809 INFO photo_manager - Foto movida: /home/ddurand/proyectos/personal/rpaludoplay-app/src/static/images/45496802.png -> /home/ddurand/fotos/45496802.png
2026-08-21 18:43:10,809 INFO photo_manager - Foto movida: /home/ddurand/proyectos/personal/rpaludoplay-app/src/static/images/41650470.png -> /home/ddurand/fotos/41650470.png
2026-08-21 18:43:10,809 INFO photo_manager - Foto movida: /home/ddurand/proyectos/personal/rpaludoplay-app/src/static/images/46844667.png -> /home/ddurand/fotos/46844667.png
2026-08-21 18:43:10,810 INFO photo_manager - Foto movida: /home/ddurand/proyectos/personal/rpaludoplay-app/src/static/images/45085042.png -> /home/ddurand/fotos/45085042.png
2026-08-21 18:43:10,810 INFO photo_manager - Foto movida: /home/ddurand/proyectos/personal/rpaludoplay-app/src/static/images/74779278.png -> /home/ddurand/fotos/74779278.png
2026-08-21 18:43:10,811 INFO photo_manager - Foto movida: /home/ddurand/proyectos/personal/rpaludoplay-app/src/static/images/70472374.png -> /home/ddurand/fotos/70472374.png
2026-08-21 18:43:10,811 INFO photo_manager - Foto movida: /home/ddurand/proyectos/personal/rpaludoplay-app/src/static/images/46102477.png -> /home/ddurand/fotos/46102477.png
2026-08-21 18:43:10,811 INFO photo_manager - Foto movida: /home/ddurand/proyectos/personal/rpaludoplay-app/src/static/images/00496329.png -> /home/ddurand/fotos/00496329.png
2026-08-21 18:43:10,811 INFO photo_manager - Foto movida: /home/ddurand/proyectos/personal/rpaludoplay-app/src/static/images/16545728.png -> /home/ddurand/fotos/16545728.png
2026-08-21 18:43:10,812 INFO photo_manager - Foto movida: /home/ddurand/proyectos/personal/rpaludoplay-app/src/static/images/40940553.png -> /home/ddurand/fotos/40940553.png
2026-08-21 18:43:10,812 INFO photo_manager - Foto movida: /home/ddurand/proyectos/personal/rpaludoplay-app/src/static/images/41942363.png -> /home/ddurand/fotos/41942363.png
2026-08-21 18:43:10,812 INFO photo_manager - Foto movida: /home/ddurand/proyectos/personal/rpaludoplay-app/src/static/images/47664852.png -> /home/ddurand/fotos/47664852.png
2026-08-21 18:43:10,813 INFO photo_manager - Foto movida: /home/ddurand/proyectos/personal/rpaludoplay-app/src/static/images/80523396.png -> /home/ddurand/fotos/80523396.png
2026-08-21 18:43:10,813 INFO photo_manager - Foto movida: /home/ddurand/proyectos/personal/rpaludoplay-app/src/static/images/47105359.png -> /home/ddurand/fotos/47105359.png
2026-08-21 18:43:10,813 INFO photo_manager - Foto movida: /home/ddurand/proyectos/personal/rpaludoplay-app/src/static/images/45600426.png -> /home/ddurand/fotos/45600426.png
2026-08-21 18:43:10,813 INFO photo_manager - Foto movida: /home/ddurand/proyectos/personal/rpaludoplay-app/src/static/images/76737930.png -> /home/ddurand/fotos/76737930.png
2026-08-21 18:43:10,814 INFO photo_manager - Foto movida: /home/ddurand/proyectos/personal/rpaludoplay-app/src/static/images/80225958.png -> /home/ddurand/fotos/80225958.png
2026-08-21 18:43:10,814 INFO photo_manager - Foto movida: /home/ddurand/proyectos/personal/rpaludoplay-app/src/static/images/41328648.png -> /home/ddurand/fotos/41328648.png
2026-08-21 18:43:10,814 INFO photo_manager - Foto movida: /home/ddurand/proyectos/personal/rpaludoplay-app/src/static/images/41549513.png -> /home/ddurand/fotos/41549513.png
2026-08-21 18:43:10,814 INFO photo_manager - Foto movida: /home/ddurand/proyectos/personal/rpaludoplay-app/src/static/images/73960395.png -> /home/ddurand/fotos/73960395.png
2026-08-21 18:43:10,815 INFO photo_manager - Foto movida: /home/ddurand/proyectos/personal/rpaludoplay-app/src/static/images/40726886.png -> /home/ddurand/fotos/40726886.png
2026-08-21 18:43:10,815 INFO photo_manager - Foto movida: /home/ddurand/proyectos/personal/rpaludoplay-app/src/static/images/10614808.png -> /home/ddurand/fotos/10614808.png
2026-08-21 18:43:10,815 INFO photo_manager - Foto movida: /home/ddurand/proyectos/personal/rpaludoplay-app/src/static/images/44827982.png -> /home/ddurand/fotos/44827982.png
2026-08-21 18:43:10,815 INFO photo_manager - Foto movida: /home/ddurand/proyectos/personal/rpaludoplay-app/src/static/images/43464916.png -> /home/ddurand/fotos/43464916.png
2026-08-21 18:43:10,816 INFO photo_manager - Foto movida: /home/ddurand/proyectos/personal/rpaludoplay-app/src/static/images/09683192.png -> /home/ddurand/fotos/09683192.png
2026-08-21 18:43:10,816 INFO photo_manager - Foto movida: /home/ddurand/proyectos/personal/rpaludoplay-app/src/static/images/07850971.png -> /home/ddurand/fotos/07850971.png
2026-08-21 18:43:10,816 INFO photo_manager - Foto movida: /home/ddurand/proyectos/personal/rpaludoplay-app/src/static/images/10762907.png -> /home/ddurand/fotos/10762907.png
2026-08-21 18:43:10,816 INFO photo_manager - Foto movida: /home/ddurand/proyectos/personal/rpaludoplay-app/src/static/images/75922402.png -> /home/ddurand/fotos/75922402.png
2026-08-21 18:43:10,817 INFO photo_manager - Foto movida: /home/ddurand/proyectos/personal/rpaludoplay-app/src/static/images/41703420.png -> /home/ddurand/fotos/41703420.png
2026-08-21 18:43:10,817 INFO photo_manager - Foto movida: /home/ddurand/proyectos/personal/rpaludoplay-app/src/static/images/80554843.png -> /home/ddurand/fotos/80554843.png
2026-08-21 18:43:10,817 INFO photo_manager - Foto movida: /home/ddurand/proyectos/personal/rpaludoplay-app/src/static/images/08188942.png -> /home/ddurand/fotos/08188942.png
2026-08-21 18:43:10,818 INFO photo_manager - Foto movida: /home/ddurand/proyectos/personal/rpaludoplay-app/src/static/images/42221115.png -> /home/ddurand/fotos/42221115.png
2026-08-21 18:43:10,818 INFO photo_manager - Foto movida: /home/ddurand/proyectos/personal/rpaludoplay-app/src/static/images/43428515.png -> /home/ddurand/fotos/43428515.png
2026-08-21 18:43:10,819 INFO photo_manager - Foto movida: /home/ddurand/proyectos/personal/rpaludoplay-app/src/static/images/47530453.png -> /home/ddurand/fotos/47530453.png
2026-08-21 18:43:10,819 INFO photo_manager - Foto movida: /home/ddurand/proyectos/personal/rpaludoplay-app/src/static/images/43442691.png -> /home/ddurand/fotos/43442691.png
2026-08-21 18:43:10,819 INFO photo_manager - Foto movida: /home/ddurand/proyectos/personal/rpaludoplay-app/src/static/images/09628851.png -> /home/ddurand/fotos/09628851.png
2026-08-21 18:43:10,819 INFO photo_manager - Foto movida: /home/ddurand/proyectos/personal/rpaludoplay-app/src/static/images/42383536.png -> /home/ddurand/fotos/42383536.png
2026-08-21 18:43:10,820 INFO photo_manager - Foto movida: /home/ddurand/proyectos/personal/rpaludoplay-app/src/static/images/42515153.png -> /home/ddurand/fotos/42515153.png
2026-08-21 18:43:10,820 INFO photo_manager - Foto movida: /home/ddurand/proyectos/personal/rpaludoplay-app/src/static/images/43294890.png -> /home/ddurand/fotos/43294890.png
2026-08-21 18:43:10,820 INFO photo_manager - Foto movida: /home/ddurand/proyectos/personal/rpaludoplay-app/src/static/images/41904728.png -> /home/ddurand/fotos/41904728.png
2026-08-21 18:43:10,820 INFO photo_manager - Foto movida: /home/ddurand/proyectos/personal/rpaludoplay-app/src/static/images/40917653.png -> /home/ddurand/fotos/40917653.png
2026-08-21 18:43:10,821 INFO photo_manager - Foto movida: /home/ddurand/proyectos/personal/rpaludoplay-app/src/static/images/06671598.png -> /home/ddurand/fotos/06671598.png
2026-08-21 18:43:10,821 INFO photo_manager - Foto movida: /home/ddurand/proyectos/personal/rpaludoplay-app/src/static/images/40296124.png -> /home/ddurand/fotos/40296124.png
2026-08-21 18:43:10,821 INFO photo_manager - Foto movida: /home/ddurand/proyectos/personal/rpaludoplay-app/src/static/images/32963643.png -> /home/ddurand/fotos/32963643.png
2026-08-21 18:43:10,822 INFO photo_manager - Foto movida: /home/ddurand/proyectos/personal/rpaludoplay-app/src/static/images/26707543.png -> /home/ddurand/fotos/26707543.png
2026-08-21 18:43:10,822 INFO photo_manager - Foto movida: /home/ddurand/proyectos/personal/rpaludoplay-app/src/static/images/46156579.png -> /home/ddurand/fotos/46156579.png
2026-08-21 18:43:10,822 INFO photo_manager - Foto movida: /home/ddurand/proyectos/personal/rpaludoplay-app/src/static/images/00442263.png -> /home/ddurand/fotos/00442263.png
2026-08-21 18:43:10,823 INFO photo_manager - Foto movida: /home/ddurand/proyectos/personal/rpaludoplay-app/src/static/images/73017522.png -> /home/ddurand/fotos/73017522.png
2026-08-21 18:43:10,823 INFO photo_manager - Foto movida: /home/ddurand/proyectos/personal/rpaludoplay-app/src/static/images/80248464.png -> /home/ddurand/fotos/80248464.png
2026-08-21 18:43:10,823 INFO photo_manager - Foto movida: /home/ddurand/proyectos/personal/rpaludoplay-app/src/static/images/09153733.png -> /home/ddurand/fotos/09153733.png
2026-08-21 18:43:10,823 INFO photo_manager - Foto movida: /home/ddurand/proyectos/personal/rpaludoplay-app/src/static/images/45315583.png -> /home/ddurand/fotos/45315583.png
2026-08-21 18:43:10,824 INFO photo_manager - Foto movida: /home/ddurand/proyectos/personal/rpaludoplay-app/src/static/images/07548697.png -> /home/ddurand/fotos/07548697.png
2026-08-21 18:43:10,824 INFO photo_manager - Foto movida: /home/ddurand/proyectos/personal/rpaludoplay-app/src/static/images/44191680.png -> /home/ddurand/fotos/44191680.png
2026-08-21 18:43:10,824 INFO photo_manager - Foto movida: /home/ddurand/proyectos/personal/rpaludoplay-app/src/static/images/41755468.png -> /home/ddurand/fotos/41755468.png
2026-08-21 18:43:10,824 INFO photo_manager - Foto movida: /home/ddurand/proyectos/personal/rpaludoplay-app/src/static/images/46237876.png -> /home/ddurand/fotos/46237876.png
2026-08-21 18:43:10,825 INFO photo_manager - Foto movida: /home/ddurand/proyectos/personal/rpaludoplay-app/src/static/images/48382156.png -> /home/ddurand/fotos/48382156.png
2026-08-21 18:43:10,825 INFO photo_manager - Foto movida: /home/ddurand/proyectos/personal/rpaludoplay-app/src/static/images/40187674.png -> /home/ddurand/fotos/40187674.png
2026-08-21 18:43:10,825 INFO photo_manager - Foto movida: /home/ddurand/proyectos/personal/rpaludoplay-app/src/static/images/46991807.png -> /home/ddurand/fotos/46991807.png
2026-08-21 18:43:10,825 INFO photo_manager - Foto movida: /home/ddurand/proyectos/personal/rpaludoplay-app/src/static/images/48235154.png -> /home/ddurand/fotos/48235154.png
2026-08-21 18:43:10,826 INFO photo_manager - Foto movida: /home/ddurand/proyectos/personal/rpaludoplay-app/src/static/images/09886952.png -> /home/ddurand/fotos/09886952.png
2026-08-21 18:43:10,826 INFO photo_manager - Foto movida: /home/ddurand/proyectos/personal/rpaludoplay-app/src/static/images/76084323.png -> /home/ddurand/fotos/76084323.png
2026-08-21 18:43:10,826 INFO photo_manager - Foto movida: /home/ddurand/proyectos/personal/rpaludoplay-app/src/static/images/42440833.png -> /home/ddurand/fotos/42440833.png
2026-08-21 18:43:10,827 INFO photo_manager - Foto movida: /home/ddurand/proyectos/personal/rpaludoplay-app/src/static/images/71614483.png -> /home/ddurand/fotos/71614483.png
2026-08-21 18:43:10,828 INFO photo_manager - Foto movida: /home/ddurand/proyectos/personal/rpaludoplay-app/src/static/images/44836058.png -> /home/ddurand/fotos/44836058.png
2026-08-21 18:43:10,828 INFO photo_manager - Foto movida: /home/ddurand/proyectos/personal/rpaludoplay-app/src/static/images/24000713.png -> /home/ddurand/fotos/24000713.png
2026-08-21 18:43:10,828 INFO photo_manager - Foto movida: /home/ddurand/proyectos/personal/rpaludoplay-app/src/static/images/29538457.png -> /home/ddurand/fotos/29538457.png
2026-08-21 18:43:10,828 INFO photo_manager - Foto movida: /home/ddurand/proyectos/personal/rpaludoplay-app/src/static/images/42836921.png -> /home/ddurand/fotos/42836921.png
2026-08-21 18:43:10,829 INFO photo_manager - Foto movida: /home/ddurand/proyectos/personal/rpaludoplay-app/src/static/images/71646122.png -> /home/ddurand/fotos/71646122.png
2026-08-21 18:43:10,829 INFO photo_manager - Foto movida: /home/ddurand/proyectos/personal/rpaludoplay-app/src/static/images/47612217.png -> /home/ddurand/fotos/47612217.png
2026-08-21 18:43:10,829 INFO photo_manager - Foto movida: /home/ddurand/proyectos/personal/rpaludoplay-app/src/static/images/40980387.png -> /home/ddurand/fotos/40980387.png
2026-08-21 18:43:10,829 INFO photo_manager - Foto movida: /home/ddurand/proyectos/personal/rpaludoplay-app/src/static/images/70578177.png -> /home/ddurand/fotos/70578177.png
2026-08-21 18:43:10,830 INFO photo_manager - Foto movida: /home/ddurand/proyectos/personal/rpaludoplay-app/src/static/images/42189223.png -> /home/ddurand/fotos/42189223.png
2026-08-21 18:43:10,830 INFO photo_manager - Foto movida: /home/ddurand/proyectos/personal/rpaludoplay-app/src/static/images/47346286.png -> /home/ddurand/fotos/47346286.png
2026-08-21 18:43:10,830 INFO photo_manager - Foto movida: /home/ddurand/proyectos/personal/rpaludoplay-app/src/static/images/29593807.png -> /home/ddurand/fotos/29593807.png
2026-08-21 18:43:10,831 INFO photo_manager - Foto movida: /home/ddurand/proyectos/personal/rpaludoplay-app/src/static/images/45265701.png -> /home/ddurand/fotos/45265701.png
2026-08-21 18:43:10,831 INFO photo_manager - Foto movida: /home/ddurand/proyectos/personal/rpaludoplay-app/src/static/images/10442947.png -> /home/ddurand/fotos/10442947.png
2026-08-21 18:43:10,831 INFO photo_manager - Foto movida: /home/ddurand/proyectos/personal/rpaludoplay-app/src/static/images/46370124.png -> /home/ddurand/fotos/46370124.png
2026-08-21 18:43:10,832 INFO photo_manager - Foto movida: /home/ddurand/proyectos/personal/rpaludoplay-app/src/static/images/46183250.png -> /home/ddurand/fotos/46183250.png
2026-08-21 18:43:10,832 INFO photo_manager - Foto movida: /home/ddurand/proyectos/personal/rpaludoplay-app/src/static/images/45504873.png -> /home/ddurand/fotos/45504873.png
2026-08-21 18:43:10,832 INFO photo_manager - Foto movida: /home/ddurand/proyectos/personal/rpaludoplay-app/src/static/images/71467649.png -> /home/ddurand/fotos/71467649.png
2026-08-21 18:43:10,833 INFO photo_manager - Foto movida: /home/ddurand/proyectos/personal/rpaludoplay-app/src/static/images/10708099.png -> /home/ddurand/fotos/10708099.png
2026-08-21 18:43:10,834 INFO photo_manager - Foto movida: /home/ddurand/proyectos/personal/rpaludoplay-app/src/static/images/44669539.png -> /home/ddurand/fotos/44669539.png
2026-08-21 18:43:10,834 INFO photo_manager - Foto movida: /home/ddurand/proyectos/personal/rpaludoplay-app/src/static/images/32527386.png -> /home/ddurand/fotos/32527386.png
2026-08-21 18:43:10,835 INFO photo_manager - Foto movida: /home/ddurand/proyectos/personal/rpaludoplay-app/src/static/images/09467256.png -> /home/ddurand/fotos/09467256.png
2026-08-21 18:43:10,835 INFO photo_manager - Foto movida: /home/ddurand/proyectos/personal/rpaludoplay-app/src/static/images/07469142.png -> /home/ddurand/fotos/07469142.png
2026-08-21 18:43:10,836 INFO photo_manager - Foto movida: /home/ddurand/proyectos/personal/rpaludoplay-app/src/static/images/07621272.png -> /home/ddurand/fotos/07621272.png
2026-08-21 18:43:10,836 INFO photo_manager - Foto movida: /home/ddurand/proyectos/personal/rpaludoplay-app/src/static/images/18097361.png -> /home/ddurand/fotos/18097361.png
2026-08-21 18:43:10,837 INFO photo_manager - Foto movida: /home/ddurand/proyectos/personal/rpaludoplay-app/src/static/images/41292952.png -> /home/ddurand/fotos/41292952.png
2026-08-21 18:43:10,837 INFO photo_manager - Foto movida: /home/ddurand/proyectos/personal/rpaludoplay-app/src/static/images/00246052.png -> /home/ddurand/fotos/00246052.png
2026-08-21 18:43:10,837 INFO photo_manager - Foto movida: /home/ddurand/proyectos/personal/rpaludoplay-app/src/static/images/80625626.png -> /home/ddurand/fotos/80625626.png
2026-08-21 18:43:10,838 INFO photo_manager - Foto movida: /home/ddurand/proyectos/personal/rpaludoplay-app/src/static/images/48012378.png -> /home/ddurand/fotos/48012378.png
2026-08-21 18:43:10,838 INFO photo_manager - Foto movida: /home/ddurand/proyectos/personal/rpaludoplay-app/src/static/images/46030955.png -> /home/ddurand/fotos/46030955.png
2026-08-21 18:43:10,839 INFO photo_manager - Foto movida: /home/ddurand/proyectos/personal/rpaludoplay-app/src/static/images/73618337.png -> /home/ddurand/fotos/73618337.png
2026-08-21 18:43:10,839 INFO photo_manager - Foto movida: /home/ddurand/proyectos/personal/rpaludoplay-app/src/static/images/43551228.png -> /home/ddurand/fotos/43551228.png
2026-08-21 18:43:10,839 INFO photo_manager - Foto movida: /home/ddurand/proyectos/personal/rpaludoplay-app/src/static/images/45457331.png -> /home/ddurand/fotos/45457331.png
2026-08-21 18:43:10,840 INFO photo_manager - Foto movida: /home/ddurand/proyectos/personal/rpaludoplay-app/src/static/images/42198031.png -> /home/ddurand/fotos/42198031.png
2026-08-21 18:43:10,840 INFO photo_manager - Foto movida: /home/ddurand/proyectos/personal/rpaludoplay-app/src/static/images/80651953.png -> /home/ddurand/fotos/80651953.png
2026-08-21 18:43:10,840 INFO photo_manager - Foto movida: /home/ddurand/proyectos/personal/rpaludoplay-app/src/static/images/74834571.png -> /home/ddurand/fotos/74834571.png
2026-08-21 18:43:10,841 INFO photo_manager - Foto movida: /home/ddurand/proyectos/personal/rpaludoplay-app/src/static/images/07963962.png -> /home/ddurand/fotos/07963962.png
2026-08-21 18:43:10,841 INFO photo_manager - Foto movida: /home/ddurand/proyectos/personal/rpaludoplay-app/src/static/images/44544169.png -> /home/ddurand/fotos/44544169.png
2026-08-21 18:43:10,842 INFO photo_manager - Foto movida: /home/ddurand/proyectos/personal/rpaludoplay-app/src/static/images/44129250.png -> /home/ddurand/fotos/44129250.png
2026-08-21 18:43:10,842 INFO photo_manager - Foto movida: /home/ddurand/proyectos/personal/rpaludoplay-app/src/static/images/44008389.png -> /home/ddurand/fotos/44008389.png
2026-08-21 18:43:10,843 INFO photo_manager - Foto movida: /home/ddurand/proyectos/personal/rpaludoplay-app/src/static/images/46991131.png -> /home/ddurand/fotos/46991131.png
2026-08-21 18:43:10,843 INFO photo_manager - Foto movida: /home/ddurand/proyectos/personal/rpaludoplay-app/src/static/images/09946489.png -> /home/ddurand/fotos/09946489.png
2026-08-21 18:43:10,843 INFO photo_manager - Foto movida: /home/ddurand/proyectos/personal/rpaludoplay-app/src/static/images/40675352.png -> /home/ddurand/fotos/40675352.png
2026-08-21 18:43:10,844 INFO photo_manager - Foto movida: /home/ddurand/proyectos/personal/rpaludoplay-app/src/static/images/42266571.png -> /home/ddurand/fotos/42266571.png
2026-08-21 18:43:10,844 INFO photo_manager - Foto movida: /home/ddurand/proyectos/personal/rpaludoplay-app/src/static/images/44332882.png -> /home/ddurand/fotos/44332882.png
2026-08-21 18:43:10,844 INFO photo_manager - Foto movida: /home/ddurand/proyectos/personal/rpaludoplay-app/src/static/images/43794026.png -> /home/ddurand/fotos/43794026.png
2026-08-21 18:43:10,844 INFO photo_manager - Foto movida: /home/ddurand/proyectos/personal/rpaludoplay-app/src/static/images/40819646.png -> /home/ddurand/fotos/40819646.png
2026-08-21 18:43:10,845 INFO photo_manager - Foto movida: /home/ddurand/proyectos/personal/rpaludoplay-app/src/static/images/77467774.png -> /home/ddurand/fotos/77467774.png
2026-08-21 18:43:10,845 INFO photo_manager - Foto movida: /home/ddurand/proyectos/personal/rpaludoplay-app/src/static/images/44071583.png -> /home/ddurand/fotos/44071583.png
2026-08-21 18:43:10,845 INFO photo_manager - Foto movida: /home/ddurand/proyectos/personal/rpaludoplay-app/src/static/images/43922465.png -> /home/ddurand/fotos/43922465.png
2026-08-21 18:43:10,846 INFO photo_manager - Foto movida: /home/ddurand/proyectos/personal/rpaludoplay-app/src/static/images/21126104.png -> /home/ddurand/fotos/21126104.png
2026-08-21 18:43:10,846 INFO photo_manager - Foto movida: /home/ddurand/proyectos/personal/rpaludoplay-app/src/static/images/02168355.png -> /home/ddurand/fotos/02168355.png
2026-08-21 18:43:10,846 INFO photo_manager - Foto movida: /home/ddurand/proyectos/personal/rpaludoplay-app/src/static/images/47360575.png -> /home/ddurand/fotos/47360575.png
2026-08-21 18:43:10,846 INFO photo_manager - Foto movida: /home/ddurand/proyectos/personal/rpaludoplay-app/src/static/images/18056012.png -> /home/ddurand/fotos/18056012.png
2026-08-21 18:43:10,847 INFO photo_manager - Foto movida: /home/ddurand/proyectos/personal/rpaludoplay-app/src/static/images/10089487.png -> /home/ddurand/fotos/10089487.png
2026-08-21 18:43:10,847 INFO photo_manager - Foto movida: /home/ddurand/proyectos/personal/rpaludoplay-app/src/static/images/40081924.png -> /home/ddurand/fotos/40081924.png
2026-08-21 18:43:10,847 INFO photo_manager - Foto movida: /home/ddurand/proyectos/personal/rpaludoplay-app/src/static/images/23993486.png -> /home/ddurand/fotos/23993486.png
2026-08-21 18:43:10,847 INFO photo_manager - Foto movida: /home/ddurand/proyectos/personal/rpaludoplay-app/src/static/images/73069220.png -> /home/ddurand/fotos/73069220.png
2026-08-21 18:43:10,848 INFO photo_manager - Foto movida: /home/ddurand/proyectos/personal/rpaludoplay-app/src/static/images/07646752.png -> /home/ddurand/fotos/07646752.png
2026-08-21 18:43:10,848 INFO photo_manager - Foto movida: /home/ddurand/proyectos/personal/rpaludoplay-app/src/static/images/09021034.png -> /home/ddurand/fotos/09021034.png
2026-08-21 18:43:10,849 INFO photo_manager - Foto movida: /home/ddurand/proyectos/personal/rpaludoplay-app/src/static/images/43397682.png -> /home/ddurand/fotos/43397682.png
2026-08-21 18:43:10,849 INFO photo_manager - Foto movida: /home/ddurand/proyectos/personal/rpaludoplay-app/src/static/images/10792887.png -> /home/ddurand/fotos/10792887.png
2026-08-21 18:43:10,849 INFO photo_manager - Foto movida: /home/ddurand/proyectos/personal/rpaludoplay-app/src/static/images/07798830.png -> /home/ddurand/fotos/07798830.png
2026-08-21 18:43:10,849 INFO photo_manager - Foto movida: /home/ddurand/proyectos/personal/rpaludoplay-app/src/static/images/10119367.png -> /home/ddurand/fotos/10119367.png
2026-08-21 18:43:10,850 INFO photo_manager - Foto movida: /home/ddurand/proyectos/personal/rpaludoplay-app/src/static/images/16629762.png -> /home/ddurand/fotos/16629762.png
2026-08-21 18:43:10,850 INFO photo_manager - Foto movida: /home/ddurand/proyectos/personal/rpaludoplay-app/src/static/images/29657906.png -> /home/ddurand/fotos/29657906.png
2026-08-21 18:43:10,850 INFO photo_manager - Foto movida: /home/ddurand/proyectos/personal/rpaludoplay-app/src/static/images/75784348.png -> /home/ddurand/fotos/75784348.png
2026-08-21 18:43:10,850 INFO photo_manager - Foto movida: /home/ddurand/proyectos/personal/rpaludoplay-app/src/static/images/44239055.png -> /home/ddurand/fotos/44239055.png
2026-08-21 18:43:10,851 INFO photo_manager - Foto movida: /home/ddurand/proyectos/personal/rpaludoplay-app/src/static/images/42446452.png -> /home/ddurand/fotos/42446452.png
2026-08-21 18:43:10,851 INFO photo_manager - Foto movida: /home/ddurand/proyectos/personal/rpaludoplay-app/src/static/images/47234916.png -> /home/ddurand/fotos/47234916.png
2026-08-21 18:43:10,851 INFO photo_manager - Foto movida: /home/ddurand/proyectos/personal/rpaludoplay-app/src/static/images/42321179.png -> /home/ddurand/fotos/42321179.png
2026-08-21 18:43:10,852 INFO photo_manager - Foto movida: /home/ddurand/proyectos/personal/rpaludoplay-app/src/static/images/19861510.png -> /home/ddurand/fotos/19861510.png
2026-08-21 18:43:10,852 INFO photo_manager - Foto movida: /home/ddurand/proyectos/personal/rpaludoplay-app/src/static/images/40121230.png -> /home/ddurand/fotos/40121230.png
2026-08-21 18:43:10,852 INFO photo_manager - Foto movida: /home/ddurand/proyectos/personal/rpaludoplay-app/src/static/images/43539785.png -> /home/ddurand/fotos/43539785.png
2026-08-21 18:43:10,852 INFO photo_manager - Foto movida: /home/ddurand/proyectos/personal/rpaludoplay-app/src/static/images/41307098.png -> /home/ddurand/fotos/41307098.png
2026-08-21 18:43:10,853 INFO photo_manager - Foto movida: /home/ddurand/proyectos/personal/rpaludoplay-app/src/static/images/72196694.png -> /home/ddurand/fotos/72196694.png
2026-08-21 18:43:10,853 INFO photo_manager - Foto movida: /home/ddurand/proyectos/personal/rpaludoplay-app/src/static/images/78018291.png -> /home/ddurand/fotos/78018291.png
2026-08-21 18:43:10,853 INFO photo_manager - Foto movida: /home/ddurand/proyectos/personal/rpaludoplay-app/src/static/images/43679175.png -> /home/ddurand/fotos/43679175.png
2026-08-21 18:43:10,853 INFO photo_manager - Foto movida: /home/ddurand/proyectos/personal/rpaludoplay-app/src/static/images/09724088.png -> /home/ddurand/fotos/09724088.png
2026-08-21 18:43:10,854 INFO photo_manager - Foto movida: /home/ddurand/proyectos/personal/rpaludoplay-app/src/static/images/43421699.png -> /home/ddurand/fotos/43421699.png
2026-08-21 18:43:10,854 INFO photo_manager - Foto movida: /home/ddurand/proyectos/personal/rpaludoplay-app/src/static/images/46297082.png -> /home/ddurand/fotos/46297082.png
2026-08-21 18:43:10,854 INFO photo_manager - Foto movida: /home/ddurand/proyectos/personal/rpaludoplay-app/src/static/images/76339114.png -> /home/ddurand/fotos/76339114.png
2026-08-21 18:43:10,855 INFO photo_manager - Foto movida: /home/ddurand/proyectos/personal/rpaludoplay-app/src/static/images/80386864.png -> /home/ddurand/fotos/80386864.png
2026-08-21 18:43:10,855 INFO photo_manager - Foto movida: /home/ddurand/proyectos/personal/rpaludoplay-app/src/static/images/29637977.png -> /home/ddurand/fotos/29637977.png
2026-08-21 18:43:10,855 INFO photo_manager - Foto movida: /home/ddurand/proyectos/personal/rpaludoplay-app/src/static/images/23998842.png -> /home/ddurand/fotos/23998842.png
2026-08-21 18:43:10,855 INFO photo_manager - Foto movida: /home/ddurand/proyectos/personal/rpaludoplay-app/src/static/images/45732190.png -> /home/ddurand/fotos/45732190.png
2026-08-21 18:43:10,856 INFO photo_manager - Foto movida: /home/ddurand/proyectos/personal/rpaludoplay-app/src/static/images/80312617.png -> /home/ddurand/fotos/80312617.png
2026-08-21 18:43:10,856 INFO photo_manager - Foto movida: /home/ddurand/proyectos/personal/rpaludoplay-app/src/static/images/40947085.png -> /home/ddurand/fotos/40947085.png
2026-08-21 18:43:10,856 INFO photo_manager - Foto movida: /home/ddurand/proyectos/personal/rpaludoplay-app/src/static/images/29591358.png -> /home/ddurand/fotos/29591358.png
2026-08-21 18:43:10,856 INFO photo_manager - Foto movida: /home/ddurand/proyectos/personal/rpaludoplay-app/src/static/images/16706828.png -> /home/ddurand/fotos/16706828.png
2026-08-21 18:43:10,857 INFO photo_manager - Foto movida: /home/ddurand/proyectos/personal/rpaludoplay-app/src/static/images/80578901.png -> /home/ddurand/fotos/80578901.png
2026-08-21 18:43:10,857 INFO photo_manager - Foto movida: /home/ddurand/proyectos/personal/rpaludoplay-app/src/static/images/43049216.png -> /home/ddurand/fotos/43049216.png
2026-08-21 18:43:10,857 INFO photo_manager - Foto movida: /home/ddurand/proyectos/personal/rpaludoplay-app/src/static/images/45007728.png -> /home/ddurand/fotos/45007728.png
2026-08-21 18:43:10,857 INFO photo_manager - Foto movida: /home/ddurand/proyectos/personal/rpaludoplay-app/src/static/images/02863973.png -> /home/ddurand/fotos/02863973.png
2026-08-21 18:43:10,858 INFO photo_manager - Foto movida: /home/ddurand/proyectos/personal/rpaludoplay-app/src/static/images/45933443.png -> /home/ddurand/fotos/45933443.png
2026-08-21 18:43:10,858 INFO photo_manager - Foto movida: /home/ddurand/proyectos/personal/rpaludoplay-app/src/static/images/47494703.png -> /home/ddurand/fotos/47494703.png
2026-08-21 18:43:10,858 INFO photo_manager - Foto movida: /home/ddurand/proyectos/personal/rpaludoplay-app/src/static/images/06217547.png -> /home/ddurand/fotos/06217547.png
2026-08-21 18:43:10,858 INFO photo_manager - Foto movida: /home/ddurand/proyectos/personal/rpaludoplay-app/src/static/images/42791691.png -> /home/ddurand/fotos/42791691.png
2026-08-21 18:43:10,859 INFO photo_manager - Foto movida: /home/ddurand/proyectos/personal/rpaludoplay-app/src/static/images/10044528.png -> /home/ddurand/fotos/10044528.png
2026-08-21 18:43:10,859 INFO photo_manager - Foto movida: /home/ddurand/proyectos/personal/rpaludoplay-app/src/static/images/09784584.png -> /home/ddurand/fotos/09784584.png
2026-08-21 18:43:10,859 INFO photo_manager - Foto movida: /home/ddurand/proyectos/personal/rpaludoplay-app/src/static/images/00125503.png -> /home/ddurand/fotos/00125503.png
2026-08-21 18:43:10,859 INFO photo_manager - Foto movida: /home/ddurand/proyectos/personal/rpaludoplay-app/src/static/images/70681792.png -> /home/ddurand/fotos/70681792.png
2026-08-21 18:43:10,860 INFO photo_manager - Foto movida: /home/ddurand/proyectos/personal/rpaludoplay-app/src/static/images/76754128.png -> /home/ddurand/fotos/76754128.png
2026-08-21 18:43:10,860 INFO photo_manager - Foto movida: /home/ddurand/proyectos/personal/rpaludoplay-app/src/static/images/05367318.png -> /home/ddurand/fotos/05367318.png
2026-08-21 18:43:10,860 INFO photo_manager - Foto movida: /home/ddurand/proyectos/personal/rpaludoplay-app/src/static/images/46753726.png -> /home/ddurand/fotos/46753726.png
2026-08-21 18:43:10,861 INFO photo_manager - Foto movida: /home/ddurand/proyectos/personal/rpaludoplay-app/src/static/images/43411600.png -> /home/ddurand/fotos/43411600.png
2026-08-21 18:43:10,861 INFO photo_manager - Foto movida: /home/ddurand/proyectos/personal/rpaludoplay-app/src/static/images/001434593.png -> /home/ddurand/fotos/001434593.png
2026-08-21 18:43:10,861 INFO photo_manager - Foto movida: /home/ddurand/proyectos/personal/rpaludoplay-app/src/static/images/09419604.png -> /home/ddurand/fotos/09419604.png
2026-08-21 18:43:10,861 INFO photo_manager - Foto movida: /home/ddurand/proyectos/personal/rpaludoplay-app/src/static/images/46493424.png -> /home/ddurand/fotos/46493424.png
2026-08-21 18:43:10,862 INFO photo_manager - Foto movida: /home/ddurand/proyectos/personal/rpaludoplay-app/src/static/images/43167095.png -> /home/ddurand/fotos/43167095.png
2026-08-21 18:43:10,862 INFO photo_manager - Foto movida: /home/ddurand/proyectos/personal/rpaludoplay-app/src/static/images/72329834.png -> /home/ddurand/fotos/72329834.png
2026-08-21 18:43:10,862 INFO photo_manager - Foto movida: /home/ddurand/proyectos/personal/rpaludoplay-app/src/static/images/40751395.png -> /home/ddurand/fotos/40751395.png
2026-08-21 18:43:10,863 INFO photo_manager - Foto movida: /home/ddurand/proyectos/personal/rpaludoplay-app/src/static/images/25838784.png -> /home/ddurand/fotos/25838784.png
2026-08-21 18:43:10,863 INFO photo_manager - Foto movida: /home/ddurand/proyectos/personal/rpaludoplay-app/src/static/images/43829603.png -> /home/ddurand/fotos/43829603.png
2026-08-21 18:43:10,863 INFO photo_manager - Foto movida: /home/ddurand/proyectos/personal/rpaludoplay-app/src/static/images/80134020.png -> /home/ddurand/fotos/80134020.png
2026-08-21 18:43:10,863 INFO photo_manager - Foto movida: /home/ddurand/proyectos/personal/rpaludoplay-app/src/static/images/72863372.png -> /home/ddurand/fotos/72863372.png
2026-08-21 18:43:10,864 INFO photo_manager - Foto movida: /home/ddurand/proyectos/personal/rpaludoplay-app/src/static/images/70753579.png -> /home/ddurand/fotos/70753579.png
2026-08-21 18:43:10,864 INFO photo_manager - Foto movida: /home/ddurand/proyectos/personal/rpaludoplay-app/src/static/images/06107842.png -> /home/ddurand/fotos/06107842.png
2026-08-21 18:43:10,864 INFO photo_manager - Foto movida: /home/ddurand/proyectos/personal/rpaludoplay-app/src/static/images/73339554.png -> /home/ddurand/fotos/73339554.png
2026-08-21 18:43:10,864 INFO photo_manager - Foto movida: /home/ddurand/proyectos/personal/rpaludoplay-app/src/static/images/41473832.png -> /home/ddurand/fotos/41473832.png
2026-08-21 18:43:10,865 INFO photo_manager - Foto movida: /home/ddurand/proyectos/personal/rpaludoplay-app/src/static/images/47897512.png -> /home/ddurand/fotos/47897512.png
2026-08-21 18:43:10,865 INFO photo_manager - Foto movida: /home/ddurand/proyectos/personal/rpaludoplay-app/src/static/images/74937001.png -> /home/ddurand/fotos/74937001.png
2026-08-21 18:43:10,865 INFO photo_manager - Foto movida: /home/ddurand/proyectos/personal/rpaludoplay-app/src/static/images/09276964.png -> /home/ddurand/fotos/09276964.png
2026-08-21 18:43:10,865 INFO photo_manager - Foto movida: /home/ddurand/proyectos/personal/rpaludoplay-app/src/static/images/72715071.png -> /home/ddurand/fotos/72715071.png
2026-08-21 18:43:10,866 INFO photo_manager - Foto movida: /home/ddurand/proyectos/personal/rpaludoplay-app/src/static/images/29739199.png -> /home/ddurand/fotos/29739199.png
2026-08-21 18:43:10,866 INFO photo_manager - Foto movida: /home/ddurand/proyectos/personal/rpaludoplay-app/src/static/images/46310214.png -> /home/ddurand/fotos/46310214.png
2026-08-21 18:43:10,866 INFO photo_manager - Foto movida: /home/ddurand/proyectos/personal/rpaludoplay-app/src/static/images/43545872.png -> /home/ddurand/fotos/43545872.png
2026-08-21 18:43:10,867 INFO photo_manager - Foto movida: /home/ddurand/proyectos/personal/rpaludoplay-app/src/static/images/44200804.png -> /home/ddurand/fotos/44200804.png
2026-08-21 18:43:10,867 INFO photo_manager - Foto movida: /home/ddurand/proyectos/personal/rpaludoplay-app/src/static/images/40387112.png -> /home/ddurand/fotos/40387112.png
2026-08-21 18:43:10,867 INFO photo_manager - Foto movida: /home/ddurand/proyectos/personal/rpaludoplay-app/src/static/images/75167693.png -> /home/ddurand/fotos/75167693.png
2026-08-21 18:43:10,868 INFO photo_manager - Foto movida: /home/ddurand/proyectos/personal/rpaludoplay-app/src/static/images/42048011.png -> /home/ddurand/fotos/42048011.png
2026-08-21 18:43:10,868 INFO photo_manager - Foto movida: /home/ddurand/proyectos/personal/rpaludoplay-app/src/static/images/40573432.png -> /home/ddurand/fotos/40573432.png
2026-08-21 18:43:10,868 INFO photo_manager - Foto movida: /home/ddurand/proyectos/personal/rpaludoplay-app/src/static/images/80195101.png -> /home/ddurand/fotos/80195101.png
2026-08-21 18:43:10,869 INFO photo_manager - Foto movida: /home/ddurand/proyectos/personal/rpaludoplay-app/src/static/images/08956428.png -> /home/ddurand/fotos/08956428.png
2026-08-21 18:43:10,869 INFO photo_manager - Foto movida: /home/ddurand/proyectos/personal/rpaludoplay-app/src/static/images/41512906.png -> /home/ddurand/fotos/41512906.png
2026-08-21 18:43:10,869 INFO photo_manager - Foto movida: /home/ddurand/proyectos/personal/rpaludoplay-app/src/static/images/07590309.png -> /home/ddurand/fotos/07590309.png
2026-08-21 18:43:10,869 INFO photo_manager - Foto movida: /home/ddurand/proyectos/personal/rpaludoplay-app/src/static/images/45484131.png -> /home/ddurand/fotos/45484131.png
2026-08-21 18:43:10,870 INFO photo_manager - Foto movida: /home/ddurand/proyectos/personal/rpaludoplay-app/src/static/images/42176978.png -> /home/ddurand/fotos/42176978.png
2026-08-21 18:43:10,870 INFO photo_manager - Foto movida: /home/ddurand/proyectos/personal/rpaludoplay-app/src/static/images/09624482.png -> /home/ddurand/fotos/09624482.png
2026-08-21 18:43:10,870 INFO photo_manager - Foto movida: /home/ddurand/proyectos/personal/rpaludoplay-app/src/static/images/42213532.png -> /home/ddurand/fotos/42213532.png
2026-08-21 18:43:10,871 INFO photo_manager - Foto movida: /home/ddurand/proyectos/personal/rpaludoplay-app/src/static/images/08626873.png -> /home/ddurand/fotos/08626873.png
2026-08-21 18:43:10,871 INFO photo_manager - Foto movida: /home/ddurand/proyectos/personal/rpaludoplay-app/src/static/images/71426474.png -> /home/ddurand/fotos/71426474.png
2026-08-21 18:43:10,871 INFO photo_manager - Foto movida: /home/ddurand/proyectos/personal/rpaludoplay-app/src/static/images/21250967.png -> /home/ddurand/fotos/21250967.png
2026-08-21 18:43:10,872 INFO photo_manager - Foto movida: /home/ddurand/proyectos/personal/rpaludoplay-app/src/static/images/72355225.png -> /home/ddurand/fotos/72355225.png
2026-08-21 18:43:10,872 INFO photo_manager - Foto movida: /home/ddurand/proyectos/personal/rpaludoplay-app/src/static/images/80112939.png -> /home/ddurand/fotos/80112939.png
2026-08-21 18:43:10,872 INFO photo_manager - Foto movida: /home/ddurand/proyectos/personal/rpaludoplay-app/src/static/images/42855964.png -> /home/ddurand/fotos/42855964.png
2026-08-21 18:43:10,872 INFO photo_manager - Foto movida: /home/ddurand/proyectos/personal/rpaludoplay-app/src/static/images/42238563.png -> /home/ddurand/fotos/42238563.png
2026-08-21 18:43:10,873 INFO photo_manager - Foto movida: /home/ddurand/proyectos/personal/rpaludoplay-app/src/static/images/70105723.png -> /home/ddurand/fotos/70105723.png
2026-08-21 18:43:10,873 INFO photo_manager - Foto movida: /home/ddurand/proyectos/personal/rpaludoplay-app/src/static/images/43850186.png -> /home/ddurand/fotos/43850186.png
2026-08-21 18:43:10,873 INFO photo_manager - Foto movida: /home/ddurand/proyectos/personal/rpaludoplay-app/src/static/images/08887495.png -> /home/ddurand/fotos/08887495.png
2026-08-21 18:43:10,873 INFO photo_manager - Foto movida: /home/ddurand/proyectos/personal/rpaludoplay-app/src/static/images/44469089.png -> /home/ddurand/fotos/44469089.png
2026-08-21 18:43:10,874 INFO photo_manager - Foto movida: /home/ddurand/proyectos/personal/rpaludoplay-app/src/static/images/41040265.png -> /home/ddurand/fotos/41040265.png
2026-08-21 18:43:10,874 INFO photo_manager - Foto movida: /home/ddurand/proyectos/personal/rpaludoplay-app/src/static/images/72757429.png -> /home/ddurand/fotos/72757429.png
2026-08-21 18:43:10,874 INFO photo_manager - Foto movida: /home/ddurand/proyectos/personal/rpaludoplay-app/src/static/images/46207742.png -> /home/ddurand/fotos/46207742.png
2026-08-21 18:43:10,875 INFO photo_manager - Foto movida: /home/ddurand/proyectos/personal/rpaludoplay-app/src/static/images/76460999.png -> /home/ddurand/fotos/76460999.png
2026-08-21 18:43:10,875 INFO photo_manager - Foto movida: /home/ddurand/proyectos/personal/rpaludoplay-app/src/static/images/44045529.png -> /home/ddurand/fotos/44045529.png
2026-08-21 18:43:10,875 INFO photo_manager - Foto movida: /home/ddurand/proyectos/personal/rpaludoplay-app/src/static/images/73505192.png -> /home/ddurand/fotos/73505192.png
2026-08-21 18:43:10,876 INFO photo_manager - Foto movida: /home/ddurand/proyectos/personal/rpaludoplay-app/src/static/images/16769425.png -> /home/ddurand/fotos/16769425.png
2026-08-21 18:43:10,876 INFO photo_manager - Foto movida: /home/ddurand/proyectos/personal/rpaludoplay-app/src/static/images/43006442.png -> /home/ddurand/fotos/43006442.png
2026-08-21 18:43:10,876 INFO photo_manager - Foto movida: /home/ddurand/proyectos/personal/rpaludoplay-app/src/static/images/16722422.png -> /home/ddurand/fotos/16722422.png
2026-08-21 18:43:10,876 INFO photo_manager - Foto movida: /home/ddurand/proyectos/personal/rpaludoplay-app/src/static/images/47182332.png -> /home/ddurand/fotos/47182332.png
2026-08-21 18:43:10,877 INFO photo_manager - Foto movida: /home/ddurand/proyectos/personal/rpaludoplay-app/src/static/images/40594565.png -> /home/ddurand/fotos/40594565.png
2026-08-21 18:43:10,877 INFO photo_manager - Foto movida: /home/ddurand/proyectos/personal/rpaludoplay-app/src/static/images/21522520.png -> /home/ddurand/fotos/21522520.png
2026-08-21 18:43:10,877 INFO photo_manager - Foto movida: /home/ddurand/proyectos/personal/rpaludoplay-app/src/static/images/44635034.png -> /home/ddurand/fotos/44635034.png
2026-08-21 18:43:10,877 INFO photo_manager - Foto movida: /home/ddurand/proyectos/personal/rpaludoplay-app/src/static/images/10277095.png -> /home/ddurand/fotos/10277095.png
2026-08-21 18:43:10,878 INFO photo_manager - Foto movida: /home/ddurand/proyectos/personal/rpaludoplay-app/src/static/images/43015455.png -> /home/ddurand/fotos/43015455.png
2026-08-21 18:43:10,878 INFO photo_manager - Foto movida: /home/ddurand/proyectos/personal/rpaludoplay-app/src/static/images/42855406.png -> /home/ddurand/fotos/42855406.png
2026-08-21 18:43:10,878 INFO photo_manager - Foto movida: /home/ddurand/proyectos/personal/rpaludoplay-app/src/static/images/31656891.png -> /home/ddurand/fotos/31656891.png
2026-08-21 18:43:10,879 INFO photo_manager - Foto movida: /home/ddurand/proyectos/personal/rpaludoplay-app/src/static/images/000134689.png -> /home/ddurand/fotos/000134689.png
2026-08-21 18:43:10,879 INFO photo_manager - Foto movida: /home/ddurand/proyectos/personal/rpaludoplay-app/src/static/images/43525375.png -> /home/ddurand/fotos/43525375.png
2026-08-21 18:43:10,879 INFO photo_manager - Foto movida: /home/ddurand/proyectos/personal/rpaludoplay-app/src/static/images/80051687.png -> /home/ddurand/fotos/80051687.png
2026-08-21 18:43:10,880 INFO photo_manager - Foto movida: /home/ddurand/proyectos/personal/rpaludoplay-app/src/static/images/70858783.png -> /home/ddurand/fotos/70858783.png
2026-08-21 18:43:10,880 INFO photo_manager - Foto movida: /home/ddurand/proyectos/personal/rpaludoplay-app/src/static/images/42885295.png -> /home/ddurand/fotos/42885295.png
2026-08-21 18:43:10,881 INFO photo_manager - Foto movida: /home/ddurand/proyectos/personal/rpaludoplay-app/src/static/images/10203269.png -> /home/ddurand/fotos/10203269.png
2026-08-21 18:43:10,881 INFO photo_manager - Foto movida: /home/ddurand/proyectos/personal/rpaludoplay-app/src/static/images/42249108.png -> /home/ddurand/fotos/42249108.png
2026-08-21 18:43:10,881 INFO photo_manager - Foto movida: /home/ddurand/proyectos/personal/rpaludoplay-app/src/static/images/71239475.png -> /home/ddurand/fotos/71239475.png
2026-08-21 18:43:10,882 INFO photo_manager - Foto movida: /home/ddurand/proyectos/personal/rpaludoplay-app/src/static/images/41735161.png -> /home/ddurand/fotos/41735161.png
2026-08-21 18:43:10,882 INFO photo_manager - Foto movida: /home/ddurand/proyectos/personal/rpaludoplay-app/src/static/images/46514591.png -> /home/ddurand/fotos/46514591.png
2026-08-21 18:43:10,882 INFO photo_manager - Foto movida: /home/ddurand/proyectos/personal/rpaludoplay-app/src/static/images/46770363.png -> /home/ddurand/fotos/46770363.png
2026-08-21 18:43:10,883 INFO photo_manager - Foto movida: /home/ddurand/proyectos/personal/rpaludoplay-app/src/static/images/09080130.png -> /home/ddurand/fotos/09080130.png
2026-08-21 18:43:10,883 INFO photo_manager - Foto movida: /home/ddurand/proyectos/personal/rpaludoplay-app/src/static/images/08241648.png -> /home/ddurand/fotos/08241648.png
2026-08-21 18:43:10,883 INFO photo_manager - Foto movida: /home/ddurand/proyectos/personal/rpaludoplay-app/src/static/images/44085028.png -> /home/ddurand/fotos/44085028.png
2026-08-21 18:43:10,884 INFO photo_manager - Foto movida: /home/ddurand/proyectos/personal/rpaludoplay-app/src/static/images/05251408.png -> /home/ddurand/fotos/05251408.png
2026-08-21 18:43:10,884 INFO photo_manager - Foto movida: /home/ddurand/proyectos/personal/rpaludoplay-app/src/static/images/08713916.png -> /home/ddurand/fotos/08713916.png
2026-08-21 18:43:10,884 INFO photo_manager - Foto movida: /home/ddurand/proyectos/personal/rpaludoplay-app/src/static/images/73877970.png -> /home/ddurand/fotos/73877970.png
2026-08-21 18:43:10,885 INFO photo_manager - Foto movida: /home/ddurand/proyectos/personal/rpaludoplay-app/src/static/images/45601523.png -> /home/ddurand/fotos/45601523.png
2026-08-21 18:43:10,885 INFO photo_manager - Foto movida: /home/ddurand/proyectos/personal/rpaludoplay-app/src/static/images/40579516.png -> /home/ddurand/fotos/40579516.png
2026-08-21 18:43:10,885 INFO photo_manager - Foto movida: /home/ddurand/proyectos/personal/rpaludoplay-app/src/static/images/16801468.png -> /home/ddurand/fotos/16801468.png
2026-08-21 18:43:10,885 INFO photo_manager - Foto movida: /home/ddurand/proyectos/personal/rpaludoplay-app/src/static/images/73323285.png -> /home/ddurand/fotos/73323285.png
2026-08-21 18:43:10,886 INFO photo_manager - Foto movida: /home/ddurand/proyectos/personal/rpaludoplay-app/src/static/images/29680939.png -> /home/ddurand/fotos/29680939.png
2026-08-21 18:43:10,886 INFO photo_manager - Foto movida: /home/ddurand/proyectos/personal/rpaludoplay-app/src/static/images/42334617.png -> /home/ddurand/fotos/42334617.png
2026-08-21 18:43:10,886 INFO photo_manager - Foto movida: /home/ddurand/proyectos/personal/rpaludoplay-app/src/static/images/33258630.png -> /home/ddurand/fotos/33258630.png
2026-08-21 18:43:10,887 INFO photo_manager - Foto movida: /home/ddurand/proyectos/personal/rpaludoplay-app/src/static/images/001449727.png -> /home/ddurand/fotos/001449727.png
2026-08-21 18:43:10,887 INFO photo_manager - Foto movida: /home/ddurand/proyectos/personal/rpaludoplay-app/src/static/images/25728480.png -> /home/ddurand/fotos/25728480.png
2026-08-21 18:43:10,888 INFO photo_manager - Foto movida: /home/ddurand/proyectos/personal/rpaludoplay-app/src/static/images/72207955.png -> /home/ddurand/fotos/72207955.png
2026-08-21 18:43:10,888 INFO photo_manager - Foto movida: /home/ddurand/proyectos/personal/rpaludoplay-app/src/static/images/72182703.png -> /home/ddurand/fotos/72182703.png
2026-08-21 18:43:10,888 INFO photo_manager - Foto movida: /home/ddurand/proyectos/personal/rpaludoplay-app/src/static/images/07778335.png -> /home/ddurand/fotos/07778335.png
2026-08-21 18:43:10,889 INFO photo_manager - Foto movida: /home/ddurand/proyectos/personal/rpaludoplay-app/src/static/images/26646028.png -> /home/ddurand/fotos/26646028.png
2026-08-21 18:43:10,889 INFO photo_manager - Foto movida: /home/ddurand/proyectos/personal/rpaludoplay-app/src/static/images/29413921.png -> /home/ddurand/fotos/29413921.png
2026-08-21 18:43:10,890 INFO photo_manager - Foto movida: /home/ddurand/proyectos/personal/rpaludoplay-app/src/static/images/76911222.png -> /home/ddurand/fotos/76911222.png
2026-08-21 18:43:10,890 INFO photo_manager - Foto movida: /home/ddurand/proyectos/personal/rpaludoplay-app/src/static/images/17898240.png -> /home/ddurand/fotos/17898240.png
2026-08-21 18:43:10,890 INFO photo_manager - Foto movida: /home/ddurand/proyectos/personal/rpaludoplay-app/src/static/images/09394320.png -> /home/ddurand/fotos/09394320.png
2026-08-21 18:43:10,891 INFO photo_manager - Foto movida: /home/ddurand/proyectos/personal/rpaludoplay-app/src/static/images/32923891.png -> /home/ddurand/fotos/32923891.png
2026-08-21 18:43:10,891 INFO photo_manager - Foto movida: /home/ddurand/proyectos/personal/rpaludoplay-app/src/static/images/40670253.png -> /home/ddurand/fotos/40670253.png
2026-08-21 18:43:10,892 INFO photo_manager - Foto movida: /home/ddurand/proyectos/personal/rpaludoplay-app/src/static/images/40491226.png -> /home/ddurand/fotos/40491226.png
2026-08-21 18:43:10,892 INFO photo_manager - Foto movida: /home/ddurand/proyectos/personal/rpaludoplay-app/src/static/images/10194817.png -> /home/ddurand/fotos/10194817.png
2026-08-21 18:43:10,892 INFO photo_manager - Foto movida: /home/ddurand/proyectos/personal/rpaludoplay-app/src/static/images/46270545.png -> /home/ddurand/fotos/46270545.png
2026-08-21 18:43:10,893 INFO photo_manager - Foto movida: /home/ddurand/proyectos/personal/rpaludoplay-app/src/static/images/44884120.png -> /home/ddurand/fotos/44884120.png
2026-08-21 18:43:10,893 INFO photo_manager - Foto movida: /home/ddurand/proyectos/personal/rpaludoplay-app/src/static/images/45548889.png -> /home/ddurand/fotos/45548889.png
2026-08-21 18:43:10,894 INFO photo_manager - Foto movida: /home/ddurand/proyectos/personal/rpaludoplay-app/src/static/images/73330811.png -> /home/ddurand/fotos/73330811.png
2026-08-21 18:43:10,894 INFO photo_manager - Foto movida: /home/ddurand/proyectos/personal/rpaludoplay-app/src/static/images/06703116.png -> /home/ddurand/fotos/06703116.png
2026-08-21 18:43:10,894 INFO photo_manager - Foto movida: /home/ddurand/proyectos/personal/rpaludoplay-app/src/static/images/30418234.png -> /home/ddurand/fotos/30418234.png
2026-08-21 18:43:10,895 INFO photo_manager - Foto movida: /home/ddurand/proyectos/personal/rpaludoplay-app/src/static/images/76392122.png -> /home/ddurand/fotos/76392122.png
2026-08-21 18:43:10,895 INFO photo_manager - Foto movida: /home/ddurand/proyectos/personal/rpaludoplay-app/src/static/images/72352990.png -> /home/ddurand/fotos/72352990.png
2026-08-21 18:43:10,895 INFO photo_manager - Foto movida: /home/ddurand/proyectos/personal/rpaludoplay-app/src/static/images/44536194.png -> /home/ddurand/fotos/44536194.png
2026-08-21 18:43:10,896 INFO photo_manager - Foto movida: /home/ddurand/proyectos/personal/rpaludoplay-app/src/static/images/43551729.png -> /home/ddurand/fotos/43551729.png
2026-08-21 18:43:10,896 INFO photo_manager - Foto movida: /home/ddurand/proyectos/personal/rpaludoplay-app/src/static/images/44388591.png -> /home/ddurand/fotos/44388591.png
2026-08-21 18:43:10,896 INFO photo_manager - Foto movida: /home/ddurand/proyectos/personal/rpaludoplay-app/src/static/images/46806510.png -> /home/ddurand/fotos/46806510.png
2026-08-21 18:43:10,897 INFO photo_manager - Foto movida: /home/ddurand/proyectos/personal/rpaludoplay-app/src/static/images/75924359.png -> /home/ddurand/fotos/75924359.png
2026-08-21 18:43:10,897 INFO photo_manager - Foto movida: /home/ddurand/proyectos/personal/rpaludoplay-app/src/static/images/44554866.png -> /home/ddurand/fotos/44554866.png
2026-08-21 18:43:10,898 INFO photo_manager - Foto movida: /home/ddurand/proyectos/personal/rpaludoplay-app/src/static/images/44548263.png -> /home/ddurand/fotos/44548263.png
2026-08-21 18:43:10,898 INFO photo_manager - Foto movida: /home/ddurand/proyectos/personal/rpaludoplay-app/src/static/images/00430776.png -> /home/ddurand/fotos/00430776.png
2026-08-21 18:43:10,898 INFO photo_manager - Foto movida: /home/ddurand/proyectos/personal/rpaludoplay-app/src/static/images/46383746.png -> /home/ddurand/fotos/46383746.png
2026-08-21 18:43:10,899 INFO photo_manager - Foto movida: /home/ddurand/proyectos/personal/rpaludoplay-app/src/static/images/44873213.png -> /home/ddurand/fotos/44873213.png
2026-08-21 18:43:10,899 INFO photo_manager - Foto movida: /home/ddurand/proyectos/personal/rpaludoplay-app/src/static/images/46982471.png -> /home/ddurand/fotos/46982471.png
2026-08-21 18:43:10,900 INFO photo_manager - Foto movida: /home/ddurand/proyectos/personal/rpaludoplay-app/src/static/images/26691141.png -> /home/ddurand/fotos/26691141.png
2026-08-21 18:43:10,900 INFO photo_manager - Foto movida: /home/ddurand/proyectos/personal/rpaludoplay-app/src/static/images/43561185.png -> /home/ddurand/fotos/43561185.png
2026-08-21 18:43:10,901 INFO photo_manager - Foto movida: /home/ddurand/proyectos/personal/rpaludoplay-app/src/static/images/00113182.png -> /home/ddurand/fotos/00113182.png
2026-08-21 18:43:10,901 INFO photo_manager - Foto movida: /home/ddurand/proyectos/personal/rpaludoplay-app/src/static/images/80387071.png -> /home/ddurand/fotos/80387071.png
2026-08-21 18:43:10,902 INFO photo_manager - Foto movida: /home/ddurand/proyectos/personal/rpaludoplay-app/src/static/images/29419446.png -> /home/ddurand/fotos/29419446.png
2026-08-21 18:43:10,902 INFO photo_manager - Foto movida: /home/ddurand/proyectos/personal/rpaludoplay-app/src/static/images/29673388.png -> /home/ddurand/fotos/29673388.png
2026-08-21 18:43:10,903 INFO photo_manager - Foto movida: /home/ddurand/proyectos/personal/rpaludoplay-app/src/static/images/75376749.png -> /home/ddurand/fotos/75376749.png
2026-08-21 18:43:10,903 INFO photo_manager - Foto movida: /home/ddurand/proyectos/personal/rpaludoplay-app/src/static/images/74498444.png -> /home/ddurand/fotos/74498444.png
2026-08-21 18:43:10,904 INFO photo_manager - Foto movida: /home/ddurand/proyectos/personal/rpaludoplay-app/src/static/images/17638926.png -> /home/ddurand/fotos/17638926.png
2026-08-21 18:43:10,904 INFO photo_manager - Foto movida: /home/ddurand/proyectos/personal/rpaludoplay-app/src/static/images/47447509.png -> /home/ddurand/fotos/47447509.png
2026-08-21 18:43:10,904 INFO photo_manager - Foto movida: /home/ddurand/proyectos/personal/rpaludoplay-app/src/static/images/44258278.png -> /home/ddurand/fotos/44258278.png
2026-08-21 18:43:10,905 INFO photo_manager - Foto movida: /home/ddurand/proyectos/personal/rpaludoplay-app/src/static/images/41326241.png -> /home/ddurand/fotos/41326241.png
2026-08-21 18:43:10,905 INFO photo_manager - Foto movida: /home/ddurand/proyectos/personal/rpaludoplay-app/src/static/images/41348916.png -> /home/ddurand/fotos/41348916.png
2026-08-21 18:43:10,905 INFO photo_manager - Foto movida: /home/ddurand/proyectos/personal/rpaludoplay-app/src/static/images/40694921.png -> /home/ddurand/fotos/40694921.png
2026-08-21 18:43:10,906 INFO photo_manager - Foto movida: /home/ddurand/proyectos/personal/rpaludoplay-app/src/static/images/44131127.png -> /home/ddurand/fotos/44131127.png
2026-08-21 18:43:10,906 INFO photo_manager - Foto movida: /home/ddurand/proyectos/personal/rpaludoplay-app/src/static/images/01343506.png -> /home/ddurand/fotos/01343506.png
2026-08-21 18:43:10,906 INFO photo_manager - Foto movida: /home/ddurand/proyectos/personal/rpaludoplay-app/src/static/images/46528126.png -> /home/ddurand/fotos/46528126.png
2026-08-21 18:43:10,907 INFO photo_manager - Foto movida: /home/ddurand/proyectos/personal/rpaludoplay-app/src/static/images/46090333.png -> /home/ddurand/fotos/46090333.png
2026-08-21 18:43:10,907 INFO photo_manager - Foto movida: /home/ddurand/proyectos/personal/rpaludoplay-app/src/static/images/41841415.png -> /home/ddurand/fotos/41841415.png
2026-08-21 18:43:10,907 INFO photo_manager - Foto movida: /home/ddurand/proyectos/personal/rpaludoplay-app/src/static/images/43747409.png -> /home/ddurand/fotos/43747409.png
2026-08-21 18:43:10,907 INFO photo_manager - Foto movida: /home/ddurand/proyectos/personal/rpaludoplay-app/src/static/images/20036532.png -> /home/ddurand/fotos/20036532.png
2026-08-21 18:43:10,908 INFO photo_manager - Foto movida: /home/ddurand/proyectos/personal/rpaludoplay-app/src/static/images/10375473.png -> /home/ddurand/fotos/10375473.png
2026-08-21 18:43:10,908 INFO photo_manager - Foto movida: /home/ddurand/proyectos/personal/rpaludoplay-app/src/static/images/10810678.png -> /home/ddurand/fotos/10810678.png
2026-08-21 18:43:10,908 INFO photo_manager - Foto movida: /home/ddurand/proyectos/personal/rpaludoplay-app/src/static/images/71428915.png -> /home/ddurand/fotos/71428915.png
2026-08-21 18:43:10,909 INFO photo_manager - Foto movida: /home/ddurand/proyectos/personal/rpaludoplay-app/src/static/images/16593521.png -> /home/ddurand/fotos/16593521.png
2026-08-21 18:43:10,909 INFO photo_manager - Foto movida: /home/ddurand/proyectos/personal/rpaludoplay-app/src/static/images/07765707.png -> /home/ddurand/fotos/07765707.png
2026-08-21 18:43:10,909 INFO photo_manager - Foto movida: /home/ddurand/proyectos/personal/rpaludoplay-app/src/static/images/70436807.png -> /home/ddurand/fotos/70436807.png
2026-08-21 18:43:10,909 INFO photo_manager - Foto movida: /home/ddurand/proyectos/personal/rpaludoplay-app/src/static/images/23874126.png -> /home/ddurand/fotos/23874126.png
2026-08-21 18:43:10,910 INFO photo_manager - Foto movida: /home/ddurand/proyectos/personal/rpaludoplay-app/src/static/images/71475037.png -> /home/ddurand/fotos/71475037.png
2026-08-21 18:43:10,910 INFO photo_manager - Foto movida: /home/ddurand/proyectos/personal/rpaludoplay-app/src/static/images/20119843.png -> /home/ddurand/fotos/20119843.png
2026-08-21 18:43:10,910 INFO photo_manager - Foto movida: /home/ddurand/proyectos/personal/rpaludoplay-app/src/static/images/41499436.png -> /home/ddurand/fotos/41499436.png
2026-08-21 18:43:10,911 INFO photo_manager - Foto movida: /home/ddurand/proyectos/personal/rpaludoplay-app/src/static/images/06645312.png -> /home/ddurand/fotos/06645312.png
2026-08-21 18:43:10,911 INFO photo_manager - Foto movida: /home/ddurand/proyectos/personal/rpaludoplay-app/src/static/images/29591624.png -> /home/ddurand/fotos/29591624.png
2026-08-21 18:43:10,911 INFO photo_manager - Foto movida: /home/ddurand/proyectos/personal/rpaludoplay-app/src/static/images/42270934.png -> /home/ddurand/fotos/42270934.png
2026-08-21 18:43:10,911 INFO photo_manager - Foto movida: /home/ddurand/proyectos/personal/rpaludoplay-app/src/static/images/40745162.png -> /home/ddurand/fotos/40745162.png
2026-08-21 18:43:10,912 INFO photo_manager - Foto movida: /home/ddurand/proyectos/personal/rpaludoplay-app/src/static/images/76011974.png -> /home/ddurand/fotos/76011974.png
2026-08-21 18:43:10,912 INFO photo_manager - Foto movida: /home/ddurand/proyectos/personal/rpaludoplay-app/src/static/images/45836384.png -> /home/ddurand/fotos/45836384.png
2026-08-21 18:43:10,912 INFO photo_manager - Foto movida: /home/ddurand/proyectos/personal/rpaludoplay-app/src/static/images/09635007.png -> /home/ddurand/fotos/09635007.png
2026-08-21 18:43:10,913 INFO photo_manager - Foto movida: /home/ddurand/proyectos/personal/rpaludoplay-app/src/static/images/03695850.png -> /home/ddurand/fotos/03695850.png
2026-08-21 18:43:10,913 INFO photo_manager - Foto movida: /home/ddurand/proyectos/personal/rpaludoplay-app/src/static/images/40873042.png -> /home/ddurand/fotos/40873042.png
2026-08-21 18:43:10,913 INFO photo_manager - Foto movida: /home/ddurand/proyectos/personal/rpaludoplay-app/src/static/images/09971818.png -> /home/ddurand/fotos/09971818.png
2026-08-21 18:43:10,914 INFO photo_manager - Foto movida: /home/ddurand/proyectos/personal/rpaludoplay-app/src/static/images/76652004.png -> /home/ddurand/fotos/76652004.png
2026-08-21 18:43:10,914 INFO photo_manager - Foto movida: /home/ddurand/proyectos/personal/rpaludoplay-app/src/static/images/45649478.png -> /home/ddurand/fotos/45649478.png
2026-08-21 18:43:10,914 INFO photo_manager - Foto movida: /home/ddurand/proyectos/personal/rpaludoplay-app/src/static/images/41201408.png -> /home/ddurand/fotos/41201408.png
2026-08-21 18:43:10,915 INFO photo_manager - Foto movida: /home/ddurand/proyectos/personal/rpaludoplay-app/src/static/images/29702515.png -> /home/ddurand/fotos/29702515.png
2026-08-21 18:43:10,915 INFO photo_manager - Foto movida: /home/ddurand/proyectos/personal/rpaludoplay-app/src/static/images/25822597.png -> /home/ddurand/fotos/25822597.png
2026-08-21 18:43:10,915 INFO photo_manager - Foto movida: /home/ddurand/proyectos/personal/rpaludoplay-app/src/static/images/47552417.png -> /home/ddurand/fotos/47552417.png
2026-08-21 18:43:10,916 INFO photo_manager - Foto movida: /home/ddurand/proyectos/personal/rpaludoplay-app/src/static/images/06794842.png -> /home/ddurand/fotos/06794842.png
2026-08-21 18:43:10,916 INFO photo_manager - Foto movida: /home/ddurand/proyectos/personal/rpaludoplay-app/src/static/images/22084998.png -> /home/ddurand/fotos/22084998.png
2026-08-21 18:43:10,916 INFO photo_manager - Foto movida: /home/ddurand/proyectos/personal/rpaludoplay-app/src/static/images/42691400.png -> /home/ddurand/fotos/42691400.png
2026-08-21 18:43:10,917 INFO photo_manager - Foto movida: /home/ddurand/proyectos/personal/rpaludoplay-app/src/static/images/79626033.png -> /home/ddurand/fotos/79626033.png
2026-08-21 18:43:10,917 INFO photo_manager - Foto movida: /home/ddurand/proyectos/personal/rpaludoplay-app/src/static/images/40957421.png -> /home/ddurand/fotos/40957421.png
2026-08-21 18:43:10,917 INFO photo_manager - Foto movida: /home/ddurand/proyectos/personal/rpaludoplay-app/src/static/images/48683696.png -> /home/ddurand/fotos/48683696.png
2026-08-21 18:43:10,918 INFO photo_manager - Foto movida: /home/ddurand/proyectos/personal/rpaludoplay-app/src/static/images/10808792.png -> /home/ddurand/fotos/10808792.png
2026-08-21 18:43:10,918 INFO photo_manager - Foto movida: /home/ddurand/proyectos/personal/rpaludoplay-app/src/static/images/40655977.png -> /home/ddurand/fotos/40655977.png
2026-08-21 18:43:10,919 INFO photo_manager - Foto movida: /home/ddurand/proyectos/personal/rpaludoplay-app/src/static/images/08030712.png -> /home/ddurand/fotos/08030712.png
2026-08-21 18:43:10,919 INFO photo_manager - Foto movida: /home/ddurand/proyectos/personal/rpaludoplay-app/src/static/images/43622601.png -> /home/ddurand/fotos/43622601.png
2026-08-21 18:43:10,920 INFO photo_manager - Foto movida: /home/ddurand/proyectos/personal/rpaludoplay-app/src/static/images/80513158.png -> /home/ddurand/fotos/80513158.png
2026-08-21 18:43:10,920 INFO photo_manager - Foto movida: /home/ddurand/proyectos/personal/rpaludoplay-app/src/static/images/41854179.png -> /home/ddurand/fotos/41854179.png
2026-08-21 18:43:10,920 INFO photo_manager - Foto movida: /home/ddurand/proyectos/personal/rpaludoplay-app/src/static/images/45135729.png -> /home/ddurand/fotos/45135729.png
2026-08-21 18:43:10,921 INFO photo_manager - Foto movida: /home/ddurand/proyectos/personal/rpaludoplay-app/src/static/images/26680049.png -> /home/ddurand/fotos/26680049.png
2026-08-21 18:43:10,921 INFO photo_manager - Foto movida: /home/ddurand/proyectos/personal/rpaludoplay-app/src/static/images/40233428.png -> /home/ddurand/fotos/40233428.png
2026-08-21 18:43:10,922 INFO photo_manager - Foto movida: /home/ddurand/proyectos/personal/rpaludoplay-app/src/static/images/76211279.png -> /home/ddurand/fotos/76211279.png
2026-08-21 18:43:10,923 INFO photo_manager - Foto movida: /home/ddurand/proyectos/personal/rpaludoplay-app/src/static/images/42193980.png -> /home/ddurand/fotos/42193980.png
2026-08-21 18:43:10,923 INFO photo_manager - Foto movida: /home/ddurand/proyectos/personal/rpaludoplay-app/src/static/images/25747917.png -> /home/ddurand/fotos/25747917.png
2026-08-21 18:43:10,923 INFO photo_manager - Foto movida: /home/ddurand/proyectos/personal/rpaludoplay-app/src/static/images/41592131.png -> /home/ddurand/fotos/41592131.png
2026-08-21 18:43:10,924 INFO photo_manager - Foto movida: /home/ddurand/proyectos/personal/rpaludoplay-app/src/static/images/73108500.png -> /home/ddurand/fotos/73108500.png
2026-08-21 18:43:10,924 INFO photo_manager - Foto movida: /home/ddurand/proyectos/personal/rpaludoplay-app/src/static/images/41504278.png -> /home/ddurand/fotos/41504278.png
2026-08-21 18:43:10,925 INFO photo_manager - Foto movida: /home/ddurand/proyectos/personal/rpaludoplay-app/src/static/images/73300598.png -> /home/ddurand/fotos/73300598.png
2026-08-21 18:43:10,925 INFO photo_manager - Foto movida: /home/ddurand/proyectos/personal/rpaludoplay-app/src/static/images/10468914.png -> /home/ddurand/fotos/10468914.png
2026-08-21 18:43:10,925 INFO photo_manager - Foto movida: /home/ddurand/proyectos/personal/rpaludoplay-app/src/static/images/46212359.png -> /home/ddurand/fotos/46212359.png
2026-08-21 18:43:10,926 INFO photo_manager - Foto movida: /home/ddurand/proyectos/personal/rpaludoplay-app/src/static/images/41185196.png -> /home/ddurand/fotos/41185196.png
2026-08-21 18:43:10,926 INFO photo_manager - Foto movida: /home/ddurand/proyectos/personal/rpaludoplay-app/src/static/images/72663006.png -> /home/ddurand/fotos/72663006.png
2026-08-21 18:43:10,926 INFO photo_manager - Foto movida: /home/ddurand/proyectos/personal/rpaludoplay-app/src/static/images/43823112.png -> /home/ddurand/fotos/43823112.png
2026-08-21 18:43:10,926 INFO photo_manager - Foto movida: /home/ddurand/proyectos/personal/rpaludoplay-app/src/static/images/76453095.png -> /home/ddurand/fotos/76453095.png
2026-08-21 18:43:10,927 INFO photo_manager - Foto movida: /home/ddurand/proyectos/personal/rpaludoplay-app/src/static/images/46498177.png -> /home/ddurand/fotos/46498177.png
2026-08-21 18:43:10,927 INFO photo_manager - Foto movida: /home/ddurand/proyectos/personal/rpaludoplay-app/src/static/images/43969742.png -> /home/ddurand/fotos/43969742.png
2026-08-21 18:43:10,927 INFO photo_manager - Foto movida: /home/ddurand/proyectos/personal/rpaludoplay-app/src/static/images/73778976.png -> /home/ddurand/fotos/73778976.png
2026-08-21 18:43:10,928 INFO photo_manager - Foto movida: /home/ddurand/proyectos/personal/rpaludoplay-app/src/static/images/42940065.png -> /home/ddurand/fotos/42940065.png
2026-08-21 18:43:10,928 INFO photo_manager - Foto movida: /home/ddurand/proyectos/personal/rpaludoplay-app/src/static/images/41334622.png -> /home/ddurand/fotos/41334622.png
2026-08-21 18:43:10,928 INFO photo_manager - Foto movida: /home/ddurand/proyectos/personal/rpaludoplay-app/src/static/images/48184102.png -> /home/ddurand/fotos/48184102.png
2026-08-21 18:43:10,929 INFO photo_manager - Foto movida: /home/ddurand/proyectos/personal/rpaludoplay-app/src/static/images/24695464.png -> /home/ddurand/fotos/24695464.png
2026-08-21 18:43:10,929 INFO photo_manager - Foto movida: /home/ddurand/proyectos/personal/rpaludoplay-app/src/static/images/10798979.png -> /home/ddurand/fotos/10798979.png
2026-08-21 18:43:10,929 INFO photo_manager - Foto movida: /home/ddurand/proyectos/personal/rpaludoplay-app/src/static/images/45134674.png -> /home/ddurand/fotos/45134674.png
2026-08-21 18:43:10,930 INFO photo_manager - Foto movida: /home/ddurand/proyectos/personal/rpaludoplay-app/src/static/images/33655812.png -> /home/ddurand/fotos/33655812.png
2026-08-21 18:43:10,930 INFO photo_manager - Foto movida: /home/ddurand/proyectos/personal/rpaludoplay-app/src/static/images/44223731.png -> /home/ddurand/fotos/44223731.png
2026-08-21 18:43:10,930 INFO photo_manager - Foto movida: /home/ddurand/proyectos/personal/rpaludoplay-app/src/static/images/41794649.png -> /home/ddurand/fotos/41794649.png
2026-08-21 18:43:10,930 INFO photo_manager - Foto movida: /home/ddurand/proyectos/personal/rpaludoplay-app/src/static/images/40230562.png -> /home/ddurand/fotos/40230562.png
2026-08-21 18:43:10,931 INFO photo_manager - Foto movida: /home/ddurand/proyectos/personal/rpaludoplay-app/src/static/images/46265544.png -> /home/ddurand/fotos/46265544.png
2026-08-21 18:43:10,931 INFO photo_manager - Foto movida: /home/ddurand/proyectos/personal/rpaludoplay-app/src/static/images/09860151.png -> /home/ddurand/fotos/09860151.png
2026-08-21 18:43:10,931 INFO photo_manager - Foto movida: /home/ddurand/proyectos/personal/rpaludoplay-app/src/static/images/25811614.png -> /home/ddurand/fotos/25811614.png
2026-08-21 18:43:10,932 INFO photo_manager - Foto movida: /home/ddurand/proyectos/personal/rpaludoplay-app/src/static/images/29719188.png -> /home/ddurand/fotos/29719188.png
2026-08-21 18:43:10,932 INFO photo_manager - Foto movida: /home/ddurand/proyectos/personal/rpaludoplay-app/src/static/images/74488982.png -> /home/ddurand/fotos/74488982.png
2026-08-21 18:43:10,932 INFO photo_manager - Foto movida: /home/ddurand/proyectos/personal/rpaludoplay-app/src/static/images/44192820.png -> /home/ddurand/fotos/44192820.png
2026-08-21 18:43:10,932 INFO photo_manager - Foto movida: /home/ddurand/proyectos/personal/rpaludoplay-app/src/static/images/25741393.png -> /home/ddurand/fotos/25741393.png
2026-08-21 18:43:10,933 INFO photo_manager - Foto movida: /home/ddurand/proyectos/personal/rpaludoplay-app/src/static/images/07618453.png -> /home/ddurand/fotos/07618453.png
2026-08-21 18:43:10,933 INFO photo_manager - Foto movida: /home/ddurand/proyectos/personal/rpaludoplay-app/src/static/images/46462226.png -> /home/ddurand/fotos/46462226.png
2026-08-21 18:43:10,933 INFO photo_manager - Foto movida: /home/ddurand/proyectos/personal/rpaludoplay-app/src/static/images/42662824.png -> /home/ddurand/fotos/42662824.png
2026-08-21 18:43:10,934 INFO photo_manager - Foto movida: /home/ddurand/proyectos/personal/rpaludoplay-app/src/static/images/09712997.png -> /home/ddurand/fotos/09712997.png
2026-08-21 18:43:10,934 INFO photo_manager - Foto movida: /home/ddurand/proyectos/personal/rpaludoplay-app/src/static/images/06173102.png -> /home/ddurand/fotos/06173102.png
2026-08-21 18:43:10,934 INFO photo_manager - Foto movida: /home/ddurand/proyectos/personal/rpaludoplay-app/src/static/images/41357659.png -> /home/ddurand/fotos/41357659.png
2026-08-21 18:43:10,935 INFO photo_manager - Foto movida: /home/ddurand/proyectos/personal/rpaludoplay-app/src/static/images/10436876.png -> /home/ddurand/fotos/10436876.png
2026-08-21 18:43:10,935 INFO photo_manager - Foto movida: /home/ddurand/proyectos/personal/rpaludoplay-app/src/static/images/41483737.png -> /home/ddurand/fotos/41483737.png
2026-08-21 18:43:10,935 INFO photo_manager - Foto movida: /home/ddurand/proyectos/personal/rpaludoplay-app/src/static/images/46329519.png -> /home/ddurand/fotos/46329519.png
2026-08-21 18:43:10,935 INFO photo_manager - Foto movida: /home/ddurand/proyectos/personal/rpaludoplay-app/src/static/images/71281306.png -> /home/ddurand/fotos/71281306.png
2026-08-21 18:43:10,936 INFO photo_manager - Foto movida: /home/ddurand/proyectos/personal/rpaludoplay-app/src/static/images/09378114.png -> /home/ddurand/fotos/09378114.png
2026-08-21 18:43:10,936 INFO photo_manager - Foto movida: /home/ddurand/proyectos/personal/rpaludoplay-app/src/static/images/44582594.png -> /home/ddurand/fotos/44582594.png
2026-08-21 18:43:10,936 INFO photo_manager - Foto movida: /home/ddurand/proyectos/personal/rpaludoplay-app/src/static/images/01777233.png -> /home/ddurand/fotos/01777233.png
2026-08-21 18:43:10,937 INFO photo_manager - Foto movida: /home/ddurand/proyectos/personal/rpaludoplay-app/src/static/images/10248732.png -> /home/ddurand/fotos/10248732.png
2026-08-21 18:43:10,937 INFO photo_manager - Foto movida: /home/ddurand/proyectos/personal/rpaludoplay-app/src/static/images/26701769.png -> /home/ddurand/fotos/26701769.png
2026-08-21 18:43:10,937 INFO photo_manager - Foto movida: /home/ddurand/proyectos/personal/rpaludoplay-app/src/static/images/07204899.png -> /home/ddurand/fotos/07204899.png
2026-08-21 18:43:10,937 INFO photo_manager - Foto movida: /home/ddurand/proyectos/personal/rpaludoplay-app/src/static/images/43509254.png -> /home/ddurand/fotos/43509254.png
2026-08-21 18:43:10,938 INFO photo_manager - Foto movida: /home/ddurand/proyectos/personal/rpaludoplay-app/src/static/images/45337286.png -> /home/ddurand/fotos/45337286.png
2026-08-21 18:43:10,938 INFO photo_manager - Foto movida: /home/ddurand/proyectos/personal/rpaludoplay-app/src/static/images/43708737.png -> /home/ddurand/fotos/43708737.png
2026-08-21 18:43:10,938 INFO photo_manager - Foto movida: /home/ddurand/proyectos/personal/rpaludoplay-app/src/static/images/41855889.png -> /home/ddurand/fotos/41855889.png
2026-08-21 18:43:10,938 INFO photo_manager - Foto movida: /home/ddurand/proyectos/personal/rpaludoplay-app/src/static/images/41814230.png -> /home/ddurand/fotos/41814230.png
2026-08-21 18:43:10,939 INFO photo_manager - Foto movida: /home/ddurand/proyectos/personal/rpaludoplay-app/src/static/images/000077812.png -> /home/ddurand/fotos/000077812.png
2026-08-21 18:43:10,939 INFO photo_manager - Foto movida: /home/ddurand/proyectos/personal/rpaludoplay-app/src/static/images/72624713.png -> /home/ddurand/fotos/72624713.png
2026-08-21 18:43:10,939 INFO photo_manager - Foto movida: /home/ddurand/proyectos/personal/rpaludoplay-app/src/static/images/42560116.png -> /home/ddurand/fotos/42560116.png
2026-08-21 18:43:10,939 INFO photo_manager - Foto movida: /home/ddurand/proyectos/personal/rpaludoplay-app/src/static/images/07970933.png -> /home/ddurand/fotos/07970933.png
2026-08-21 18:43:10,940 INFO photo_manager - Foto movida: /home/ddurand/proyectos/personal/rpaludoplay-app/src/static/images/45501153.png -> /home/ddurand/fotos/45501153.png
2026-08-21 18:43:10,940 INFO photo_manager - Foto movida: /home/ddurand/proyectos/personal/rpaludoplay-app/src/static/images/43137870.png -> /home/ddurand/fotos/43137870.png
2026-08-21 18:43:10,940 INFO photo_manager - Foto movida: /home/ddurand/proyectos/personal/rpaludoplay-app/src/static/images/80571431.png -> /home/ddurand/fotos/80571431.png
2026-08-21 18:43:10,940 INFO photo_manager - Foto movida: /home/ddurand/proyectos/personal/rpaludoplay-app/src/static/images/29331299.png -> /home/ddurand/fotos/29331299.png
2026-08-21 18:43:10,940 INFO photo_manager - Foto movida: /home/ddurand/proyectos/personal/rpaludoplay-app/src/static/images/10417178.png -> /home/ddurand/fotos/10417178.png
2026-08-21 18:43:10,941 INFO photo_manager - Foto movida: /home/ddurand/proyectos/personal/rpaludoplay-app/src/static/images/76662182.png -> /home/ddurand/fotos/76662182.png
2026-08-21 18:43:10,941 INFO photo_manager - Foto movida: /home/ddurand/proyectos/personal/rpaludoplay-app/src/static/images/71854477.png -> /home/ddurand/fotos/71854477.png
2026-08-21 18:43:10,941 INFO photo_manager - Foto movida: /home/ddurand/proyectos/personal/rpaludoplay-app/src/static/images/22065764.png -> /home/ddurand/fotos/22065764.png
2026-08-21 18:43:10,942 INFO photo_manager - Foto movida: /home/ddurand/proyectos/personal/rpaludoplay-app/src/static/images/77381712.png -> /home/ddurand/fotos/77381712.png
2026-08-21 18:43:10,942 INFO photo_manager - Foto movida: /home/ddurand/proyectos/personal/rpaludoplay-app/src/static/images/46417845.png -> /home/ddurand/fotos/46417845.png
2026-08-21 18:43:10,942 INFO photo_manager - Foto movida: /home/ddurand/proyectos/personal/rpaludoplay-app/src/static/images/71772924.png -> /home/ddurand/fotos/71772924.png
2026-08-21 18:43:10,943 INFO photo_manager - Foto movida: /home/ddurand/proyectos/personal/rpaludoplay-app/src/static/images/43889900.png -> /home/ddurand/fotos/43889900.png
2026-08-21 18:43:10,943 INFO photo_manager - Foto movida: /home/ddurand/proyectos/personal/rpaludoplay-app/src/static/images/09455768.png -> /home/ddurand/fotos/09455768.png
2026-08-21 18:43:10,943 INFO photo_manager - Foto movida: /home/ddurand/proyectos/personal/rpaludoplay-app/src/static/images/000223916.png -> /home/ddurand/fotos/000223916.png
2026-08-21 18:43:10,944 INFO photo_manager - Foto movida: /home/ddurand/proyectos/personal/rpaludoplay-app/src/static/images/001764260.png -> /home/ddurand/fotos/001764260.png
2026-08-21 18:43:10,944 INFO photo_manager - Foto movida: /home/ddurand/proyectos/personal/rpaludoplay-app/src/static/images/002315047.png -> /home/ddurand/fotos/002315047.png
2026-08-21 18:43:10,944 INFO photo_manager - Foto movida: /home/ddurand/proyectos/personal/rpaludoplay-app/src/static/images/73482701.png -> /home/ddurand/fotos/73482701.png
2026-08-21 18:43:10,945 INFO photo_manager - Foto movida: /home/ddurand/proyectos/personal/rpaludoplay-app/src/static/images/001506918.png -> /home/ddurand/fotos/001506918.png
2026-08-21 18:43:10,945 INFO photo_manager - Foto movida: /home/ddurand/proyectos/personal/rpaludoplay-app/src/static/images/76858854.png -> /home/ddurand/fotos/76858854.png
2026-08-21 18:43:10,945 INFO photo_manager - Foto movida: /home/ddurand/proyectos/personal/rpaludoplay-app/src/static/images/71712221.png -> /home/ddurand/fotos/71712221.png
2026-08-21 18:43:10,946 INFO photo_manager - Foto movida: /home/ddurand/proyectos/personal/rpaludoplay-app/src/static/images/23981838.png -> /home/ddurand/fotos/23981838.png
2026-08-21 18:43:10,946 INFO photo_manager - Foto movida: /home/ddurand/proyectos/personal/rpaludoplay-app/src/static/images/45859851.png -> /home/ddurand/fotos/45859851.png
2026-08-21 18:43:10,947 INFO photo_manager - Foto movida: /home/ddurand/proyectos/personal/rpaludoplay-app/src/static/images/72324789.png -> /home/ddurand/fotos/72324789.png
2026-08-21 18:43:10,947 INFO photo_manager - Foto movida: /home/ddurand/proyectos/personal/rpaludoplay-app/src/static/images/45348109.png -> /home/ddurand/fotos/45348109.png
2026-08-21 18:43:10,947 INFO photo_manager - Foto movida: /home/ddurand/proyectos/personal/rpaludoplay-app/src/static/images/42757759.png -> /home/ddurand/fotos/42757759.png
2026-08-21 18:43:10,948 INFO photo_manager - Foto movida: /home/ddurand/proyectos/personal/rpaludoplay-app/src/static/images/30676972.png -> /home/ddurand/fotos/30676972.png
2026-08-21 18:43:10,948 INFO photo_manager - Foto movida: /home/ddurand/proyectos/personal/rpaludoplay-app/src/static/images/44910870.png -> /home/ddurand/fotos/44910870.png
2026-08-21 18:43:10,948 INFO photo_manager - Foto movida: /home/ddurand/proyectos/personal/rpaludoplay-app/src/static/images/25757233.png -> /home/ddurand/fotos/25757233.png
2026-08-21 18:43:10,949 INFO photo_manager - Foto movida: /home/ddurand/proyectos/personal/rpaludoplay-app/src/static/images/09689525.png -> /home/ddurand/fotos/09689525.png
2026-08-21 18:43:10,949 INFO photo_manager - Foto movida: /home/ddurand/proyectos/personal/rpaludoplay-app/src/static/images/40150547.png -> /home/ddurand/fotos/40150547.png
2026-08-21 18:43:10,949 INFO photo_manager - Foto movida: /home/ddurand/proyectos/personal/rpaludoplay-app/src/static/images/02064156.png -> /home/ddurand/fotos/02064156.png
2026-08-21 18:43:10,950 INFO photo_manager - Foto movida: /home/ddurand/proyectos/personal/rpaludoplay-app/src/static/images/07765146.png -> /home/ddurand/fotos/07765146.png
2026-08-21 18:43:10,950 INFO photo_manager - Foto movida: /home/ddurand/proyectos/personal/rpaludoplay-app/src/static/images/41654461.png -> /home/ddurand/fotos/41654461.png
2026-08-21 18:43:10,950 INFO photo_manager - Foto movida: /home/ddurand/proyectos/personal/rpaludoplay-app/src/static/images/74078168.png -> /home/ddurand/fotos/74078168.png
2026-08-21 18:43:10,951 INFO photo_manager - Foto movida: /home/ddurand/proyectos/personal/rpaludoplay-app/src/static/images/06776072.png -> /home/ddurand/fotos/06776072.png
2026-08-21 18:43:10,951 INFO photo_manager - Foto movida: /home/ddurand/proyectos/personal/rpaludoplay-app/src/static/images/10691496.png -> /home/ddurand/fotos/10691496.png
2026-08-21 18:43:10,951 INFO photo_manager - Foto movida: /home/ddurand/proyectos/personal/rpaludoplay-app/src/static/images/08743826.png -> /home/ddurand/fotos/08743826.png
2026-08-21 18:43:10,952 INFO photo_manager - Foto movida: /home/ddurand/proyectos/personal/rpaludoplay-app/src/static/images/74153781.png -> /home/ddurand/fotos/74153781.png
2026-08-21 18:43:10,952 INFO photo_manager - Foto movida: /home/ddurand/proyectos/personal/rpaludoplay-app/src/static/images/70757601.png -> /home/ddurand/fotos/70757601.png
2026-08-21 18:43:10,952 INFO photo_manager - Foto movida: /home/ddurand/proyectos/personal/rpaludoplay-app/src/static/images/42725333.png -> /home/ddurand/fotos/42725333.png
2026-08-21 18:43:10,953 INFO photo_manager - Foto movida: /home/ddurand/proyectos/personal/rpaludoplay-app/src/static/images/70016444.png -> /home/ddurand/fotos/70016444.png
2026-08-21 18:43:10,953 INFO photo_manager - Foto movida: /home/ddurand/proyectos/personal/rpaludoplay-app/src/static/images/70514257.png -> /home/ddurand/fotos/70514257.png
2026-08-21 18:43:10,954 INFO photo_manager - Foto movida: /home/ddurand/proyectos/personal/rpaludoplay-app/src/static/images/76349118.png -> /home/ddurand/fotos/76349118.png
2026-08-21 18:43:10,954 INFO photo_manager - Foto movida: /home/ddurand/proyectos/personal/rpaludoplay-app/src/static/images/77208192.png -> /home/ddurand/fotos/77208192.png
2026-08-21 18:43:10,954 INFO photo_manager - Foto movida: /home/ddurand/proyectos/personal/rpaludoplay-app/src/static/images/45865530.png -> /home/ddurand/fotos/45865530.png
2026-08-21 18:43:10,955 INFO photo_manager - Foto movida: /home/ddurand/proyectos/personal/rpaludoplay-app/src/static/images/41750903.png -> /home/ddurand/fotos/41750903.png
2026-08-21 18:43:10,955 INFO photo_manager - Foto movida: /home/ddurand/proyectos/personal/rpaludoplay-app/src/static/images/41097407.png -> /home/ddurand/fotos/41097407.png
2026-08-21 18:43:10,955 INFO photo_manager - Foto movida: /home/ddurand/proyectos/personal/rpaludoplay-app/src/static/images/42114868.png -> /home/ddurand/fotos/42114868.png
2026-08-21 18:43:10,956 INFO photo_manager - Foto movida: /home/ddurand/proyectos/personal/rpaludoplay-app/src/static/images/10542324.png -> /home/ddurand/fotos/10542324.png
2026-08-21 18:43:10,956 INFO photo_manager - Foto movida: /home/ddurand/proyectos/personal/rpaludoplay-app/src/static/images/08295763.png -> /home/ddurand/fotos/08295763.png
2026-08-21 18:43:10,956 INFO photo_manager - Foto movida: /home/ddurand/proyectos/personal/rpaludoplay-app/src/static/images/45160023.png -> /home/ddurand/fotos/45160023.png
2026-08-21 18:43:10,957 INFO photo_manager - Foto movida: /home/ddurand/proyectos/personal/rpaludoplay-app/src/static/images/41209163.png -> /home/ddurand/fotos/41209163.png
2026-08-21 18:43:10,957 INFO photo_manager - Foto movida: /home/ddurand/proyectos/personal/rpaludoplay-app/src/static/images/41625486.png -> /home/ddurand/fotos/41625486.png
2026-08-21 18:43:10,958 INFO photo_manager - Foto movida: /home/ddurand/proyectos/personal/rpaludoplay-app/src/static/images/06960439.png -> /home/ddurand/fotos/06960439.png
2026-08-21 18:43:10,958 INFO photo_manager - Foto movida: /home/ddurand/proyectos/personal/rpaludoplay-app/src/static/images/42895875.png -> /home/ddurand/fotos/42895875.png
2026-08-21 18:43:10,959 INFO photo_manager - Foto movida: /home/ddurand/proyectos/personal/rpaludoplay-app/src/static/images/09954354.png -> /home/ddurand/fotos/09954354.png
2026-08-21 18:43:10,959 INFO photo_manager - Foto movida: /home/ddurand/proyectos/personal/rpaludoplay-app/src/static/images/47810684.png -> /home/ddurand/fotos/47810684.png
2026-08-21 18:43:10,960 INFO photo_manager - Foto movida: /home/ddurand/proyectos/personal/rpaludoplay-app/src/static/images/29407619.png -> /home/ddurand/fotos/29407619.png
2026-08-21 18:43:10,960 INFO photo_manager - Foto movida: /home/ddurand/proyectos/personal/rpaludoplay-app/src/static/images/16665130.png -> /home/ddurand/fotos/16665130.png
2026-08-21 18:43:10,960 INFO photo_manager - Foto movida: /home/ddurand/proyectos/personal/rpaludoplay-app/src/static/images/43220595.png -> /home/ddurand/fotos/43220595.png
2026-08-21 18:43:10,961 INFO photo_manager - Foto movida: /home/ddurand/proyectos/personal/rpaludoplay-app/src/static/images/00444594.png -> /home/ddurand/fotos/00444594.png
2026-08-21 18:43:10,961 INFO photo_manager - Foto movida: /home/ddurand/proyectos/personal/rpaludoplay-app/src/static/images/76252291.png -> /home/ddurand/fotos/76252291.png
2026-08-21 18:43:10,961 INFO photo_manager - Foto movida: /home/ddurand/proyectos/personal/rpaludoplay-app/src/static/images/70459828.png -> /home/ddurand/fotos/70459828.png
2026-08-21 18:43:10,961 INFO photo_manager - Foto movida: /home/ddurand/proyectos/personal/rpaludoplay-app/src/static/images/75388271.png -> /home/ddurand/fotos/75388271.png
2026-08-21 18:43:10,962 INFO photo_manager - Foto movida: /home/ddurand/proyectos/personal/rpaludoplay-app/src/static/images/29635226.png -> /home/ddurand/fotos/29635226.png
2026-08-21 18:43:10,962 INFO photo_manager - Foto movida: /home/ddurand/proyectos/personal/rpaludoplay-app/src/static/images/46660450.png -> /home/ddurand/fotos/46660450.png
2026-08-21 18:43:10,962 INFO photo_manager - Foto movida: /home/ddurand/proyectos/personal/rpaludoplay-app/src/static/images/07702733.png -> /home/ddurand/fotos/07702733.png
2026-08-21 18:43:10,963 INFO photo_manager - Foto movida: /home/ddurand/proyectos/personal/rpaludoplay-app/src/static/images/00505961.png -> /home/ddurand/fotos/00505961.png
2026-08-21 18:43:10,963 INFO photo_manager - Foto movida: /home/ddurand/proyectos/personal/rpaludoplay-app/src/static/images/24000394.png -> /home/ddurand/fotos/24000394.png
2026-08-21 18:43:10,963 INFO photo_manager - Foto movida: /home/ddurand/proyectos/personal/rpaludoplay-app/src/static/images/42415423.png -> /home/ddurand/fotos/42415423.png
2026-08-21 18:43:10,963 INFO photo_manager - Foto movida: /home/ddurand/proyectos/personal/rpaludoplay-app/src/static/images/41999807.png -> /home/ddurand/fotos/41999807.png
2026-08-21 18:43:10,964 INFO photo_manager - Foto movida: /home/ddurand/proyectos/personal/rpaludoplay-app/src/static/images/10688391.png -> /home/ddurand/fotos/10688391.png
2026-08-21 18:43:10,964 INFO photo_manager - Foto movida: /home/ddurand/proyectos/personal/rpaludoplay-app/src/static/images/72780369.png -> /home/ddurand/fotos/72780369.png
2026-08-21 18:43:10,964 INFO photo_manager - Foto movida: /home/ddurand/proyectos/personal/rpaludoplay-app/src/static/images/10137469.png -> /home/ddurand/fotos/10137469.png
2026-08-21 18:43:10,965 INFO photo_manager - Foto movida: /home/ddurand/proyectos/personal/rpaludoplay-app/src/static/images/10708271.png -> /home/ddurand/fotos/10708271.png
2026-08-21 18:43:10,965 INFO photo_manager - Foto movida: /home/ddurand/proyectos/personal/rpaludoplay-app/src/static/images/47246065.png -> /home/ddurand/fotos/47246065.png
2026-08-21 18:43:10,965 INFO photo_manager - Foto movida: /home/ddurand/proyectos/personal/rpaludoplay-app/src/static/images/08840160.png -> /home/ddurand/fotos/08840160.png
2026-08-21 18:43:10,965 INFO photo_manager - Foto movida: /home/ddurand/proyectos/personal/rpaludoplay-app/src/static/images/72524045.png -> /home/ddurand/fotos/72524045.png
2026-08-21 18:43:10,966 INFO photo_manager - Foto movida: /home/ddurand/proyectos/personal/rpaludoplay-app/src/static/images/07442966.png -> /home/ddurand/fotos/07442966.png
2026-08-21 18:43:10,966 INFO photo_manager - Foto movida: /home/ddurand/proyectos/personal/rpaludoplay-app/src/static/images/44494189.png -> /home/ddurand/fotos/44494189.png
2026-08-21 18:43:10,967 INFO photo_manager - Foto movida: /home/ddurand/proyectos/personal/rpaludoplay-app/src/static/images/40495274.png -> /home/ddurand/fotos/40495274.png
2026-08-21 18:43:10,967 INFO photo_manager - Foto movida: /home/ddurand/proyectos/personal/rpaludoplay-app/src/static/images/09083392.png -> /home/ddurand/fotos/09083392.png
2026-08-21 18:43:10,967 INFO photo_manager - Foto movida: /home/ddurand/proyectos/personal/rpaludoplay-app/src/static/images/23945093.png -> /home/ddurand/fotos/23945093.png
2026-08-21 18:43:10,968 INFO photo_manager - Foto movida: /home/ddurand/proyectos/personal/rpaludoplay-app/src/static/images/43004213.png -> /home/ddurand/fotos/43004213.png
2026-08-21 18:43:10,968 INFO photo_manager - Foto movida: /home/ddurand/proyectos/personal/rpaludoplay-app/src/static/images/33569139.png -> /home/ddurand/fotos/33569139.png
2026-08-21 18:43:10,968 INFO photo_manager - Foto movida: /home/ddurand/proyectos/personal/rpaludoplay-app/src/static/images/46426715.png -> /home/ddurand/fotos/46426715.png
2026-08-21 18:43:10,970 INFO photo_manager - Foto movida: /home/ddurand/proyectos/personal/rpaludoplay-app/src/static/images/40838684.png -> /home/ddurand/fotos/40838684.png
2026-08-21 18:43:10,970 INFO photo_manager - Foto movida: /home/ddurand/proyectos/personal/rpaludoplay-app/src/static/images/30856878.png -> /home/ddurand/fotos/30856878.png
2026-08-21 18:43:10,971 INFO photo_manager - Foto movida: /home/ddurand/proyectos/personal/rpaludoplay-app/src/static/images/06783794.png -> /home/ddurand/fotos/06783794.png
2026-08-21 18:43:10,971 INFO photo_manager - Foto movida: /home/ddurand/proyectos/personal/rpaludoplay-app/src/static/images/10031291.png -> /home/ddurand/fotos/10031291.png
2026-08-21 18:43:10,972 INFO photo_manager - Foto movida: /home/ddurand/proyectos/personal/rpaludoplay-app/src/static/images/10029624.png -> /home/ddurand/fotos/10029624.png
2026-08-21 18:43:10,972 INFO photo_manager - Foto movida: /home/ddurand/proyectos/personal/rpaludoplay-app/src/static/images/21136701.png -> /home/ddurand/fotos/21136701.png
2026-08-21 18:43:10,972 INFO photo_manager - Foto movida: /home/ddurand/proyectos/personal/rpaludoplay-app/src/static/images/42149246.png -> /home/ddurand/fotos/42149246.png
2026-08-21 18:43:10,973 INFO photo_manager - Foto movida: /home/ddurand/proyectos/personal/rpaludoplay-app/src/static/images/74130818.png -> /home/ddurand/fotos/74130818.png
2026-08-21 18:43:10,973 INFO photo_manager - Foto movida: /home/ddurand/proyectos/personal/rpaludoplay-app/src/static/images/15761808.png -> /home/ddurand/fotos/15761808.png
2026-08-21 18:43:10,973 INFO photo_manager - Foto movida: /home/ddurand/proyectos/personal/rpaludoplay-app/src/static/images/42903737.png -> /home/ddurand/fotos/42903737.png
2026-08-21 18:43:10,974 INFO photo_manager - Foto movida: /home/ddurand/proyectos/personal/rpaludoplay-app/src/static/images/40379430.png -> /home/ddurand/fotos/40379430.png
2026-08-21 18:43:10,974 INFO photo_manager - Foto movida: /home/ddurand/proyectos/personal/rpaludoplay-app/src/static/images/77069183.png -> /home/ddurand/fotos/77069183.png
2026-08-21 18:43:10,975 INFO photo_manager - Foto movida: /home/ddurand/proyectos/personal/rpaludoplay-app/src/static/images/41280751.png -> /home/ddurand/fotos/41280751.png
2026-08-21 18:43:10,975 INFO photo_manager - Foto movida: /home/ddurand/proyectos/personal/rpaludoplay-app/src/static/images/74533456.png -> /home/ddurand/fotos/74533456.png
2026-08-21 18:43:10,975 INFO photo_manager - Foto movida: /home/ddurand/proyectos/personal/rpaludoplay-app/src/static/images/41594561.png -> /home/ddurand/fotos/41594561.png
2026-08-21 18:43:10,976 INFO photo_manager - Foto movida: /home/ddurand/proyectos/personal/rpaludoplay-app/src/static/images/44718368.png -> /home/ddurand/fotos/44718368.png
2026-08-21 18:43:10,976 INFO photo_manager - Foto movida: /home/ddurand/proyectos/personal/rpaludoplay-app/src/static/images/42042047.png -> /home/ddurand/fotos/42042047.png
2026-08-21 18:43:10,977 INFO photo_manager - Foto movida: /home/ddurand/proyectos/personal/rpaludoplay-app/src/static/images/73060302.png -> /home/ddurand/fotos/73060302.png
2026-08-21 18:43:10,977 INFO photo_manager - Foto movida: /home/ddurand/proyectos/personal/rpaludoplay-app/src/static/images/41632907.png -> /home/ddurand/fotos/41632907.png
2026-08-21 18:43:10,977 INFO photo_manager - Foto movida: /home/ddurand/proyectos/personal/rpaludoplay-app/src/static/images/73007682.png -> /home/ddurand/fotos/73007682.png
2026-08-21 18:43:10,978 INFO photo_manager - Foto movida: /home/ddurand/proyectos/personal/rpaludoplay-app/src/static/images/75021834.png -> /home/ddurand/fotos/75021834.png
2026-08-21 18:43:10,978 INFO photo_manager - Foto movida: /home/ddurand/proyectos/personal/rpaludoplay-app/src/static/images/27057137.png -> /home/ddurand/fotos/27057137.png
2026-08-21 18:43:10,979 INFO photo_manager - Foto movida: /home/ddurand/proyectos/personal/rpaludoplay-app/src/static/images/26707580.png -> /home/ddurand/fotos/26707580.png
2026-08-21 18:43:10,979 INFO photo_manager - Foto movida: /home/ddurand/proyectos/personal/rpaludoplay-app/src/static/images/74713732.png -> /home/ddurand/fotos/74713732.png
2026-08-21 18:43:10,979 INFO photo_manager - Foto movida: /home/ddurand/proyectos/personal/rpaludoplay-app/src/static/images/48045225.png -> /home/ddurand/fotos/48045225.png
2026-08-21 18:43:10,980 INFO photo_manager - Foto movida: /home/ddurand/proyectos/personal/rpaludoplay-app/src/static/images/71127094.png -> /home/ddurand/fotos/71127094.png
2026-08-21 18:43:10,980 INFO photo_manager - Foto movida: /home/ddurand/proyectos/personal/rpaludoplay-app/src/static/images/72491281.png -> /home/ddurand/fotos/72491281.png
2026-08-21 18:43:10,981 INFO photo_manager - Foto movida: /home/ddurand/proyectos/personal/rpaludoplay-app/src/static/images/43331043.png -> /home/ddurand/fotos/43331043.png
2026-08-21 18:43:10,981 INFO photo_manager - Foto movida: /home/ddurand/proyectos/personal/rpaludoplay-app/src/static/images/41956182.png -> /home/ddurand/fotos/41956182.png
2026-08-21 18:43:10,981 INFO photo_manager - Foto movida: /home/ddurand/proyectos/personal/rpaludoplay-app/src/static/images/70691406.png -> /home/ddurand/fotos/70691406.png
2026-08-21 18:43:10,982 INFO photo_manager - Foto movida: /home/ddurand/proyectos/personal/rpaludoplay-app/src/static/images/45219954.png -> /home/ddurand/fotos/45219954.png
2026-08-21 18:43:10,982 INFO photo_manager - Foto movida: /home/ddurand/proyectos/personal/rpaludoplay-app/src/static/images/43574912.png -> /home/ddurand/fotos/43574912.png
2026-08-21 18:43:10,982 INFO photo_manager - Foto movida: /home/ddurand/proyectos/personal/rpaludoplay-app/src/static/images/74664546.png -> /home/ddurand/fotos/74664546.png
2026-08-21 18:43:10,983 INFO photo_manager - Foto movida: /home/ddurand/proyectos/personal/rpaludoplay-app/src/static/images/71852404.png -> /home/ddurand/fotos/71852404.png
2026-08-21 18:43:10,983 INFO photo_manager - Foto movida: /home/ddurand/proyectos/personal/rpaludoplay-app/src/static/images/00436072.png -> /home/ddurand/fotos/00436072.png
2026-08-21 18:43:10,984 INFO photo_manager - Foto movida: /home/ddurand/proyectos/personal/rpaludoplay-app/src/static/images/10810952.png -> /home/ddurand/fotos/10810952.png
2026-08-21 18:43:10,984 INFO photo_manager - Foto movida: /home/ddurand/proyectos/personal/rpaludoplay-app/src/static/images/43798662.png -> /home/ddurand/fotos/43798662.png
2026-08-21 18:43:10,984 INFO photo_manager - Foto movida: /home/ddurand/proyectos/personal/rpaludoplay-app/src/static/images/77381401.png -> /home/ddurand/fotos/77381401.png
2026-08-21 18:43:10,985 INFO photo_manager - Foto movida: /home/ddurand/proyectos/personal/rpaludoplay-app/src/static/images/44690948.png -> /home/ddurand/fotos/44690948.png
2026-08-21 18:43:10,985 INFO photo_manager - Foto movida: /home/ddurand/proyectos/personal/rpaludoplay-app/src/static/images/70308529.png -> /home/ddurand/fotos/70308529.png
2026-08-21 18:43:10,986 INFO photo_manager - Foto movida: /home/ddurand/proyectos/personal/rpaludoplay-app/src/static/images/47276630.png -> /home/ddurand/fotos/47276630.png
2026-08-21 18:43:10,986 INFO photo_manager - Foto movida: /home/ddurand/proyectos/personal/rpaludoplay-app/src/static/images/47265279.png -> /home/ddurand/fotos/47265279.png
2026-08-21 18:43:10,987 INFO photo_manager - Foto movida: /home/ddurand/proyectos/personal/rpaludoplay-app/src/static/images/70762970.png -> /home/ddurand/fotos/70762970.png
2026-08-21 18:43:10,987 INFO photo_manager - Foto movida: /home/ddurand/proyectos/personal/rpaludoplay-app/src/static/images/10320982.png -> /home/ddurand/fotos/10320982.png
2026-08-21 18:43:10,988 INFO photo_manager - Foto movida: /home/ddurand/proyectos/personal/rpaludoplay-app/src/static/images/09132725.png -> /home/ddurand/fotos/09132725.png
2026-08-21 18:43:10,988 INFO photo_manager - Foto movida: /home/ddurand/proyectos/personal/rpaludoplay-app/src/static/images/46569970.png -> /home/ddurand/fotos/46569970.png
2026-08-21 18:43:10,989 INFO photo_manager - Foto movida: /home/ddurand/proyectos/personal/rpaludoplay-app/src/static/images/10084001.png -> /home/ddurand/fotos/10084001.png
2026-08-21 18:43:10,989 INFO photo_manager - Foto movida: /home/ddurand/proyectos/personal/rpaludoplay-app/src/static/images/25790307.png -> /home/ddurand/fotos/25790307.png
2026-08-21 18:43:10,989 INFO photo_manager - Foto movida: /home/ddurand/proyectos/personal/rpaludoplay-app/src/static/images/77063042.png -> /home/ddurand/fotos/77063042.png
2026-08-21 18:43:10,990 INFO photo_manager - Foto movida: /home/ddurand/proyectos/personal/rpaludoplay-app/src/static/images/42902854.png -> /home/ddurand/fotos/42902854.png
2026-08-21 18:43:10,990 INFO photo_manager - Foto movida: /home/ddurand/proyectos/personal/rpaludoplay-app/src/static/images/26705826.png -> /home/ddurand/fotos/26705826.png
2026-08-21 18:43:10,991 INFO photo_manager - Foto movida: /home/ddurand/proyectos/personal/rpaludoplay-app/src/static/images/45850667.png -> /home/ddurand/fotos/45850667.png
2026-08-21 18:43:10,991 INFO photo_manager - Foto movida: /home/ddurand/proyectos/personal/rpaludoplay-app/src/static/images/80322440.png -> /home/ddurand/fotos/80322440.png
2026-08-21 18:43:10,991 INFO photo_manager - Foto movida: /home/ddurand/proyectos/personal/rpaludoplay-app/src/static/images/45319992.png -> /home/ddurand/fotos/45319992.png
2026-08-21 18:43:10,992 INFO photo_manager - Foto movida: /home/ddurand/proyectos/personal/rpaludoplay-app/src/static/images/06890284.png -> /home/ddurand/fotos/06890284.png
2026-08-21 18:43:10,992 INFO photo_manager - Foto movida: /home/ddurand/proyectos/personal/rpaludoplay-app/src/static/images/41721939.png -> /home/ddurand/fotos/41721939.png
2026-08-21 18:43:10,992 INFO photo_manager - Foto movida: /home/ddurand/proyectos/personal/rpaludoplay-app/src/static/images/16765557.png -> /home/ddurand/fotos/16765557.png
2026-08-21 18:43:10,993 INFO photo_manager - Foto movida: /home/ddurand/proyectos/personal/rpaludoplay-app/src/static/images/47517136.png -> /home/ddurand/fotos/47517136.png
2026-08-21 18:43:10,993 INFO photo_manager - Foto movida: /home/ddurand/proyectos/personal/rpaludoplay-app/src/static/images/41947696.png -> /home/ddurand/fotos/41947696.png
2026-08-21 18:43:10,993 INFO photo_manager - Foto movida: /home/ddurand/proyectos/personal/rpaludoplay-app/src/static/images/42248851.png -> /home/ddurand/fotos/42248851.png
2026-08-21 18:43:10,994 INFO photo_manager - Foto movida: /home/ddurand/proyectos/personal/rpaludoplay-app/src/static/images/07502013.png -> /home/ddurand/fotos/07502013.png
2026-08-21 18:43:10,994 INFO photo_manager - Foto movida: /home/ddurand/proyectos/personal/rpaludoplay-app/src/static/images/16682053.png -> /home/ddurand/fotos/16682053.png
2026-08-21 18:43:10,994 INFO photo_manager - Foto movida: /home/ddurand/proyectos/personal/rpaludoplay-app/src/static/images/40855947.png -> /home/ddurand/fotos/40855947.png
2026-08-21 18:43:10,995 INFO photo_manager - Foto movida: /home/ddurand/proyectos/personal/rpaludoplay-app/src/static/images/47911650.png -> /home/ddurand/fotos/47911650.png
2026-08-21 18:43:10,995 INFO photo_manager - Foto movida: /home/ddurand/proyectos/personal/rpaludoplay-app/src/static/images/72847280.png -> /home/ddurand/fotos/72847280.png
2026-08-21 18:43:10,995 INFO photo_manager - Foto movida: /home/ddurand/proyectos/personal/rpaludoplay-app/src/static/images/72534271.png -> /home/ddurand/fotos/72534271.png
2026-08-21 18:43:10,996 INFO photo_manager - Foto movida: /home/ddurand/proyectos/personal/rpaludoplay-app/src/static/images/07297567.png -> /home/ddurand/fotos/07297567.png
2026-08-21 18:43:10,996 INFO photo_manager - Foto movida: /home/ddurand/proyectos/personal/rpaludoplay-app/src/static/images/005227805.png -> /home/ddurand/fotos/005227805.png
2026-08-21 18:43:10,997 INFO photo_manager - Foto movida: /home/ddurand/proyectos/personal/rpaludoplay-app/src/static/images/41649246.png -> /home/ddurand/fotos/41649246.png
2026-08-21 18:43:10,997 INFO photo_manager - Foto movida: /home/ddurand/proyectos/personal/rpaludoplay-app/src/static/images/44422344.png -> /home/ddurand/fotos/44422344.png
2026-08-21 18:43:10,998 INFO photo_manager - Foto movida: /home/ddurand/proyectos/personal/rpaludoplay-app/src/static/images/80304662.png -> /home/ddurand/fotos/80304662.png
2026-08-21 18:43:10,998 INFO photo_manager - Foto movida: /home/ddurand/proyectos/personal/rpaludoplay-app/src/static/images/23992563.png -> /home/ddurand/fotos/23992563.png
2026-08-21 18:43:10,998 INFO photo_manager - Foto movida: /home/ddurand/proyectos/personal/rpaludoplay-app/src/static/images/45913034.png -> /home/ddurand/fotos/45913034.png
2026-08-21 18:43:10,999 INFO photo_manager - Foto movida: /home/ddurand/proyectos/personal/rpaludoplay-app/src/static/images/46288366.png -> /home/ddurand/fotos/46288366.png
2026-08-21 18:43:10,999 INFO photo_manager - Foto movida: /home/ddurand/proyectos/personal/rpaludoplay-app/src/static/images/43403496.png -> /home/ddurand/fotos/43403496.png
2026-08-21 18:43:10,999 INFO photo_manager - Foto movida: /home/ddurand/proyectos/personal/rpaludoplay-app/src/static/images/43283591.png -> /home/ddurand/fotos/43283591.png
2026-08-21 18:43:11,000 INFO photo_manager - Foto movida: /home/ddurand/proyectos/personal/rpaludoplay-app/src/static/images/23950841.png -> /home/ddurand/fotos/23950841.png
2026-08-21 18:43:11,000 INFO photo_manager - Foto movida: /home/ddurand/proyectos/personal/rpaludoplay-app/src/static/images/41700618.png -> /home/ddurand/fotos/41700618.png
2026-08-21 18:43:11,001 INFO photo_manager - Foto movida: /home/ddurand/proyectos/personal/rpaludoplay-app/src/static/images/71729464.png -> /home/ddurand/fotos/71729464.png
2026-08-21 18:43:11,001 INFO photo_manager - Foto movida: /home/ddurand/proyectos/personal/rpaludoplay-app/src/static/images/80218661.png -> /home/ddurand/fotos/80218661.png
2026-08-21 18:43:11,002 INFO photo_manager - Foto movida: /home/ddurand/proyectos/personal/rpaludoplay-app/src/static/images/40685322.png -> /home/ddurand/fotos/40685322.png
2026-08-21 18:43:11,002 INFO photo_manager - Foto movida: /home/ddurand/proyectos/personal/rpaludoplay-app/src/static/images/24706215.png -> /home/ddurand/fotos/24706215.png
2026-08-21 18:43:11,003 INFO photo_manager - Foto movida: /home/ddurand/proyectos/personal/rpaludoplay-app/src/static/images/07766437.png -> /home/ddurand/fotos/07766437.png
2026-08-21 18:43:11,003 INFO photo_manager - Foto movida: /home/ddurand/proyectos/personal/rpaludoplay-app/src/static/images/10352394.png -> /home/ddurand/fotos/10352394.png
2026-08-21 18:43:11,004 INFO photo_manager - Foto movida: /home/ddurand/proyectos/personal/rpaludoplay-app/src/static/images/45633216.png -> /home/ddurand/fotos/45633216.png
2026-08-21 18:43:11,004 INFO photo_manager - Foto movida: /home/ddurand/proyectos/personal/rpaludoplay-app/src/static/images/72247322.png -> /home/ddurand/fotos/72247322.png
2026-08-21 18:43:11,004 INFO photo_manager - Foto movida: /home/ddurand/proyectos/personal/rpaludoplay-app/src/static/images/09611338.png -> /home/ddurand/fotos/09611338.png
2026-08-21 18:43:11,005 INFO photo_manager - Foto movida: /home/ddurand/proyectos/personal/rpaludoplay-app/src/static/images/48557976.png -> /home/ddurand/fotos/48557976.png
2026-08-21 18:43:11,005 INFO photo_manager - Foto movida: /home/ddurand/proyectos/personal/rpaludoplay-app/src/static/images/43306782.png -> /home/ddurand/fotos/43306782.png
2026-08-21 18:43:11,006 INFO photo_manager - Foto movida: /home/ddurand/proyectos/personal/rpaludoplay-app/src/static/images/76045656.png -> /home/ddurand/fotos/76045656.png
2026-08-21 18:43:11,006 INFO photo_manager - Foto movida: /home/ddurand/proyectos/personal/rpaludoplay-app/src/static/images/47805234.png -> /home/ddurand/fotos/47805234.png
2026-08-21 18:43:11,007 INFO photo_manager - Foto movida: /home/ddurand/proyectos/personal/rpaludoplay-app/src/static/images/42670232.png -> /home/ddurand/fotos/42670232.png
2026-08-21 18:43:11,007 INFO photo_manager - Foto movida: /home/ddurand/proyectos/personal/rpaludoplay-app/src/static/images/29397596.png -> /home/ddurand/fotos/29397596.png
2026-08-21 18:43:11,008 INFO photo_manager - Foto movida: /home/ddurand/proyectos/personal/rpaludoplay-app/src/static/images/02830112.png -> /home/ddurand/fotos/02830112.png
2026-08-21 18:43:11,008 INFO photo_manager - Foto movida: /home/ddurand/proyectos/personal/rpaludoplay-app/src/static/images/40038901.png -> /home/ddurand/fotos/40038901.png
2026-08-21 18:43:11,008 INFO photo_manager - Foto movida: /home/ddurand/proyectos/personal/rpaludoplay-app/src/static/images/09548962.png -> /home/ddurand/fotos/09548962.png
2026-08-21 18:43:11,009 INFO photo_manager - Foto movida: /home/ddurand/proyectos/personal/rpaludoplay-app/src/static/images/43669697.png -> /home/ddurand/fotos/43669697.png
2026-08-21 18:43:11,009 INFO photo_manager - Foto movida: /home/ddurand/proyectos/personal/rpaludoplay-app/src/static/images/16785037.png -> /home/ddurand/fotos/16785037.png
2026-08-21 18:43:11,010 INFO photo_manager - Foto movida: /home/ddurand/proyectos/personal/rpaludoplay-app/src/static/images/09865515.png -> /home/ddurand/fotos/09865515.png
2026-08-21 18:43:11,010 INFO photo_manager - Foto movida: /home/ddurand/proyectos/personal/rpaludoplay-app/src/static/images/74305147.png -> /home/ddurand/fotos/74305147.png
2026-08-21 18:43:11,011 INFO photo_manager - Foto movida: /home/ddurand/proyectos/personal/rpaludoplay-app/src/static/images/70870672.png -> /home/ddurand/fotos/70870672.png
2026-08-21 18:43:11,011 INFO photo_manager - Foto movida: /home/ddurand/proyectos/personal/rpaludoplay-app/src/static/images/43306682.png -> /home/ddurand/fotos/43306682.png
2026-08-21 18:43:11,011 INFO photo_manager - Foto movida: /home/ddurand/proyectos/personal/rpaludoplay-app/src/static/images/42533898.png -> /home/ddurand/fotos/42533898.png
2026-08-21 18:43:11,012 INFO photo_manager - Foto movida: /home/ddurand/proyectos/personal/rpaludoplay-app/src/static/images/16569616.png -> /home/ddurand/fotos/16569616.png
2026-08-21 18:43:11,012 INFO photo_manager - Foto movida: /home/ddurand/proyectos/personal/rpaludoplay-app/src/static/images/43393812.png -> /home/ddurand/fotos/43393812.png
2026-08-21 18:43:11,012 INFO photo_manager - Foto movida: /home/ddurand/proyectos/personal/rpaludoplay-app/src/static/images/15616662.png -> /home/ddurand/fotos/15616662.png
2026-08-21 18:43:11,013 INFO photo_manager - Foto movida: /home/ddurand/proyectos/personal/rpaludoplay-app/src/static/images/42992552.png -> /home/ddurand/fotos/42992552.png
2026-08-21 18:43:11,013 INFO photo_manager - Foto movida: /home/ddurand/proyectos/personal/rpaludoplay-app/src/static/images/42342538.png -> /home/ddurand/fotos/42342538.png
2026-08-21 18:43:11,014 INFO photo_manager - Foto movida: /home/ddurand/proyectos/personal/rpaludoplay-app/src/static/images/16591423.png -> /home/ddurand/fotos/16591423.png
2026-08-21 18:43:11,014 INFO photo_manager - Foto movida: /home/ddurand/proyectos/personal/rpaludoplay-app/src/static/images/42519206.png -> /home/ddurand/fotos/42519206.png
2026-08-21 18:43:11,014 INFO photo_manager - Foto movida: /home/ddurand/proyectos/personal/rpaludoplay-app/src/static/images/44899158.png -> /home/ddurand/fotos/44899158.png
2026-08-21 18:43:11,015 INFO photo_manager - Foto movida: /home/ddurand/proyectos/personal/rpaludoplay-app/src/static/images/10752316.png -> /home/ddurand/fotos/10752316.png
2026-08-21 18:43:11,015 INFO photo_manager - Foto movida: /home/ddurand/proyectos/personal/rpaludoplay-app/src/static/images/44844871.png -> /home/ddurand/fotos/44844871.png
2026-08-21 18:43:11,016 INFO photo_manager - Foto movida: /home/ddurand/proyectos/personal/rpaludoplay-app/src/static/images/001984628.png -> /home/ddurand/fotos/001984628.png
2026-08-21 18:43:11,016 INFO photo_manager - Foto movida: /home/ddurand/proyectos/personal/rpaludoplay-app/src/static/images/44482953.png -> /home/ddurand/fotos/44482953.png
2026-08-21 18:43:11,016 INFO photo_manager - Foto movida: /home/ddurand/proyectos/personal/rpaludoplay-app/src/static/images/44197786.png -> /home/ddurand/fotos/44197786.png
2026-08-21 18:43:11,017 INFO photo_manager - Foto movida: /home/ddurand/proyectos/personal/rpaludoplay-app/src/static/images/40077501.png -> /home/ddurand/fotos/40077501.png
2026-08-21 18:43:11,017 INFO photo_manager - Foto movida: /home/ddurand/proyectos/personal/rpaludoplay-app/src/static/images/02774691.png -> /home/ddurand/fotos/02774691.png
2026-08-21 18:43:11,017 INFO photo_manager - Foto movida: /home/ddurand/proyectos/personal/rpaludoplay-app/src/static/images/45761741.png -> /home/ddurand/fotos/45761741.png
2026-08-21 18:43:11,018 INFO photo_manager - Foto movida: /home/ddurand/proyectos/personal/rpaludoplay-app/src/static/images/72422417.png -> /home/ddurand/fotos/72422417.png
2026-08-21 18:43:11,019 INFO photo_manager - Foto movida: /home/ddurand/proyectos/personal/rpaludoplay-app/src/static/images/10621439.png -> /home/ddurand/fotos/10621439.png
2026-08-21 18:43:11,019 INFO photo_manager - Foto movida: /home/ddurand/proyectos/personal/rpaludoplay-app/src/static/images/80202227.png -> /home/ddurand/fotos/80202227.png
2026-08-21 18:43:11,019 INFO photo_manager - Foto movida: /home/ddurand/proyectos/personal/rpaludoplay-app/src/static/images/60687845.png -> /home/ddurand/fotos/60687845.png
2026-08-21 18:43:11,020 INFO photo_manager - Foto movida: /home/ddurand/proyectos/personal/rpaludoplay-app/src/static/images/41387610.png -> /home/ddurand/fotos/41387610.png
2026-08-21 18:43:11,020 INFO photo_manager - Foto movida: /home/ddurand/proyectos/personal/rpaludoplay-app/src/static/images/43777164.png -> /home/ddurand/fotos/43777164.png
2026-08-21 18:43:11,021 INFO photo_manager - Foto movida: /home/ddurand/proyectos/personal/rpaludoplay-app/src/static/images/09850078.png -> /home/ddurand/fotos/09850078.png
2026-08-21 18:43:11,021 INFO photo_manager - Foto movida: /home/ddurand/proyectos/personal/rpaludoplay-app/src/static/images/42939765.png -> /home/ddurand/fotos/42939765.png
2026-08-21 18:43:11,021 INFO photo_manager - Foto movida: /home/ddurand/proyectos/personal/rpaludoplay-app/src/static/images/10305602.png -> /home/ddurand/fotos/10305602.png
2026-08-21 18:43:11,022 INFO photo_manager - Foto movida: /home/ddurand/proyectos/personal/rpaludoplay-app/src/static/images/10527631.png -> /home/ddurand/fotos/10527631.png
2026-08-21 18:43:11,022 INFO photo_manager - Foto movida: /home/ddurand/proyectos/personal/rpaludoplay-app/src/static/images/10772202.png -> /home/ddurand/fotos/10772202.png
2026-08-21 18:43:11,023 INFO photo_manager - Foto movida: /home/ddurand/proyectos/personal/rpaludoplay-app/src/static/images/43917690.png -> /home/ddurand/fotos/43917690.png
2026-08-21 18:43:11,023 INFO photo_manager - Foto movida: /home/ddurand/proyectos/personal/rpaludoplay-app/src/static/images/44043451.png -> /home/ddurand/fotos/44043451.png
2026-08-21 18:43:11,024 INFO photo_manager - Foto movida: /home/ddurand/proyectos/personal/rpaludoplay-app/src/static/images/41208163.png -> /home/ddurand/fotos/41208163.png
2026-08-21 18:43:11,024 INFO photo_manager - Foto movida: /home/ddurand/proyectos/personal/rpaludoplay-app/src/static/images/23984076.png -> /home/ddurand/fotos/23984076.png
2026-08-21 18:43:11,025 INFO photo_manager - Foto movida: /home/ddurand/proyectos/personal/rpaludoplay-app/src/static/images/25680387.png -> /home/ddurand/fotos/25680387.png
2026-08-21 18:43:11,025 INFO photo_manager - Foto movida: /home/ddurand/proyectos/personal/rpaludoplay-app/src/static/images/72733542.png -> /home/ddurand/fotos/72733542.png
2026-08-21 18:43:11,026 INFO photo_manager - Foto movida: /home/ddurand/proyectos/personal/rpaludoplay-app/src/static/images/78289260.png -> /home/ddurand/fotos/78289260.png
2026-08-21 18:43:11,026 INFO photo_manager - Foto movida: /home/ddurand/proyectos/personal/rpaludoplay-app/src/static/images/00466262.png -> /home/ddurand/fotos/00466262.png
2026-08-21 18:43:11,026 INFO photo_manager - Foto movida: /home/ddurand/proyectos/personal/rpaludoplay-app/src/static/images/42658652.png -> /home/ddurand/fotos/42658652.png
2026-08-21 18:43:11,027 INFO photo_manager - Foto movida: /home/ddurand/proyectos/personal/rpaludoplay-app/src/static/images/42515263.png -> /home/ddurand/fotos/42515263.png
2026-08-21 18:43:11,027 INFO photo_manager - Foto movida: /home/ddurand/proyectos/personal/rpaludoplay-app/src/static/images/47519445.png -> /home/ddurand/fotos/47519445.png
2026-08-21 18:43:11,027 INFO photo_manager - Foto movida: /home/ddurand/proyectos/personal/rpaludoplay-app/src/static/images/73076638.png -> /home/ddurand/fotos/73076638.png
2026-08-21 18:43:11,028 INFO photo_manager - Foto movida: /home/ddurand/proyectos/personal/rpaludoplay-app/src/static/images/45752052.png -> /home/ddurand/fotos/45752052.png
2026-08-21 18:43:11,028 INFO photo_manager - Foto movida: /home/ddurand/proyectos/personal/rpaludoplay-app/src/static/images/77467717.png -> /home/ddurand/fotos/77467717.png
2026-08-21 18:43:11,029 INFO photo_manager - Foto movida: /home/ddurand/proyectos/personal/rpaludoplay-app/src/static/images/16759008.png -> /home/ddurand/fotos/16759008.png
2026-08-21 18:43:11,029 INFO photo_manager - Foto movida: /home/ddurand/proyectos/personal/rpaludoplay-app/src/static/images/44261331.png -> /home/ddurand/fotos/44261331.png
2026-08-21 18:43:11,029 INFO photo_manager - Foto movida: /home/ddurand/proyectos/personal/rpaludoplay-app/src/static/images/45254259.png -> /home/ddurand/fotos/45254259.png
2026-08-21 18:43:11,030 INFO photo_manager - Foto movida: /home/ddurand/proyectos/personal/rpaludoplay-app/src/static/images/46229036.png -> /home/ddurand/fotos/46229036.png
2026-08-21 18:43:11,030 INFO photo_manager - Foto movida: /home/ddurand/proyectos/personal/rpaludoplay-app/src/static/images/40234244.png -> /home/ddurand/fotos/40234244.png
2026-08-21 18:43:11,030 INFO photo_manager - Foto movida: /home/ddurand/proyectos/personal/rpaludoplay-app/src/static/images/46435682.png -> /home/ddurand/fotos/46435682.png
2026-08-21 18:43:11,031 INFO photo_manager - Foto movida: /home/ddurand/proyectos/personal/rpaludoplay-app/src/static/images/24703547.png -> /home/ddurand/fotos/24703547.png
2026-08-21 18:43:11,031 INFO photo_manager - Foto movida: /home/ddurand/proyectos/personal/rpaludoplay-app/src/static/images/42379360.png -> /home/ddurand/fotos/42379360.png
2026-08-21 18:43:11,031 INFO photo_manager - Foto movida: /home/ddurand/proyectos/personal/rpaludoplay-app/src/static/images/42014432.png -> /home/ddurand/fotos/42014432.png
2026-08-21 18:43:11,032 INFO photo_manager - Foto movida: /home/ddurand/proyectos/personal/rpaludoplay-app/src/static/images/43255513.png -> /home/ddurand/fotos/43255513.png
2026-08-21 18:43:11,032 INFO photo_manager - Foto movida: /home/ddurand/proyectos/personal/rpaludoplay-app/src/static/images/72963280.png -> /home/ddurand/fotos/72963280.png
2026-08-21 18:43:11,032 INFO photo_manager - Foto movida: /home/ddurand/proyectos/personal/rpaludoplay-app/src/static/images/09747085.png -> /home/ddurand/fotos/09747085.png
2026-08-21 18:43:11,032 INFO photo_manager - Foto movida: /home/ddurand/proyectos/personal/rpaludoplay-app/src/static/images/09637224.png -> /home/ddurand/fotos/09637224.png
2026-08-21 18:43:11,033 INFO photo_manager - Foto movida: /home/ddurand/proyectos/personal/rpaludoplay-app/src/static/images/10095559.png -> /home/ddurand/fotos/10095559.png
2026-08-21 18:43:11,033 INFO photo_manager - Foto movida: /home/ddurand/proyectos/personal/rpaludoplay-app/src/static/images/71458365.png -> /home/ddurand/fotos/71458365.png
2026-08-21 18:43:11,033 INFO photo_manager - Foto movida: /home/ddurand/proyectos/personal/rpaludoplay-app/src/static/images/40058005.png -> /home/ddurand/fotos/40058005.png
2026-08-21 18:43:11,034 INFO photo_manager - Foto movida: /home/ddurand/proyectos/personal/rpaludoplay-app/src/static/images/41142667.png -> /home/ddurand/fotos/41142667.png
2026-08-21 18:43:11,034 INFO photo_manager - Foto movida: /home/ddurand/proyectos/personal/rpaludoplay-app/src/static/images/48233993.png -> /home/ddurand/fotos/48233993.png
2026-08-21 18:43:11,034 INFO photo_manager - Foto movida: /home/ddurand/proyectos/personal/rpaludoplay-app/src/static/images/43498810.png -> /home/ddurand/fotos/43498810.png
2026-08-21 18:43:11,034 INFO photo_manager - Foto movida: /home/ddurand/proyectos/personal/rpaludoplay-app/src/static/images/10294687.png -> /home/ddurand/fotos/10294687.png
2026-08-21 18:43:11,035 INFO photo_manager - Foto movida: /home/ddurand/proyectos/personal/rpaludoplay-app/src/static/images/42381640.png -> /home/ddurand/fotos/42381640.png
2026-08-21 18:43:11,035 INFO photo_manager - Foto movida: /home/ddurand/proyectos/personal/rpaludoplay-app/src/static/images/74063150.png -> /home/ddurand/fotos/74063150.png
2026-08-21 18:43:11,035 INFO photo_manager - Foto movida: /home/ddurand/proyectos/personal/rpaludoplay-app/src/static/images/42566813.png -> /home/ddurand/fotos/42566813.png
2026-08-21 18:43:11,036 INFO photo_manager - Foto movida: /home/ddurand/proyectos/personal/rpaludoplay-app/src/static/images/70521337.png -> /home/ddurand/fotos/70521337.png
2026-08-21 18:43:11,036 INFO photo_manager - Foto movida: /home/ddurand/proyectos/personal/rpaludoplay-app/src/static/images/44888305.png -> /home/ddurand/fotos/44888305.png
2026-08-21 18:43:11,036 INFO photo_manager - Foto movida: /home/ddurand/proyectos/personal/rpaludoplay-app/src/static/images/41250438.png -> /home/ddurand/fotos/41250438.png
2026-08-21 18:43:11,037 INFO photo_manager - Foto movida: /home/ddurand/proyectos/personal/rpaludoplay-app/src/static/images/26703005.png -> /home/ddurand/fotos/26703005.png
2026-08-21 18:43:11,037 INFO photo_manager - Foto movida: /home/ddurand/proyectos/personal/rpaludoplay-app/src/static/images/10683612.png -> /home/ddurand/fotos/10683612.png
2026-08-21 18:43:11,037 INFO photo_manager - Foto movida: /home/ddurand/proyectos/personal/rpaludoplay-app/src/static/images/71778328.png -> /home/ddurand/fotos/71778328.png
2026-08-21 18:43:11,038 INFO photo_manager - Foto movida: /home/ddurand/proyectos/personal/rpaludoplay-app/src/static/images/24365688.png -> /home/ddurand/fotos/24365688.png
2026-08-21 18:43:11,038 INFO photo_manager - Foto movida: /home/ddurand/proyectos/personal/rpaludoplay-app/src/static/images/25851839.png -> /home/ddurand/fotos/25851839.png
2026-08-21 18:43:11,038 INFO photo_manager - Foto movida: /home/ddurand/proyectos/personal/rpaludoplay-app/src/static/images/46161679.png -> /home/ddurand/fotos/46161679.png
2026-08-21 18:43:11,039 INFO photo_manager - Foto movida: /home/ddurand/proyectos/personal/rpaludoplay-app/src/static/images/47719976.png -> /home/ddurand/fotos/47719976.png
2026-08-21 18:43:11,039 INFO photo_manager - Foto movida: /home/ddurand/proyectos/personal/rpaludoplay-app/src/static/images/40833019.png -> /home/ddurand/fotos/40833019.png
2026-08-21 18:43:11,039 INFO photo_manager - Foto movida: /home/ddurand/proyectos/personal/rpaludoplay-app/src/static/images/44097187.png -> /home/ddurand/fotos/44097187.png
2026-08-21 18:43:11,039 INFO photo_manager - Foto movida: /home/ddurand/proyectos/personal/rpaludoplay-app/src/static/images/40714039.png -> /home/ddurand/fotos/40714039.png
2026-08-21 18:43:11,040 INFO photo_manager - Foto movida: /home/ddurand/proyectos/personal/rpaludoplay-app/src/static/images/10545359.png -> /home/ddurand/fotos/10545359.png
2026-08-21 18:43:11,040 INFO photo_manager - Foto movida: /home/ddurand/proyectos/personal/rpaludoplay-app/src/static/images/40465002.png -> /home/ddurand/fotos/40465002.png
2026-08-21 18:43:11,040 INFO photo_manager - Foto movida: /home/ddurand/proyectos/personal/rpaludoplay-app/src/static/images/46809881.png -> /home/ddurand/fotos/46809881.png
2026-08-21 18:43:11,041 INFO photo_manager - Foto movida: /home/ddurand/proyectos/personal/rpaludoplay-app/src/static/images/40232974.png -> /home/ddurand/fotos/40232974.png
2026-08-21 18:43:11,041 INFO photo_manager - Foto movida: /home/ddurand/proyectos/personal/rpaludoplay-app/src/static/images/44458257.png -> /home/ddurand/fotos/44458257.png
2026-08-21 18:43:11,041 INFO photo_manager - Foto movida: /home/ddurand/proyectos/personal/rpaludoplay-app/src/static/images/24373073.png -> /home/ddurand/fotos/24373073.png
2026-08-21 18:43:11,041 INFO photo_manager - Foto movida: /home/ddurand/proyectos/personal/rpaludoplay-app/src/static/images/10455457.png -> /home/ddurand/fotos/10455457.png
2026-08-21 18:43:11,042 INFO photo_manager - Foto movida: /home/ddurand/proyectos/personal/rpaludoplay-app/src/static/images/43106887.png -> /home/ddurand/fotos/43106887.png
2026-08-21 18:43:11,042 INFO photo_manager - Foto movida: /home/ddurand/proyectos/personal/rpaludoplay-app/src/static/images/44647333.png -> /home/ddurand/fotos/44647333.png
2026-08-21 18:43:11,042 INFO photo_manager - Foto movida: /home/ddurand/proyectos/personal/rpaludoplay-app/src/static/images/10405444.png -> /home/ddurand/fotos/10405444.png
2026-08-21 18:43:11,042 INFO photo_manager - Foto movida: /home/ddurand/proyectos/personal/rpaludoplay-app/src/static/images/40363479.png -> /home/ddurand/fotos/40363479.png
2026-08-21 18:43:11,043 INFO photo_manager - Foto movida: /home/ddurand/proyectos/personal/rpaludoplay-app/src/static/images/29413265.png -> /home/ddurand/fotos/29413265.png
2026-08-21 18:43:11,043 INFO photo_manager - Foto movida: /home/ddurand/proyectos/personal/rpaludoplay-app/src/static/images/45682847.png -> /home/ddurand/fotos/45682847.png
2026-08-21 18:43:11,043 INFO photo_manager - Foto movida: /home/ddurand/proyectos/personal/rpaludoplay-app/src/static/images/23937072.png -> /home/ddurand/fotos/23937072.png
2026-08-21 18:43:11,043 INFO photo_manager - Foto movida: /home/ddurand/proyectos/personal/rpaludoplay-app/src/static/images/09259970.png -> /home/ddurand/fotos/09259970.png
2026-08-21 18:43:11,044 INFO photo_manager - Foto movida: /home/ddurand/proyectos/personal/rpaludoplay-app/src/static/images/16022590.png -> /home/ddurand/fotos/16022590.png
2026-08-21 18:43:11,044 INFO photo_manager - Foto movida: /home/ddurand/proyectos/personal/rpaludoplay-app/src/static/images/70810689.png -> /home/ddurand/fotos/70810689.png
2026-08-21 18:43:11,044 INFO photo_manager - Foto movida: /home/ddurand/proyectos/personal/rpaludoplay-app/src/static/images/25310809.png -> /home/ddurand/fotos/25310809.png
2026-08-21 18:43:11,044 INFO photo_manager - Foto movida: /home/ddurand/proyectos/personal/rpaludoplay-app/src/static/images/002473100.png -> /home/ddurand/fotos/002473100.png
2026-08-21 18:43:11,045 INFO photo_manager - Foto movida: /home/ddurand/proyectos/personal/rpaludoplay-app/src/static/images/43173706.png -> /home/ddurand/fotos/43173706.png
2026-08-21 18:43:11,045 INFO photo_manager - Foto movida: /home/ddurand/proyectos/personal/rpaludoplay-app/src/static/images/41976438.png -> /home/ddurand/fotos/41976438.png
2026-08-21 18:43:11,045 INFO photo_manager - Foto movida: /home/ddurand/proyectos/personal/rpaludoplay-app/src/static/images/70472413.png -> /home/ddurand/fotos/70472413.png
2026-08-21 18:43:11,046 INFO photo_manager - Foto movida: /home/ddurand/proyectos/personal/rpaludoplay-app/src/static/images/42550672.png -> /home/ddurand/fotos/42550672.png
2026-08-21 18:43:11,046 INFO photo_manager - Foto movida: /home/ddurand/proyectos/personal/rpaludoplay-app/src/static/images/44742813.png -> /home/ddurand/fotos/44742813.png
2026-08-21 18:43:11,046 INFO photo_manager - Foto movida: /home/ddurand/proyectos/personal/rpaludoplay-app/src/static/images/42259418.png -> /home/ddurand/fotos/42259418.png
2026-08-21 18:43:11,046 INFO photo_manager - Foto movida: /home/ddurand/proyectos/personal/rpaludoplay-app/src/static/images/41077742.png -> /home/ddurand/fotos/41077742.png
2026-08-21 18:43:11,047 INFO photo_manager - Foto movida: /home/ddurand/proyectos/personal/rpaludoplay-app/src/static/images/43297519.png -> /home/ddurand/fotos/43297519.png
2026-08-21 18:43:11,047 INFO photo_manager - Foto movida: /home/ddurand/proyectos/personal/rpaludoplay-app/src/static/images/07511529.png -> /home/ddurand/fotos/07511529.png
2026-08-21 18:43:11,047 INFO photo_manager - Foto movida: /home/ddurand/proyectos/personal/rpaludoplay-app/src/static/images/16693831.png -> /home/ddurand/fotos/16693831.png
2026-08-21 18:43:11,047 INFO photo_manager - Foto movida: /home/ddurand/proyectos/personal/rpaludoplay-app/src/static/images/71858231.png -> /home/ddurand/fotos/71858231.png
2026-08-21 18:43:11,047 INFO photo_manager - Foto movida: /home/ddurand/proyectos/personal/rpaludoplay-app/src/static/images/42480862.png -> /home/ddurand/fotos/42480862.png
2026-08-21 18:43:11,048 INFO photo_manager - Foto movida: /home/ddurand/proyectos/personal/rpaludoplay-app/src/static/images/42741740.png -> /home/ddurand/fotos/42741740.png
2026-08-21 18:43:11,048 INFO photo_manager - Foto movida: /home/ddurand/proyectos/personal/rpaludoplay-app/src/static/images/44146301.png -> /home/ddurand/fotos/44146301.png
2026-08-21 18:43:11,048 INFO photo_manager - Foto movida: /home/ddurand/proyectos/personal/rpaludoplay-app/src/static/images/16716865.png -> /home/ddurand/fotos/16716865.png
2026-08-21 18:43:11,048 INFO photo_manager - Foto movida: /home/ddurand/proyectos/personal/rpaludoplay-app/src/static/images/73278122.png -> /home/ddurand/fotos/73278122.png
2026-08-21 18:43:11,049 INFO photo_manager - Foto movida: /home/ddurand/proyectos/personal/rpaludoplay-app/src/static/images/41342014.png -> /home/ddurand/fotos/41342014.png
2026-08-21 18:43:11,049 INFO photo_manager - Foto movida: /home/ddurand/proyectos/personal/rpaludoplay-app/src/static/images/45427955.png -> /home/ddurand/fotos/45427955.png
2026-08-21 18:43:11,050 INFO photo_manager - Foto movida: /home/ddurand/proyectos/personal/rpaludoplay-app/src/static/images/10686605.png -> /home/ddurand/fotos/10686605.png
2026-08-21 18:43:11,050 INFO photo_manager - Foto movida: /home/ddurand/proyectos/personal/rpaludoplay-app/src/static/images/16444264.png -> /home/ddurand/fotos/16444264.png
2026-08-21 18:43:11,051 INFO photo_manager - Foto movida: /home/ddurand/proyectos/personal/rpaludoplay-app/src/static/images/09646153.png -> /home/ddurand/fotos/09646153.png
2026-08-21 18:43:11,051 INFO photo_manager - Foto movida: /home/ddurand/proyectos/personal/rpaludoplay-app/src/static/images/07492300.png -> /home/ddurand/fotos/07492300.png
2026-08-21 18:43:11,052 INFO photo_manager - Foto movida: /home/ddurand/proyectos/personal/rpaludoplay-app/src/static/images/07850872.png -> /home/ddurand/fotos/07850872.png
2026-08-21 18:43:11,052 INFO photo_manager - Foto movida: /home/ddurand/proyectos/personal/rpaludoplay-app/src/static/images/25521553.png -> /home/ddurand/fotos/25521553.png
2026-08-21 18:43:11,052 INFO photo_manager - Foto movida: /home/ddurand/proyectos/personal/rpaludoplay-app/src/static/images/44942558.png -> /home/ddurand/fotos/44942558.png
2026-08-21 18:43:11,052 INFO photo_manager - Foto movida: /home/ddurand/proyectos/personal/rpaludoplay-app/src/static/images/02824074.png -> /home/ddurand/fotos/02824074.png
2026-08-21 18:43:11,053 INFO photo_manager - Foto movida: /home/ddurand/proyectos/personal/rpaludoplay-app/src/static/images/45539715.png -> /home/ddurand/fotos/45539715.png
2026-08-21 18:43:11,053 INFO photo_manager - Foto movida: /home/ddurand/proyectos/personal/rpaludoplay-app/src/static/images/29553589.png -> /home/ddurand/fotos/29553589.png
2026-08-21 18:43:11,053 INFO photo_manager - Foto movida: /home/ddurand/proyectos/personal/rpaludoplay-app/src/static/images/42855280.png -> /home/ddurand/fotos/42855280.png
2026-08-21 18:43:11,054 INFO photo_manager - Foto movida: /home/ddurand/proyectos/personal/rpaludoplay-app/src/static/images/41320858.png -> /home/ddurand/fotos/41320858.png
2026-08-21 18:43:11,054 INFO photo_manager - Foto movida: /home/ddurand/proyectos/personal/rpaludoplay-app/src/static/images/44946352.png -> /home/ddurand/fotos/44946352.png
2026-08-21 18:43:11,054 INFO photo_manager - Foto movida: /home/ddurand/proyectos/personal/rpaludoplay-app/src/static/images/42336559.png -> /home/ddurand/fotos/42336559.png
2026-08-21 18:43:11,055 INFO photo_manager - Foto movida: /home/ddurand/proyectos/personal/rpaludoplay-app/src/static/images/09590279.png -> /home/ddurand/fotos/09590279.png
2026-08-21 18:43:11,055 INFO photo_manager - Foto movida: /home/ddurand/proyectos/personal/rpaludoplay-app/src/static/images/71314253.png -> /home/ddurand/fotos/71314253.png
2026-08-21 18:43:11,055 INFO photo_manager - Foto movida: /home/ddurand/proyectos/personal/rpaludoplay-app/src/static/images/42242618.png -> /home/ddurand/fotos/42242618.png
2026-08-21 18:43:11,056 INFO photo_manager - Foto movida: /home/ddurand/proyectos/personal/rpaludoplay-app/src/static/images/44884995.png -> /home/ddurand/fotos/44884995.png
2026-08-21 18:43:11,056 INFO photo_manager - Foto movida: /home/ddurand/proyectos/personal/rpaludoplay-app/src/static/images/44462361.png -> /home/ddurand/fotos/44462361.png
2026-08-21 18:43:11,057 INFO photo_manager - Foto movida: /home/ddurand/proyectos/personal/rpaludoplay-app/src/static/images/41348078.png -> /home/ddurand/fotos/41348078.png
2026-08-21 18:43:11,057 INFO photo_manager - Foto movida: /home/ddurand/proyectos/personal/rpaludoplay-app/src/static/images/73302165.png -> /home/ddurand/fotos/73302165.png
2026-08-21 18:43:11,057 INFO photo_manager - Foto movida: /home/ddurand/proyectos/personal/rpaludoplay-app/src/static/images/47422129.png -> /home/ddurand/fotos/47422129.png
2026-08-21 18:43:11,057 INFO photo_manager - Foto movida: /home/ddurand/proyectos/personal/rpaludoplay-app/src/static/images/77210337.png -> /home/ddurand/fotos/77210337.png
2026-08-21 18:43:11,058 INFO photo_manager - Foto movida: /home/ddurand/proyectos/personal/rpaludoplay-app/src/static/images/45426183.png -> /home/ddurand/fotos/45426183.png
2026-08-21 18:43:11,058 INFO photo_manager - Foto movida: /home/ddurand/proyectos/personal/rpaludoplay-app/src/static/images/42325031.png -> /home/ddurand/fotos/42325031.png
2026-08-21 18:43:11,058 INFO photo_manager - Foto movida: /home/ddurand/proyectos/personal/rpaludoplay-app/src/static/images/07743632.png -> /home/ddurand/fotos/07743632.png
2026-08-21 18:43:11,059 INFO photo_manager - Foto movida: /home/ddurand/proyectos/personal/rpaludoplay-app/src/static/images/42273895.png -> /home/ddurand/fotos/42273895.png
2026-08-21 18:43:11,059 INFO photo_manager - Foto movida: /home/ddurand/proyectos/personal/rpaludoplay-app/src/static/images/44132661.png -> /home/ddurand/fotos/44132661.png
2026-08-21 18:43:11,060 INFO photo_manager - Foto movida: /home/ddurand/proyectos/personal/rpaludoplay-app/src/static/images/16793554.png -> /home/ddurand/fotos/16793554.png
2026-08-21 18:43:11,060 INFO photo_manager - Foto movida: /home/ddurand/proyectos/personal/rpaludoplay-app/src/static/images/09484083.png -> /home/ddurand/fotos/09484083.png
2026-08-21 18:43:11,060 INFO photo_manager - Foto movida: /home/ddurand/proyectos/personal/rpaludoplay-app/src/static/images/45464716.png -> /home/ddurand/fotos/45464716.png
2026-08-21 18:43:11,060 INFO photo_manager - Foto movida: /home/ddurand/proyectos/personal/rpaludoplay-app/src/static/images/44749669.png -> /home/ddurand/fotos/44749669.png
2026-08-21 18:43:11,061 INFO photo_manager - Foto movida: /home/ddurand/proyectos/personal/rpaludoplay-app/src/static/images/70198470.png -> /home/ddurand/fotos/70198470.png
2026-08-21 18:43:11,061 INFO photo_manager - Foto movida: /home/ddurand/proyectos/personal/rpaludoplay-app/src/static/images/46853342.png -> /home/ddurand/fotos/46853342.png
2026-08-21 18:43:11,061 INFO photo_manager - Foto movida: /home/ddurand/proyectos/personal/rpaludoplay-app/src/static/images/09699322.png -> /home/ddurand/fotos/09699322.png
2026-08-21 18:43:11,061 INFO photo_manager - Foto movida: /home/ddurand/proyectos/personal/rpaludoplay-app/src/static/images/00493147.png -> /home/ddurand/fotos/00493147.png
2026-08-21 18:43:11,062 INFO photo_manager - Foto movida: /home/ddurand/proyectos/personal/rpaludoplay-app/src/static/images/71562020.png -> /home/ddurand/fotos/71562020.png
2026-08-21 18:43:11,062 INFO photo_manager - Foto movida: /home/ddurand/proyectos/personal/rpaludoplay-app/src/static/images/09428134.png -> /home/ddurand/fotos/09428134.png
2026-08-21 18:43:11,062 INFO photo_manager - Foto movida: /home/ddurand/proyectos/personal/rpaludoplay-app/src/static/images/00069529.png -> /home/ddurand/fotos/00069529.png
2026-08-21 18:43:11,063 INFO photo_manager - Foto movida: /home/ddurand/proyectos/personal/rpaludoplay-app/src/static/images/16708953.png -> /home/ddurand/fotos/16708953.png
2026-08-21 18:43:11,063 INFO photo_manager - Foto movida: /home/ddurand/proyectos/personal/rpaludoplay-app/src/static/images/40042780.png -> /home/ddurand/fotos/40042780.png
2026-08-21 18:43:11,063 INFO photo_manager - Foto movida: /home/ddurand/proyectos/personal/rpaludoplay-app/src/static/images/40762575.png -> /home/ddurand/fotos/40762575.png
2026-08-21 18:43:11,064 INFO photo_manager - Foto movida: /home/ddurand/proyectos/personal/rpaludoplay-app/src/static/images/10225224.png -> /home/ddurand/fotos/10225224.png
2026-08-21 18:43:11,064 INFO photo_manager - Foto movida: /home/ddurand/proyectos/personal/rpaludoplay-app/src/static/images/40957297.png -> /home/ddurand/fotos/40957297.png
2026-08-21 18:43:11,064 INFO photo_manager - Foto movida: /home/ddurand/proyectos/personal/rpaludoplay-app/src/static/images/32925663.png -> /home/ddurand/fotos/32925663.png
2026-08-21 18:43:11,064 INFO photo_manager - Foto movida: /home/ddurand/proyectos/personal/rpaludoplay-app/src/static/images/77906741.png -> /home/ddurand/fotos/77906741.png
2026-08-21 18:43:11,065 INFO photo_manager - Foto movida: /home/ddurand/proyectos/personal/rpaludoplay-app/src/static/images/23940358.png -> /home/ddurand/fotos/23940358.png
2026-08-21 18:43:11,065 INFO photo_manager - Foto movida: /home/ddurand/proyectos/personal/rpaludoplay-app/src/static/images/45098861.png -> /home/ddurand/fotos/45098861.png
2026-08-21 18:43:11,066 INFO photo_manager - Foto movida: /home/ddurand/proyectos/personal/rpaludoplay-app/src/static/images/29704406.png -> /home/ddurand/fotos/29704406.png
2026-08-21 18:43:11,066 INFO photo_manager - Foto movida: /home/ddurand/proyectos/personal/rpaludoplay-app/src/static/images/29608078.png -> /home/ddurand/fotos/29608078.png
2026-08-21 18:43:11,066 INFO photo_manager - Foto movida: /home/ddurand/proyectos/personal/rpaludoplay-app/src/static/images/40642983.png -> /home/ddurand/fotos/40642983.png
2026-08-21 18:43:11,067 INFO photo_manager - Foto movida: /home/ddurand/proyectos/personal/rpaludoplay-app/src/static/images/02424015.png -> /home/ddurand/fotos/02424015.png
2026-08-21 18:43:11,067 INFO photo_manager - Foto movida: /home/ddurand/proyectos/personal/rpaludoplay-app/src/static/images/05243450.png -> /home/ddurand/fotos/05243450.png
2026-08-21 18:43:11,067 INFO photo_manager - Foto movida: /home/ddurand/proyectos/personal/rpaludoplay-app/src/static/images/06099384.png -> /home/ddurand/fotos/06099384.png
2026-08-21 18:43:11,068 INFO photo_manager - Foto movida: /home/ddurand/proyectos/personal/rpaludoplay-app/src/static/images/16790382.png -> /home/ddurand/fotos/16790382.png
2026-08-21 18:43:11,068 INFO photo_manager - Foto movida: /home/ddurand/proyectos/personal/rpaludoplay-app/src/static/images/46219982.png -> /home/ddurand/fotos/46219982.png
2026-08-21 18:43:11,068 INFO photo_manager - Foto movida: /home/ddurand/proyectos/personal/rpaludoplay-app/src/static/images/41545627.png -> /home/ddurand/fotos/41545627.png
2026-08-21 18:43:11,069 INFO photo_manager - Foto movida: /home/ddurand/proyectos/personal/rpaludoplay-app/src/static/images/47842742.png -> /home/ddurand/fotos/47842742.png
2026-08-21 18:43:11,069 INFO photo_manager - Foto movida: /home/ddurand/proyectos/personal/rpaludoplay-app/src/static/images/46185317.png -> /home/ddurand/fotos/46185317.png
2026-08-21 18:43:11,070 INFO photo_manager - Foto movida: /home/ddurand/proyectos/personal/rpaludoplay-app/src/static/images/42457027.png -> /home/ddurand/fotos/42457027.png
2026-08-21 18:43:11,070 INFO photo_manager - Foto movida: /home/ddurand/proyectos/personal/rpaludoplay-app/src/static/images/42635176.png -> /home/ddurand/fotos/42635176.png
2026-08-21 18:43:11,070 INFO photo_manager - Foto movida: /home/ddurand/proyectos/personal/rpaludoplay-app/src/static/images/47452782.png -> /home/ddurand/fotos/47452782.png
2026-08-21 18:43:11,071 INFO photo_manager - Foto movida: /home/ddurand/proyectos/personal/rpaludoplay-app/src/static/images/70343291.png -> /home/ddurand/fotos/70343291.png
2026-08-21 18:43:11,071 INFO photo_manager - Foto movida: /home/ddurand/proyectos/personal/rpaludoplay-app/src/static/images/16733721.png -> /home/ddurand/fotos/16733721.png
2026-08-21 18:43:11,071 INFO photo_manager - Foto movida: /home/ddurand/proyectos/personal/rpaludoplay-app/src/static/images/001681792.png -> /home/ddurand/fotos/001681792.png
2026-08-21 18:43:11,072 INFO photo_manager - Foto movida: /home/ddurand/proyectos/personal/rpaludoplay-app/src/static/images/47131390.png -> /home/ddurand/fotos/47131390.png
2026-08-21 18:43:11,072 INFO photo_manager - Foto movida: /home/ddurand/proyectos/personal/rpaludoplay-app/src/static/images/33261895.png -> /home/ddurand/fotos/33261895.png
2026-08-21 18:43:11,072 INFO photo_manager - Foto movida: /home/ddurand/proyectos/personal/rpaludoplay-app/src/static/images/45612633.png -> /home/ddurand/fotos/45612633.png
2026-08-21 18:43:11,073 INFO photo_manager - Foto movida: /home/ddurand/proyectos/personal/rpaludoplay-app/src/static/images/45051822.png -> /home/ddurand/fotos/45051822.png
2026-08-21 18:43:11,073 INFO photo_manager - Foto movida: /home/ddurand/proyectos/personal/rpaludoplay-app/src/static/images/08430039.png -> /home/ddurand/fotos/08430039.png
2026-08-21 18:43:11,074 INFO photo_manager - Foto movida: /home/ddurand/proyectos/personal/rpaludoplay-app/src/static/images/45293325.png -> /home/ddurand/fotos/45293325.png
2026-08-21 18:43:11,074 INFO photo_manager - Foto movida: /home/ddurand/proyectos/personal/rpaludoplay-app/src/static/images/70439678.png -> /home/ddurand/fotos/70439678.png
2026-08-21 18:43:11,075 INFO photo_manager - Foto movida: /home/ddurand/proyectos/personal/rpaludoplay-app/src/static/images/80412616.png -> /home/ddurand/fotos/80412616.png
2026-08-21 18:43:11,075 INFO photo_manager - Foto movida: /home/ddurand/proyectos/personal/rpaludoplay-app/src/static/images/25534464.png -> /home/ddurand/fotos/25534464.png
2026-08-21 18:43:11,076 INFO photo_manager - Foto movida: /home/ddurand/proyectos/personal/rpaludoplay-app/src/static/images/40034560.png -> /home/ddurand/fotos/40034560.png
2026-08-21 18:43:11,076 INFO photo_manager - Foto movida: /home/ddurand/proyectos/personal/rpaludoplay-app/src/static/images/41849455.png -> /home/ddurand/fotos/41849455.png
2026-08-21 18:43:11,076 INFO photo_manager - Foto movida: /home/ddurand/proyectos/personal/rpaludoplay-app/src/static/images/09838457.png -> /home/ddurand/fotos/09838457.png
2026-08-21 18:43:11,076 INFO photo_manager - Foto movida: /home/ddurand/proyectos/personal/rpaludoplay-app/src/static/images/43435549.png -> /home/ddurand/fotos/43435549.png
2026-08-21 18:43:11,077 INFO photo_manager - Foto movida: /home/ddurand/proyectos/personal/rpaludoplay-app/src/static/images/07252227.png -> /home/ddurand/fotos/07252227.png
2026-08-21 18:43:11,077 INFO photo_manager - Foto movida: /home/ddurand/proyectos/personal/rpaludoplay-app/src/static/images/31623435.png -> /home/ddurand/fotos/31623435.png
2026-08-21 18:43:11,077 INFO photo_manager - Foto movida: /home/ddurand/proyectos/personal/rpaludoplay-app/src/static/images/47478773.png -> /home/ddurand/fotos/47478773.png
2026-08-21 18:43:11,077 INFO photo_manager - Foto movida: /home/ddurand/proyectos/personal/rpaludoplay-app/src/static/images/41503358.png -> /home/ddurand/fotos/41503358.png
2026-08-21 18:43:11,078 INFO photo_manager - Foto movida: /home/ddurand/proyectos/personal/rpaludoplay-app/src/static/images/80094559.png -> /home/ddurand/fotos/80094559.png
2026-08-21 18:43:11,078 INFO photo_manager - Foto movida: /home/ddurand/proyectos/personal/rpaludoplay-app/src/static/images/41778111.png -> /home/ddurand/fotos/41778111.png
2026-08-21 18:43:11,078 INFO photo_manager - Foto movida: /home/ddurand/proyectos/personal/rpaludoplay-app/src/static/images/47837735.png -> /home/ddurand/fotos/47837735.png
2026-08-21 18:43:11,078 INFO photo_manager - Foto movida: /home/ddurand/proyectos/personal/rpaludoplay-app/src/static/images/45790984.png -> /home/ddurand/fotos/45790984.png
2026-08-21 18:43:11,079 INFO photo_manager - Foto movida: /home/ddurand/proyectos/personal/rpaludoplay-app/src/static/images/44911316.png -> /home/ddurand/fotos/44911316.png
2026-08-21 18:43:11,079 INFO photo_manager - Foto movida: /home/ddurand/proyectos/personal/rpaludoplay-app/src/static/images/07403020.png -> /home/ddurand/fotos/07403020.png
2026-08-21 18:43:11,079 INFO photo_manager - Foto movida: /home/ddurand/proyectos/personal/rpaludoplay-app/src/static/images/72274561.png -> /home/ddurand/fotos/72274561.png
2026-08-21 18:43:11,080 INFO photo_manager - Foto movida: /home/ddurand/proyectos/personal/rpaludoplay-app/src/static/images/47155819.png -> /home/ddurand/fotos/47155819.png
2026-08-21 18:43:11,080 INFO photo_manager - Foto movida: /home/ddurand/proyectos/personal/rpaludoplay-app/src/static/images/09925430.png -> /home/ddurand/fotos/09925430.png
2026-08-21 18:43:11,080 INFO photo_manager - Foto movida: /home/ddurand/proyectos/personal/rpaludoplay-app/src/static/images/44853383.png -> /home/ddurand/fotos/44853383.png
2026-08-21 18:43:11,081 INFO photo_manager - Foto movida: /home/ddurand/proyectos/personal/rpaludoplay-app/src/static/images/71956284.png -> /home/ddurand/fotos/71956284.png
2026-08-21 18:43:11,081 INFO photo_manager - Foto movida: /home/ddurand/proyectos/personal/rpaludoplay-app/src/static/images/45490270.png -> /home/ddurand/fotos/45490270.png
2026-08-21 18:43:11,081 INFO photo_manager - Foto movida: /home/ddurand/proyectos/personal/rpaludoplay-app/src/static/images/47554530.png -> /home/ddurand/fotos/47554530.png
2026-08-21 18:43:11,081 INFO photo_manager - Foto movida: /home/ddurand/proyectos/personal/rpaludoplay-app/src/static/images/44408755.png -> /home/ddurand/fotos/44408755.png
2026-08-21 18:43:11,082 INFO photo_manager - Foto movida: /home/ddurand/proyectos/personal/rpaludoplay-app/src/static/images/40519311.png -> /home/ddurand/fotos/40519311.png
2026-08-21 18:43:11,082 INFO photo_manager - Foto movida: /home/ddurand/proyectos/personal/rpaludoplay-app/src/static/images/41950488.png -> /home/ddurand/fotos/41950488.png
2026-08-21 18:43:11,082 INFO photo_manager - Foto movida: /home/ddurand/proyectos/personal/rpaludoplay-app/src/static/images/41617682.png -> /home/ddurand/fotos/41617682.png
2026-08-21 18:43:11,083 INFO photo_manager - Foto movida: /home/ddurand/proyectos/personal/rpaludoplay-app/src/static/images/10307783.png -> /home/ddurand/fotos/10307783.png
2026-08-21 18:43:11,083 INFO photo_manager - Foto movida: /home/ddurand/proyectos/personal/rpaludoplay-app/src/static/images/07036299.png -> /home/ddurand/fotos/07036299.png
2026-08-21 18:43:11,084 INFO photo_manager - Foto movida: /home/ddurand/proyectos/personal/rpaludoplay-app/src/static/images/40433609.png -> /home/ddurand/fotos/40433609.png
2026-08-21 18:43:11,084 INFO photo_manager - Foto movida: /home/ddurand/proyectos/personal/rpaludoplay-app/src/static/images/23984138.png -> /home/ddurand/fotos/23984138.png
2026-08-21 18:43:11,084 INFO photo_manager - Foto movida: /home/ddurand/proyectos/personal/rpaludoplay-app/src/static/images/32987581.png -> /home/ddurand/fotos/32987581.png
2026-08-21 18:43:11,085 INFO photo_manager - Foto movida: /home/ddurand/proyectos/personal/rpaludoplay-app/src/static/images/44049271.png -> /home/ddurand/fotos/44049271.png
2026-08-21 18:43:11,085 INFO photo_manager - Foto movida: /home/ddurand/proyectos/personal/rpaludoplay-app/src/static/images/46069783.png -> /home/ddurand/fotos/46069783.png
2026-08-21 18:43:11,085 INFO photo_manager - Foto movida: /home/ddurand/proyectos/personal/rpaludoplay-app/src/static/images/42292986.png -> /home/ddurand/fotos/42292986.png
2026-08-21 18:43:11,086 INFO photo_manager - Foto movida: /home/ddurand/proyectos/personal/rpaludoplay-app/src/static/images/42082243.png -> /home/ddurand/fotos/42082243.png
2026-08-21 18:43:11,086 INFO photo_manager - Foto movida: /home/ddurand/proyectos/personal/rpaludoplay-app/src/static/images/29565599.png -> /home/ddurand/fotos/29565599.png
2026-08-21 18:43:11,086 INFO photo_manager - Foto movida: /home/ddurand/proyectos/personal/rpaludoplay-app/src/static/images/29592176.png -> /home/ddurand/fotos/29592176.png
2026-08-21 18:43:11,086 INFO photo_manager - Foto movida: /home/ddurand/proyectos/personal/rpaludoplay-app/src/static/images/44266563.png -> /home/ddurand/fotos/44266563.png
2026-08-21 18:43:11,087 INFO photo_manager - Foto movida: /home/ddurand/proyectos/personal/rpaludoplay-app/src/static/images/70422013.png -> /home/ddurand/fotos/70422013.png
2026-08-21 18:43:11,087 INFO photo_manager - Foto movida: /home/ddurand/proyectos/personal/rpaludoplay-app/src/static/images/16746720.png -> /home/ddurand/fotos/16746720.png
2026-08-21 18:43:11,087 INFO photo_manager - Foto movida: /home/ddurand/proyectos/personal/rpaludoplay-app/src/static/images/43511165.png -> /home/ddurand/fotos/43511165.png
2026-08-21 18:43:11,087 INFO photo_manager - Foto movida: /home/ddurand/proyectos/personal/rpaludoplay-app/src/static/images/47728812.png -> /home/ddurand/fotos/47728812.png
2026-08-21 18:43:11,088 INFO photo_manager - Foto movida: /home/ddurand/proyectos/personal/rpaludoplay-app/src/static/images/40375172.png -> /home/ddurand/fotos/40375172.png
2026-08-21 18:43:11,088 INFO photo_manager - Foto movida: /home/ddurand/proyectos/personal/rpaludoplay-app/src/static/images/45123495.png -> /home/ddurand/fotos/45123495.png
2026-08-21 18:43:11,088 INFO photo_manager - Foto movida: /home/ddurand/proyectos/personal/rpaludoplay-app/src/static/images/40534823.png -> /home/ddurand/fotos/40534823.png
2026-08-21 18:43:11,089 INFO photo_manager - Foto movida: /home/ddurand/proyectos/personal/rpaludoplay-app/src/static/images/10221759.png -> /home/ddurand/fotos/10221759.png
2026-08-21 18:43:11,089 INFO photo_manager - Foto movida: /home/ddurand/proyectos/personal/rpaludoplay-app/src/static/images/70926286.png -> /home/ddurand/fotos/70926286.png
2026-08-21 18:43:11,089 INFO photo_manager - Foto movida: /home/ddurand/proyectos/personal/rpaludoplay-app/src/static/images/06705985.png -> /home/ddurand/fotos/06705985.png
2026-08-21 18:43:11,090 INFO photo_manager - Foto movida: /home/ddurand/proyectos/personal/rpaludoplay-app/src/static/images/10120082.png -> /home/ddurand/fotos/10120082.png
2026-08-21 18:43:11,090 INFO photo_manager - Foto movida: /home/ddurand/proyectos/personal/rpaludoplay-app/src/static/images/42213182.png -> /home/ddurand/fotos/42213182.png
2026-08-21 18:43:11,090 INFO photo_manager - Foto movida: /home/ddurand/proyectos/personal/rpaludoplay-app/src/static/images/77422663.png -> /home/ddurand/fotos/77422663.png
2026-08-21 18:43:11,091 INFO photo_manager - Foto movida: /home/ddurand/proyectos/personal/rpaludoplay-app/src/static/images/71245923.png -> /home/ddurand/fotos/71245923.png
2026-08-21 18:43:11,091 INFO photo_manager - Foto movida: /home/ddurand/proyectos/personal/rpaludoplay-app/src/static/images/43693214.png -> /home/ddurand/fotos/43693214.png
2026-08-21 18:43:11,091 INFO photo_manager - Foto movida: /home/ddurand/proyectos/personal/rpaludoplay-app/src/static/images/41589497.png -> /home/ddurand/fotos/41589497.png
2026-08-21 18:43:11,092 INFO photo_manager - Foto movida: /home/ddurand/proyectos/personal/rpaludoplay-app/src/static/images/44296763.png -> /home/ddurand/fotos/44296763.png
2026-08-21 18:43:11,092 INFO photo_manager - Foto movida: /home/ddurand/proyectos/personal/rpaludoplay-app/src/static/images/40086297.png -> /home/ddurand/fotos/40086297.png
2026-08-21 18:43:11,093 INFO photo_manager - Foto movida: /home/ddurand/proyectos/personal/rpaludoplay-app/src/static/images/27928354.png -> /home/ddurand/fotos/27928354.png
2026-08-21 18:43:11,093 INFO photo_manager - Foto movida: /home/ddurand/proyectos/personal/rpaludoplay-app/src/static/images/10268160.png -> /home/ddurand/fotos/10268160.png
2026-08-21 18:43:11,094 INFO photo_manager - Foto movida: /home/ddurand/proyectos/personal/rpaludoplay-app/src/static/images/40686979.png -> /home/ddurand/fotos/40686979.png
2026-08-21 18:43:11,094 INFO photo_manager - Foto movida: /home/ddurand/proyectos/personal/rpaludoplay-app/src/static/images/09758044.png -> /home/ddurand/fotos/09758044.png
2026-08-21 18:43:11,094 INFO photo_manager - Foto movida: /home/ddurand/proyectos/personal/rpaludoplay-app/src/static/images/40929783.png -> /home/ddurand/fotos/40929783.png
2026-08-21 18:43:11,095 INFO photo_manager - Foto movida: /home/ddurand/proyectos/personal/rpaludoplay-app/src/static/images/16449921.png -> /home/ddurand/fotos/16449921.png
2026-08-21 18:43:11,095 INFO photo_manager - Foto movida: /home/ddurand/proyectos/personal/rpaludoplay-app/src/static/images/46957334.png -> /home/ddurand/fotos/46957334.png
2026-08-21 18:43:11,096 INFO photo_manager - Foto movida: /home/ddurand/proyectos/personal/rpaludoplay-app/src/static/images/47176475.png -> /home/ddurand/fotos/47176475.png
2026-08-21 18:43:11,096 INFO photo_manager - Foto movida: /home/ddurand/proyectos/personal/rpaludoplay-app/src/static/images/43276191.png -> /home/ddurand/fotos/43276191.png
2026-08-21 18:43:11,096 INFO photo_manager - Foto movida: /home/ddurand/proyectos/personal/rpaludoplay-app/src/static/images/45052341.png -> /home/ddurand/fotos/45052341.png
2026-08-21 18:43:11,097 INFO photo_manager - Foto movida: /home/ddurand/proyectos/personal/rpaludoplay-app/src/static/images/46874588.png -> /home/ddurand/fotos/46874588.png
2026-08-21 18:43:11,097 INFO photo_manager - Foto movida: /home/ddurand/proyectos/personal/rpaludoplay-app/src/static/images/08274855.png -> /home/ddurand/fotos/08274855.png
2026-08-21 18:43:11,098 INFO photo_manager - Foto movida: /home/ddurand/proyectos/personal/rpaludoplay-app/src/static/images/15439349.png -> /home/ddurand/fotos/15439349.png
2026-08-21 18:43:11,099 INFO photo_manager - Foto movida: /home/ddurand/proyectos/personal/rpaludoplay-app/src/static/images/41370023.png -> /home/ddurand/fotos/41370023.png
2026-08-21 18:43:11,099 INFO photo_manager - Foto movida: /home/ddurand/proyectos/personal/rpaludoplay-app/src/static/images/45444663.png -> /home/ddurand/fotos/45444663.png
2026-08-21 18:43:11,099 INFO photo_manager - Foto movida: /home/ddurand/proyectos/personal/rpaludoplay-app/src/static/images/71729466.png -> /home/ddurand/fotos/71729466.png
2026-08-21 18:43:11,100 INFO photo_manager - Foto movida: /home/ddurand/proyectos/personal/rpaludoplay-app/src/static/images/09438230.png -> /home/ddurand/fotos/09438230.png
2026-08-21 18:43:11,100 INFO photo_manager - Foto movida: /home/ddurand/proyectos/personal/rpaludoplay-app/src/static/images/07619118.png -> /home/ddurand/fotos/07619118.png
2026-08-21 18:43:11,100 INFO photo_manager - Foto movida: /home/ddurand/proyectos/personal/rpaludoplay-app/src/static/images/10635920.png -> /home/ddurand/fotos/10635920.png
2026-08-21 18:43:11,101 INFO photo_manager - Foto movida: /home/ddurand/proyectos/personal/rpaludoplay-app/src/static/images/40287881.png -> /home/ddurand/fotos/40287881.png
2026-08-21 18:43:11,101 INFO photo_manager - Foto movida: /home/ddurand/proyectos/personal/rpaludoplay-app/src/static/images/70843061.png -> /home/ddurand/fotos/70843061.png
2026-08-21 18:43:11,101 INFO photo_manager - Foto movida: /home/ddurand/proyectos/personal/rpaludoplay-app/src/static/images/000289623.png -> /home/ddurand/fotos/000289623.png
2026-08-21 18:43:11,102 INFO photo_manager - Foto movida: /home/ddurand/proyectos/personal/rpaludoplay-app/src/static/images/44421885.png -> /home/ddurand/fotos/44421885.png
2026-08-21 18:43:11,102 INFO photo_manager - Foto movida: /home/ddurand/proyectos/personal/rpaludoplay-app/src/static/images/71992560.png -> /home/ddurand/fotos/71992560.png
2026-08-21 18:43:11,102 INFO photo_manager - Foto movida: /home/ddurand/proyectos/personal/rpaludoplay-app/src/static/images/42557018.png -> /home/ddurand/fotos/42557018.png
2026-08-21 18:43:11,103 INFO photo_manager - Foto movida: /home/ddurand/proyectos/personal/rpaludoplay-app/src/static/images/48498275.png -> /home/ddurand/fotos/48498275.png
2026-08-21 18:43:11,103 INFO photo_manager - Foto movida: /home/ddurand/proyectos/personal/rpaludoplay-app/src/static/images/29653478.png -> /home/ddurand/fotos/29653478.png
2026-08-21 18:43:11,103 INFO photo_manager - Foto movida: /home/ddurand/proyectos/personal/rpaludoplay-app/src/static/images/47675904.png -> /home/ddurand/fotos/47675904.png
2026-08-21 18:43:11,104 INFO photo_manager - Foto movida: /home/ddurand/proyectos/personal/rpaludoplay-app/src/static/images/80618757.png -> /home/ddurand/fotos/80618757.png
2026-08-21 18:43:11,104 INFO photo_manager - Foto movida: /home/ddurand/proyectos/personal/rpaludoplay-app/src/static/images/15761138.png -> /home/ddurand/fotos/15761138.png
2026-08-21 18:43:11,104 INFO photo_manager - Foto movida: /home/ddurand/proyectos/personal/rpaludoplay-app/src/static/images/10530737.png -> /home/ddurand/fotos/10530737.png
2026-08-21 18:43:11,105 INFO photo_manager - Foto movida: /home/ddurand/proyectos/personal/rpaludoplay-app/src/static/images/40434526.png -> /home/ddurand/fotos/40434526.png
2026-08-21 18:43:11,105 INFO photo_manager - Foto movida: /home/ddurand/proyectos/personal/rpaludoplay-app/src/static/images/40321189.png -> /home/ddurand/fotos/40321189.png
2026-08-21 18:43:11,105 INFO photo_manager - Foto movida: /home/ddurand/proyectos/personal/rpaludoplay-app/src/static/images/46420286.png -> /home/ddurand/fotos/46420286.png
2026-08-21 18:43:11,105 INFO photo_manager - Foto movida: /home/ddurand/proyectos/personal/rpaludoplay-app/src/static/images/09938520.png -> /home/ddurand/fotos/09938520.png
2026-08-21 18:43:11,106 INFO photo_manager - Foto movida: /home/ddurand/proyectos/personal/rpaludoplay-app/src/static/images/43868847.png -> /home/ddurand/fotos/43868847.png
2026-08-21 18:43:11,106 INFO photo_manager - Foto movida: /home/ddurand/proyectos/personal/rpaludoplay-app/src/static/images/71947984.png -> /home/ddurand/fotos/71947984.png
2026-08-21 18:43:11,107 INFO photo_manager - Foto movida: /home/ddurand/proyectos/personal/rpaludoplay-app/src/static/images/44686712.png -> /home/ddurand/fotos/44686712.png
2026-08-21 18:43:11,107 INFO photo_manager - Foto movida: /home/ddurand/proyectos/personal/rpaludoplay-app/src/static/images/41702262.png -> /home/ddurand/fotos/41702262.png
2026-08-21 18:43:11,108 INFO photo_manager - Foto movida: /home/ddurand/proyectos/personal/rpaludoplay-app/src/static/images/42816427.png -> /home/ddurand/fotos/42816427.png
2026-08-21 18:43:11,108 INFO photo_manager - Foto movida: /home/ddurand/proyectos/personal/rpaludoplay-app/src/static/images/73975706.png -> /home/ddurand/fotos/73975706.png
2026-08-21 18:43:11,108 INFO photo_manager - Foto movida: /home/ddurand/proyectos/personal/rpaludoplay-app/src/static/images/47023190.png -> /home/ddurand/fotos/47023190.png
2026-08-21 18:43:11,108 INFO photo_manager - Foto movida: /home/ddurand/proyectos/personal/rpaludoplay-app/src/static/images/48097538.png -> /home/ddurand/fotos/48097538.png
2026-08-21 18:43:11,109 INFO photo_manager - Foto movida: /home/ddurand/proyectos/personal/rpaludoplay-app/src/static/images/46837020.png -> /home/ddurand/fotos/46837020.png
2026-08-21 18:43:11,109 INFO photo_manager - Foto movida: /home/ddurand/proyectos/personal/rpaludoplay-app/src/static/images/09514821.png -> /home/ddurand/fotos/09514821.png
2026-08-21 18:43:11,109 INFO photo_manager - Foto movida: /home/ddurand/proyectos/personal/rpaludoplay-app/src/static/images/001059423.png -> /home/ddurand/fotos/001059423.png
2026-08-21 18:43:11,109 INFO photo_manager - Foto movida: /home/ddurand/proyectos/personal/rpaludoplay-app/src/static/images/07866725.png -> /home/ddurand/fotos/07866725.png
2026-08-21 18:43:11,110 INFO photo_manager - Foto movida: /home/ddurand/proyectos/personal/rpaludoplay-app/src/static/images/80091624.png -> /home/ddurand/fotos/80091624.png
2026-08-21 18:43:11,110 INFO photo_manager - Foto movida: /home/ddurand/proyectos/personal/rpaludoplay-app/src/static/images/80117679.png -> /home/ddurand/fotos/80117679.png
2026-08-21 18:43:11,110 INFO photo_manager - Foto movida: /home/ddurand/proyectos/personal/rpaludoplay-app/src/static/images/41723451.png -> /home/ddurand/fotos/41723451.png
2026-08-21 18:43:11,111 INFO photo_manager - Foto movida: /home/ddurand/proyectos/personal/rpaludoplay-app/src/static/images/80509146.png -> /home/ddurand/fotos/80509146.png
2026-08-21 18:43:11,111 INFO photo_manager - Foto movida: /home/ddurand/proyectos/personal/rpaludoplay-app/src/static/images/46507560.png -> /home/ddurand/fotos/46507560.png
2026-08-21 18:43:11,111 INFO photo_manager - Foto movida: /home/ddurand/proyectos/personal/rpaludoplay-app/src/static/images/23991290.png -> /home/ddurand/fotos/23991290.png
2026-08-21 18:43:11,111 INFO photo_manager - Foto movida: /home/ddurand/proyectos/personal/rpaludoplay-app/src/static/images/45936297.png -> /home/ddurand/fotos/45936297.png
2026-08-21 18:43:11,113 INFO photo_manager - Foto movida: /home/ddurand/proyectos/personal/rpaludoplay-app/src/static/images/74467431.png -> /home/ddurand/fotos/74467431.png
2026-08-21 18:43:11,113 INFO photo_manager - Foto movida: /home/ddurand/proyectos/personal/rpaludoplay-app/src/static/images/07760596.png -> /home/ddurand/fotos/07760596.png
2026-08-21 18:43:11,114 INFO photo_manager - Foto movida: /home/ddurand/proyectos/personal/rpaludoplay-app/src/static/images/09930074.png -> /home/ddurand/fotos/09930074.png
2026-08-21 18:43:11,114 INFO photo_manager - Foto movida: /home/ddurand/proyectos/personal/rpaludoplay-app/src/static/images/76066335.png -> /home/ddurand/fotos/76066335.png
2026-08-21 18:43:11,114 INFO photo_manager - Foto movida: /home/ddurand/proyectos/personal/rpaludoplay-app/src/static/images/73208160.png -> /home/ddurand/fotos/73208160.png
2026-08-21 18:43:11,115 INFO photo_manager - Foto movida: /home/ddurand/proyectos/personal/rpaludoplay-app/src/static/images/42511969.png -> /home/ddurand/fotos/42511969.png
2026-08-21 18:43:11,115 INFO photo_manager - Foto movida: /home/ddurand/proyectos/personal/rpaludoplay-app/src/static/images/40413848.png -> /home/ddurand/fotos/40413848.png
2026-08-21 18:43:11,115 INFO photo_manager - Foto movida: /home/ddurand/proyectos/personal/rpaludoplay-app/src/static/images/42258187.png -> /home/ddurand/fotos/42258187.png
2026-08-21 18:43:11,115 INFO photo_manager - Foto movida: /home/ddurand/proyectos/personal/rpaludoplay-app/src/static/images/43066109.png -> /home/ddurand/fotos/43066109.png
2026-08-21 18:43:11,116 INFO photo_manager - Foto movida: /home/ddurand/proyectos/personal/rpaludoplay-app/src/static/images/41251957.png -> /home/ddurand/fotos/41251957.png
2026-08-21 18:43:11,116 INFO photo_manager - Foto movida: /home/ddurand/proyectos/personal/rpaludoplay-app/src/static/images/09849275.png -> /home/ddurand/fotos/09849275.png
2026-08-21 18:43:11,116 INFO photo_manager - Foto movida: /home/ddurand/proyectos/personal/rpaludoplay-app/src/static/images/44126827.png -> /home/ddurand/fotos/44126827.png
2026-08-21 18:43:11,116 INFO photo_manager - Foto movida: /home/ddurand/proyectos/personal/rpaludoplay-app/src/static/images/09941857.png -> /home/ddurand/fotos/09941857.png
2026-08-21 18:43:11,116 INFO photo_manager - Foto movida: /home/ddurand/proyectos/personal/rpaludoplay-app/src/static/images/44768648.png -> /home/ddurand/fotos/44768648.png
2026-08-21 18:43:11,117 INFO photo_manager - Foto movida: /home/ddurand/proyectos/personal/rpaludoplay-app/src/static/images/23980757.png -> /home/ddurand/fotos/23980757.png
2026-08-21 18:43:11,117 INFO photo_manager - Foto movida: /home/ddurand/proyectos/personal/rpaludoplay-app/src/static/images/001309666.png -> /home/ddurand/fotos/001309666.png
2026-08-21 18:43:11,117 INFO photo_manager - Foto movida: /home/ddurand/proyectos/personal/rpaludoplay-app/src/static/images/72942655.png -> /home/ddurand/fotos/72942655.png
2026-08-21 18:43:11,117 INFO photo_manager - Foto movida: /home/ddurand/proyectos/personal/rpaludoplay-app/src/static/images/42335379.png -> /home/ddurand/fotos/42335379.png
2026-08-21 18:43:11,118 INFO photo_manager - Foto movida: /home/ddurand/proyectos/personal/rpaludoplay-app/src/static/images/26606959.png -> /home/ddurand/fotos/26606959.png
2026-08-21 18:43:11,118 INFO photo_manager - Foto movida: /home/ddurand/proyectos/personal/rpaludoplay-app/src/static/images/17867877.png -> /home/ddurand/fotos/17867877.png
2026-08-21 18:43:11,118 INFO photo_manager - Foto movida: /home/ddurand/proyectos/personal/rpaludoplay-app/src/static/images/41596754.png -> /home/ddurand/fotos/41596754.png
2026-08-21 18:43:11,119 INFO photo_manager - Foto movida: /home/ddurand/proyectos/personal/rpaludoplay-app/src/static/images/45560541.png -> /home/ddurand/fotos/45560541.png
2026-08-21 18:43:11,119 INFO photo_manager - Foto movida: /home/ddurand/proyectos/personal/rpaludoplay-app/src/static/images/02844255.png -> /home/ddurand/fotos/02844255.png
2026-08-21 18:43:11,119 INFO photo_manager - Foto movida: /home/ddurand/proyectos/personal/rpaludoplay-app/src/static/images/41971371.png -> /home/ddurand/fotos/41971371.png
2026-08-21 18:43:11,120 INFO photo_manager - Foto movida: /home/ddurand/proyectos/personal/rpaludoplay-app/src/static/images/46234518.png -> /home/ddurand/fotos/46234518.png
2026-08-21 18:43:11,120 INFO photo_manager - Foto movida: /home/ddurand/proyectos/personal/rpaludoplay-app/src/static/images/07977270.png -> /home/ddurand/fotos/07977270.png
2026-08-21 18:43:11,120 INFO photo_manager - Foto movida: /home/ddurand/proyectos/personal/rpaludoplay-app/src/static/images/21124085.png -> /home/ddurand/fotos/21124085.png
2026-08-21 18:43:11,120 INFO photo_manager - Foto movida: /home/ddurand/proyectos/personal/rpaludoplay-app/src/static/images/44671118.png -> /home/ddurand/fotos/44671118.png
2026-08-21 18:43:11,121 INFO photo_manager - Foto movida: /home/ddurand/proyectos/personal/rpaludoplay-app/src/static/images/40759606.png -> /home/ddurand/fotos/40759606.png
2026-08-21 18:43:11,121 INFO photo_manager - Foto movida: /home/ddurand/proyectos/personal/rpaludoplay-app/src/static/images/40605766.png -> /home/ddurand/fotos/40605766.png
2026-08-21 18:43:11,121 INFO photo_manager - Foto movida: /home/ddurand/proyectos/personal/rpaludoplay-app/src/static/images/07295979.png -> /home/ddurand/fotos/07295979.png
2026-08-21 18:43:11,121 INFO photo_manager - Foto movida: /home/ddurand/proyectos/personal/rpaludoplay-app/src/static/images/10068939.png -> /home/ddurand/fotos/10068939.png
2026-08-21 18:43:11,122 INFO photo_manager - Foto movida: /home/ddurand/proyectos/personal/rpaludoplay-app/src/static/images/07163768.png -> /home/ddurand/fotos/07163768.png
2026-08-21 18:43:11,122 INFO photo_manager - Foto movida: /home/ddurand/proyectos/personal/rpaludoplay-app/src/static/images/42559561.png -> /home/ddurand/fotos/42559561.png
2026-08-21 18:43:11,122 INFO photo_manager - Foto movida: /home/ddurand/proyectos/personal/rpaludoplay-app/src/static/images/48013219.png -> /home/ddurand/fotos/48013219.png
2026-08-21 18:43:11,122 INFO photo_manager - Foto movida: /home/ddurand/proyectos/personal/rpaludoplay-app/src/static/images/44646950.png -> /home/ddurand/fotos/44646950.png
2026-08-21 18:43:11,123 INFO photo_manager - Foto movida: /home/ddurand/proyectos/personal/rpaludoplay-app/src/static/images/75816275.png -> /home/ddurand/fotos/75816275.png
2026-08-21 18:43:11,123 INFO photo_manager - Foto movida: /home/ddurand/proyectos/personal/rpaludoplay-app/src/static/images/23944658.png -> /home/ddurand/fotos/23944658.png
2026-08-21 18:43:11,123 INFO photo_manager - Foto movida: /home/ddurand/proyectos/personal/rpaludoplay-app/src/static/images/08647566.png -> /home/ddurand/fotos/08647566.png
2026-08-21 18:43:11,124 INFO photo_manager - Foto movida: /home/ddurand/proyectos/personal/rpaludoplay-app/src/static/images/80021094.png -> /home/ddurand/fotos/80021094.png
2026-08-21 18:43:11,124 INFO photo_manager - Foto movida: /home/ddurand/proyectos/personal/rpaludoplay-app/src/static/images/16659411.png -> /home/ddurand/fotos/16659411.png
2026-08-21 18:43:11,124 INFO photo_manager - Foto movida: /home/ddurand/proyectos/personal/rpaludoplay-app/src/static/images/42712052.png -> /home/ddurand/fotos/42712052.png
2026-08-21 18:43:11,124 INFO photo_manager - Foto movida: /home/ddurand/proyectos/personal/rpaludoplay-app/src/static/images/42145381.png -> /home/ddurand/fotos/42145381.png
2026-08-21 18:43:11,125 INFO photo_manager - Foto movida: /home/ddurand/proyectos/personal/rpaludoplay-app/src/static/images/42113456.png -> /home/ddurand/fotos/42113456.png
2026-08-21 18:43:11,125 INFO photo_manager - Foto movida: /home/ddurand/proyectos/personal/rpaludoplay-app/src/static/images/09417629.png -> /home/ddurand/fotos/09417629.png
2026-08-21 18:43:11,126 INFO photo_manager - Foto movida: /home/ddurand/proyectos/personal/rpaludoplay-app/src/static/images/40451550.png -> /home/ddurand/fotos/40451550.png
2026-08-21 18:43:11,126 INFO photo_manager - Foto movida: /home/ddurand/proyectos/personal/rpaludoplay-app/src/static/images/33593439.png -> /home/ddurand/fotos/33593439.png
2026-08-21 18:43:11,127 INFO photo_manager - Foto movida: /home/ddurand/proyectos/personal/rpaludoplay-app/src/static/images/45917794.png -> /home/ddurand/fotos/45917794.png
2026-08-21 18:43:11,127 INFO photo_manager - Foto movida: /home/ddurand/proyectos/personal/rpaludoplay-app/src/static/images/77793140.png -> /home/ddurand/fotos/77793140.png
2026-08-21 18:43:11,127 INFO photo_manager - Foto movida: /home/ddurand/proyectos/personal/rpaludoplay-app/src/static/images/43694674.png -> /home/ddurand/fotos/43694674.png
2026-08-21 18:43:11,128 INFO photo_manager - Foto movida: /home/ddurand/proyectos/personal/rpaludoplay-app/src/static/images/43872084.png -> /home/ddurand/fotos/43872084.png
2026-08-21 18:43:11,128 INFO photo_manager - Foto movida: /home/ddurand/proyectos/personal/rpaludoplay-app/src/static/images/07722088.png -> /home/ddurand/fotos/07722088.png
2026-08-21 18:43:11,128 INFO photo_manager - Foto movida: /home/ddurand/proyectos/personal/rpaludoplay-app/src/static/images/43852250.png -> /home/ddurand/fotos/43852250.png
2026-08-21 18:43:11,129 INFO photo_manager - Foto movida: /home/ddurand/proyectos/personal/rpaludoplay-app/src/static/images/42595198.png -> /home/ddurand/fotos/42595198.png
2026-08-21 18:43:11,129 INFO photo_manager - Foto movida: /home/ddurand/proyectos/personal/rpaludoplay-app/src/static/images/32736577.png -> /home/ddurand/fotos/32736577.png
2026-08-21 18:43:11,129 INFO photo_manager - Foto movida: /home/ddurand/proyectos/personal/rpaludoplay-app/src/static/images/30676494.png -> /home/ddurand/fotos/30676494.png
2026-08-21 18:43:11,130 INFO photo_manager - Foto movida: /home/ddurand/proyectos/personal/rpaludoplay-app/src/static/images/16624036.png -> /home/ddurand/fotos/16624036.png
2026-08-21 18:43:11,130 INFO photo_manager - Foto movida: /home/ddurand/proyectos/personal/rpaludoplay-app/src/static/images/41792657.png -> /home/ddurand/fotos/41792657.png
2026-08-21 18:43:11,130 INFO photo_manager - Foto movida: /home/ddurand/proyectos/personal/rpaludoplay-app/src/static/images/44615691.png -> /home/ddurand/fotos/44615691.png
2026-08-21 18:43:11,131 INFO photo_manager - Foto movida: /home/ddurand/proyectos/personal/rpaludoplay-app/src/static/images/77500820.png -> /home/ddurand/fotos/77500820.png
2026-08-21 18:43:11,131 INFO photo_manager - Foto movida: /home/ddurand/proyectos/personal/rpaludoplay-app/src/static/images/45983445.png -> /home/ddurand/fotos/45983445.png
2026-08-21 18:43:11,131 INFO photo_manager - Foto movida: /home/ddurand/proyectos/personal/rpaludoplay-app/src/static/images/75237447.png -> /home/ddurand/fotos/75237447.png
2026-08-21 18:43:11,131 INFO photo_manager - Foto movida: /home/ddurand/proyectos/personal/rpaludoplay-app/src/static/images/42281129.png -> /home/ddurand/fotos/42281129.png
2026-08-21 18:43:11,132 INFO photo_manager - Foto movida: /home/ddurand/proyectos/personal/rpaludoplay-app/src/static/images/40594939.png -> /home/ddurand/fotos/40594939.png
2026-08-21 18:43:11,132 INFO photo_manager - Foto movida: /home/ddurand/proyectos/personal/rpaludoplay-app/src/static/images/25750573.png -> /home/ddurand/fotos/25750573.png
2026-08-21 18:43:11,132 INFO photo_manager - Foto movida: /home/ddurand/proyectos/personal/rpaludoplay-app/src/static/images/09155186.png -> /home/ddurand/fotos/09155186.png
2026-08-21 18:43:11,132 INFO photo_manager - Foto movida: /home/ddurand/proyectos/personal/rpaludoplay-app/src/static/images/02899617.png -> /home/ddurand/fotos/02899617.png
2026-08-21 18:43:11,133 INFO photo_manager - Foto movida: /home/ddurand/proyectos/personal/rpaludoplay-app/src/static/images/42756193.png -> /home/ddurand/fotos/42756193.png
2026-08-21 18:43:11,133 INFO photo_manager - Foto movida: /home/ddurand/proyectos/personal/rpaludoplay-app/src/static/images/43170420.png -> /home/ddurand/fotos/43170420.png
2026-08-21 18:43:11,133 INFO photo_manager - Foto movida: /home/ddurand/proyectos/personal/rpaludoplay-app/src/static/images/41024589.png -> /home/ddurand/fotos/41024589.png
2026-08-21 18:43:11,133 INFO photo_manager - Foto movida: /home/ddurand/proyectos/personal/rpaludoplay-app/src/static/images/08087571.png -> /home/ddurand/fotos/08087571.png
2026-08-21 18:43:11,134 INFO photo_manager - Foto movida: /home/ddurand/proyectos/personal/rpaludoplay-app/src/static/images/47547476.png -> /home/ddurand/fotos/47547476.png
2026-08-21 18:43:11,134 INFO photo_manager - Foto movida: /home/ddurand/proyectos/personal/rpaludoplay-app/src/static/images/44804295.png -> /home/ddurand/fotos/44804295.png
2026-08-21 18:43:11,134 INFO photo_manager - Foto movida: /home/ddurand/proyectos/personal/rpaludoplay-app/src/static/images/10192512.png -> /home/ddurand/fotos/10192512.png
2026-08-21 18:43:11,134 INFO photo_manager - Foto movida: /home/ddurand/proyectos/personal/rpaludoplay-app/src/static/images/45554063.png -> /home/ddurand/fotos/45554063.png
2026-08-21 18:43:11,135 INFO photo_manager - Foto movida: /home/ddurand/proyectos/personal/rpaludoplay-app/src/static/images/42807448.png -> /home/ddurand/fotos/42807448.png
2026-08-21 18:43:11,135 INFO photo_manager - Foto movida: /home/ddurand/proyectos/personal/rpaludoplay-app/src/static/images/07450679.png -> /home/ddurand/fotos/07450679.png
2026-08-21 18:43:11,135 INFO photo_manager - Foto movida: /home/ddurand/proyectos/personal/rpaludoplay-app/src/static/images/42151248.png -> /home/ddurand/fotos/42151248.png
2026-08-21 18:43:11,135 INFO photo_manager - Foto movida: /home/ddurand/proyectos/personal/rpaludoplay-app/src/static/images/48696818.png -> /home/ddurand/fotos/48696818.png
2026-08-21 18:43:11,136 INFO photo_manager - Foto movida: /home/ddurand/proyectos/personal/rpaludoplay-app/src/static/images/08119476.png -> /home/ddurand/fotos/08119476.png
2026-08-21 18:43:11,136 INFO photo_manager - Foto movida: /home/ddurand/proyectos/personal/rpaludoplay-app/src/static/images/46461998.png -> /home/ddurand/fotos/46461998.png
2026-08-21 18:43:11,137 INFO photo_manager - Foto movida: /home/ddurand/proyectos/personal/rpaludoplay-app/src/static/images/46319249.png -> /home/ddurand/fotos/46319249.png
2026-08-21 18:43:11,137 INFO photo_manager - Foto movida: /home/ddurand/proyectos/personal/rpaludoplay-app/src/static/images/42302673.png -> /home/ddurand/fotos/42302673.png
2026-08-21 18:43:11,138 INFO photo_manager - Foto movida: /home/ddurand/proyectos/personal/rpaludoplay-app/src/static/images/40050641.png -> /home/ddurand/fotos/40050641.png
2026-08-21 18:43:11,138 INFO photo_manager - Foto movida: /home/ddurand/proyectos/personal/rpaludoplay-app/src/static/images/40678354.png -> /home/ddurand/fotos/40678354.png
2026-08-21 18:43:11,138 INFO photo_manager - Foto movida: /home/ddurand/proyectos/personal/rpaludoplay-app/src/static/images/09946288.png -> /home/ddurand/fotos/09946288.png
2026-08-21 18:43:11,139 INFO photo_manager - Foto movida: /home/ddurand/proyectos/personal/rpaludoplay-app/src/static/images/44792937.png -> /home/ddurand/fotos/44792937.png
2026-08-21 18:43:11,139 INFO photo_manager - Foto movida: /home/ddurand/proyectos/personal/rpaludoplay-app/src/static/images/02619240.png -> /home/ddurand/fotos/02619240.png
2026-08-21 18:43:11,140 INFO photo_manager - Foto movida: /home/ddurand/proyectos/personal/rpaludoplay-app/src/static/images/73895802.png -> /home/ddurand/fotos/73895802.png
2026-08-21 18:43:11,140 INFO photo_manager - Foto movida: /home/ddurand/proyectos/personal/rpaludoplay-app/src/static/images/10195257.png -> /home/ddurand/fotos/10195257.png
2026-08-21 18:43:11,140 INFO photo_manager - Foto movida: /home/ddurand/proyectos/personal/rpaludoplay-app/src/static/images/002081640.png -> /home/ddurand/fotos/002081640.png
2026-08-21 18:43:11,140 INFO photo_manager - Foto movida: /home/ddurand/proyectos/personal/rpaludoplay-app/src/static/images/10352684.png -> /home/ddurand/fotos/10352684.png
2026-08-21 18:43:11,141 INFO photo_manager - Foto movida: /home/ddurand/proyectos/personal/rpaludoplay-app/src/static/images/46862039.png -> /home/ddurand/fotos/46862039.png
2026-08-21 18:43:11,141 INFO photo_manager - Foto movida: /home/ddurand/proyectos/personal/rpaludoplay-app/src/static/images/07477634.png -> /home/ddurand/fotos/07477634.png
2026-08-21 18:43:11,141 INFO photo_manager - Foto movida: /home/ddurand/proyectos/personal/rpaludoplay-app/src/static/images/09884484.png -> /home/ddurand/fotos/09884484.png
2026-08-21 18:43:11,141 INFO photo_manager - Foto movida: /home/ddurand/proyectos/personal/rpaludoplay-app/src/static/images/23863357.png -> /home/ddurand/fotos/23863357.png
2026-08-21 18:43:11,142 INFO photo_manager - Foto movida: /home/ddurand/proyectos/personal/rpaludoplay-app/src/static/images/44319973.png -> /home/ddurand/fotos/44319973.png
2026-08-21 18:43:11,142 INFO photo_manager - Foto movida: /home/ddurand/proyectos/personal/rpaludoplay-app/src/static/images/43729205.png -> /home/ddurand/fotos/43729205.png
2026-08-21 18:43:11,142 INFO photo_manager - Foto movida: /home/ddurand/proyectos/personal/rpaludoplay-app/src/static/images/16758556.png -> /home/ddurand/fotos/16758556.png
2026-08-21 18:43:11,142 INFO photo_manager - Foto movida: /home/ddurand/proyectos/personal/rpaludoplay-app/src/static/images/44655141.png -> /home/ddurand/fotos/44655141.png
2026-08-21 18:43:11,143 INFO photo_manager - Foto movida: /home/ddurand/proyectos/personal/rpaludoplay-app/src/static/images/08881303.png -> /home/ddurand/fotos/08881303.png
2026-08-21 18:43:11,143 INFO photo_manager - Foto movida: /home/ddurand/proyectos/personal/rpaludoplay-app/src/static/images/09895111.png -> /home/ddurand/fotos/09895111.png
2026-08-21 18:43:11,143 INFO photo_manager - Foto movida: /home/ddurand/proyectos/personal/rpaludoplay-app/src/static/images/42092379.png -> /home/ddurand/fotos/42092379.png
2026-08-21 18:43:11,143 INFO photo_manager - Foto movida: /home/ddurand/proyectos/personal/rpaludoplay-app/src/static/images/08122306.png -> /home/ddurand/fotos/08122306.png
2026-08-21 18:43:11,144 INFO photo_manager - Foto movida: /home/ddurand/proyectos/personal/rpaludoplay-app/src/static/images/76737615.png -> /home/ddurand/fotos/76737615.png
2026-08-21 18:43:11,144 INFO photo_manager - Foto movida: /home/ddurand/proyectos/personal/rpaludoplay-app/src/static/images/07972010.png -> /home/ddurand/fotos/07972010.png
2026-08-21 18:43:11,144 INFO photo_manager - Foto movida: /home/ddurand/proyectos/personal/rpaludoplay-app/src/static/images/46283063.png -> /home/ddurand/fotos/46283063.png
2026-08-21 18:43:11,144 INFO photo_manager - Foto movida: /home/ddurand/proyectos/personal/rpaludoplay-app/src/static/images/001044194.png -> /home/ddurand/fotos/001044194.png
2026-08-21 18:43:11,144 INFO photo_manager - Foto movida: /home/ddurand/proyectos/personal/rpaludoplay-app/src/static/images/41958449.png -> /home/ddurand/fotos/41958449.png
2026-08-21 18:43:11,145 INFO photo_manager - Foto movida: /home/ddurand/proyectos/personal/rpaludoplay-app/src/static/images/42570138.png -> /home/ddurand/fotos/42570138.png
2026-08-21 18:43:11,145 INFO photo_manager - Foto movida: /home/ddurand/proyectos/personal/rpaludoplay-app/src/static/images/10727014.png -> /home/ddurand/fotos/10727014.png
2026-08-21 18:43:11,145 INFO photo_manager - Foto movida: /home/ddurand/proyectos/personal/rpaludoplay-app/src/static/images/25804868.png -> /home/ddurand/fotos/25804868.png
2026-08-21 18:43:11,146 INFO photo_manager - Foto movida: /home/ddurand/proyectos/personal/rpaludoplay-app/src/static/images/07576240.png -> /home/ddurand/fotos/07576240.png
2026-08-21 18:43:11,146 INFO photo_manager - Foto movida: /home/ddurand/proyectos/personal/rpaludoplay-app/src/static/images/41587226.png -> /home/ddurand/fotos/41587226.png
2026-08-21 18:43:11,146 INFO photo_manager - Foto movida: /home/ddurand/proyectos/personal/rpaludoplay-app/src/static/images/80125095.png -> /home/ddurand/fotos/80125095.png
2026-08-21 18:43:11,147 INFO photo_manager - Foto movida: /home/ddurand/proyectos/personal/rpaludoplay-app/src/static/images/45427220.png -> /home/ddurand/fotos/45427220.png
2026-08-21 18:43:11,147 INFO photo_manager - Foto movida: /home/ddurand/proyectos/personal/rpaludoplay-app/src/static/images/40872663.png -> /home/ddurand/fotos/40872663.png
2026-08-21 18:43:11,147 INFO photo_manager - Foto movida: /home/ddurand/proyectos/personal/rpaludoplay-app/src/static/images/45864906.png -> /home/ddurand/fotos/45864906.png
2026-08-21 18:43:11,148 INFO photo_manager - Foto movida: /home/ddurand/proyectos/personal/rpaludoplay-app/src/static/images/46238040.png -> /home/ddurand/fotos/46238040.png
2026-08-21 18:43:11,148 INFO photo_manager - Foto movida: /home/ddurand/proyectos/personal/rpaludoplay-app/src/static/images/21547337.png -> /home/ddurand/fotos/21547337.png
2026-08-21 18:43:11,148 INFO photo_manager - Foto movida: /home/ddurand/proyectos/personal/rpaludoplay-app/src/static/images/47601942.png -> /home/ddurand/fotos/47601942.png
2026-08-21 18:43:11,149 INFO photo_manager - Foto movida: /home/ddurand/proyectos/personal/rpaludoplay-app/src/static/images/47504102.png -> /home/ddurand/fotos/47504102.png
2026-08-21 18:43:11,149 INFO photo_manager - Foto movida: /home/ddurand/proyectos/personal/rpaludoplay-app/src/static/images/21563285.png -> /home/ddurand/fotos/21563285.png
2026-08-21 18:43:11,149 INFO photo_manager - Foto movida: /home/ddurand/proyectos/personal/rpaludoplay-app/src/static/images/29590687.png -> /home/ddurand/fotos/29590687.png
2026-08-21 18:43:11,149 INFO photo_manager - Foto movida: /home/ddurand/proyectos/personal/rpaludoplay-app/src/static/images/07539472.png -> /home/ddurand/fotos/07539472.png
2026-08-21 18:43:11,150 INFO photo_manager - Foto movida: /home/ddurand/proyectos/personal/rpaludoplay-app/src/static/images/44902630.png -> /home/ddurand/fotos/44902630.png
2026-08-21 18:43:11,150 INFO photo_manager - Foto movida: /home/ddurand/proyectos/personal/rpaludoplay-app/src/static/images/09048211.png -> /home/ddurand/fotos/09048211.png
2026-08-21 18:43:11,150 INFO photo_manager - Foto movida: /home/ddurand/proyectos/personal/rpaludoplay-app/src/static/images/40203708.png -> /home/ddurand/fotos/40203708.png
2026-08-21 18:43:11,151 INFO photo_manager - Foto movida: /home/ddurand/proyectos/personal/rpaludoplay-app/src/static/images/44189351.png -> /home/ddurand/fotos/44189351.png
2026-08-21 18:43:11,151 INFO photo_manager - Foto movida: /home/ddurand/proyectos/personal/rpaludoplay-app/src/static/images/74090461.png -> /home/ddurand/fotos/74090461.png
2026-08-21 18:43:11,152 INFO photo_manager - Foto movida: /home/ddurand/proyectos/personal/rpaludoplay-app/src/static/images/29261826.png -> /home/ddurand/fotos/29261826.png
2026-08-21 18:43:11,152 INFO photo_manager - Foto movida: /home/ddurand/proyectos/personal/rpaludoplay-app/src/static/images/40455941.png -> /home/ddurand/fotos/40455941.png
2026-08-21 18:43:11,152 INFO photo_manager - Foto movida: /home/ddurand/proyectos/personal/rpaludoplay-app/src/static/images/44054086.png -> /home/ddurand/fotos/44054086.png
2026-08-21 18:43:11,153 INFO photo_manager - Foto movida: /home/ddurand/proyectos/personal/rpaludoplay-app/src/static/images/43126650.png -> /home/ddurand/fotos/43126650.png
2026-08-21 18:43:11,153 INFO photo_manager - Foto movida: /home/ddurand/proyectos/personal/rpaludoplay-app/src/static/images/71996192.png -> /home/ddurand/fotos/71996192.png
2026-08-21 18:43:11,153 INFO photo_manager - Foto movida: /home/ddurand/proyectos/personal/rpaludoplay-app/src/static/images/46684490.png -> /home/ddurand/fotos/46684490.png
2026-08-21 18:43:11,154 INFO photo_manager - Foto movida: /home/ddurand/proyectos/personal/rpaludoplay-app/src/static/images/09275579.png -> /home/ddurand/fotos/09275579.png
2026-08-21 18:43:11,154 INFO photo_manager - Foto movida: /home/ddurand/proyectos/personal/rpaludoplay-app/src/static/images/42544089.png -> /home/ddurand/fotos/42544089.png
2026-08-21 18:43:11,154 INFO photo_manager - Foto movida: /home/ddurand/proyectos/personal/rpaludoplay-app/src/static/images/43608536.png -> /home/ddurand/fotos/43608536.png
2026-08-21 18:43:11,155 INFO photo_manager - Foto movida: /home/ddurand/proyectos/personal/rpaludoplay-app/src/static/images/43510890.png -> /home/ddurand/fotos/43510890.png
2026-08-21 18:43:11,155 INFO photo_manager - Foto movida: /home/ddurand/proyectos/personal/rpaludoplay-app/src/static/images/40828772.png -> /home/ddurand/fotos/40828772.png
2026-08-21 18:43:11,155 INFO photo_manager - Foto movida: /home/ddurand/proyectos/personal/rpaludoplay-app/src/static/images/25862960.png -> /home/ddurand/fotos/25862960.png
2026-08-21 18:43:11,156 INFO photo_manager - Foto movida: /home/ddurand/proyectos/personal/rpaludoplay-app/src/static/images/40128470.png -> /home/ddurand/fotos/40128470.png
2026-08-21 18:43:11,156 INFO photo_manager - Foto movida: /home/ddurand/proyectos/personal/rpaludoplay-app/src/static/images/41649335.png -> /home/ddurand/fotos/41649335.png
2026-08-21 18:43:11,156 INFO photo_manager - Foto movida: /home/ddurand/proyectos/personal/rpaludoplay-app/src/static/images/25734994.png -> /home/ddurand/fotos/25734994.png
2026-08-21 18:43:11,156 INFO photo_manager - Foto movida: /home/ddurand/proyectos/personal/rpaludoplay-app/src/static/images/09431929.png -> /home/ddurand/fotos/09431929.png
2026-08-21 18:43:11,157 INFO photo_manager - Foto movida: /home/ddurand/proyectos/personal/rpaludoplay-app/src/static/images/43879071.png -> /home/ddurand/fotos/43879071.png
2026-08-21 18:43:11,157 INFO photo_manager - Foto movida: /home/ddurand/proyectos/personal/rpaludoplay-app/src/static/images/70947098.png -> /home/ddurand/fotos/70947098.png
2026-08-21 18:43:11,157 INFO photo_manager - Foto movida: /home/ddurand/proyectos/personal/rpaludoplay-app/src/static/images/47512171.png -> /home/ddurand/fotos/47512171.png
2026-08-21 18:43:11,158 INFO photo_manager - Foto movida: /home/ddurand/proyectos/personal/rpaludoplay-app/src/static/images/45100315.png -> /home/ddurand/fotos/45100315.png
2026-08-21 18:43:11,158 INFO photo_manager - Foto movida: /home/ddurand/proyectos/personal/rpaludoplay-app/src/static/images/41669564.png -> /home/ddurand/fotos/41669564.png
2026-08-21 18:43:11,159 INFO photo_manager - Foto movida: /home/ddurand/proyectos/personal/rpaludoplay-app/src/static/images/16729881.png -> /home/ddurand/fotos/16729881.png
2026-08-21 18:43:11,159 INFO photo_manager - Foto movida: /home/ddurand/proyectos/personal/rpaludoplay-app/src/static/images/000553282.png -> /home/ddurand/fotos/000553282.png
2026-08-21 18:43:11,159 INFO photo_manager - Foto movida: /home/ddurand/proyectos/personal/rpaludoplay-app/src/static/images/47631170.png -> /home/ddurand/fotos/47631170.png
2026-08-21 18:43:11,160 INFO photo_manager - Foto movida: /home/ddurand/proyectos/personal/rpaludoplay-app/src/static/images/47072901.png -> /home/ddurand/fotos/47072901.png
2026-08-21 18:43:11,160 INFO photo_manager - Foto movida: /home/ddurand/proyectos/personal/rpaludoplay-app/src/static/images/16716362.png -> /home/ddurand/fotos/16716362.png
2026-08-21 18:43:11,160 INFO photo_manager - Foto movida: /home/ddurand/proyectos/personal/rpaludoplay-app/src/static/images/42341113.png -> /home/ddurand/fotos/42341113.png
2026-08-21 18:43:11,160 INFO photo_manager - Foto movida: /home/ddurand/proyectos/personal/rpaludoplay-app/src/static/images/42464452.png -> /home/ddurand/fotos/42464452.png
2026-08-21 18:43:11,161 INFO photo_manager - Foto movida: /home/ddurand/proyectos/personal/rpaludoplay-app/src/static/images/26733038.png -> /home/ddurand/fotos/26733038.png
2026-08-21 18:43:11,161 INFO photo_manager - Foto movida: /home/ddurand/proyectos/personal/rpaludoplay-app/src/static/images/16632308.png -> /home/ddurand/fotos/16632308.png
2026-08-21 18:43:11,162 INFO photo_manager - Foto movida: /home/ddurand/proyectos/personal/rpaludoplay-app/src/static/images/71096464.png -> /home/ddurand/fotos/71096464.png
2026-08-21 18:43:11,163 INFO photo_manager - Foto movida: /home/ddurand/proyectos/personal/rpaludoplay-app/src/static/images/41210030.png -> /home/ddurand/fotos/41210030.png
2026-08-21 18:43:11,163 INFO photo_manager - Foto movida: /home/ddurand/proyectos/personal/rpaludoplay-app/src/static/images/73174862.png -> /home/ddurand/fotos/73174862.png
2026-08-21 18:43:11,163 INFO photo_manager - Foto movida: /home/ddurand/proyectos/personal/rpaludoplay-app/src/static/images/05645980.png -> /home/ddurand/fotos/05645980.png
2026-08-21 18:43:11,164 INFO photo_manager - Foto movida: /home/ddurand/proyectos/personal/rpaludoplay-app/src/static/images/40387724.png -> /home/ddurand/fotos/40387724.png
2026-08-21 18:43:11,164 INFO photo_manager - Foto movida: /home/ddurand/proyectos/personal/rpaludoplay-app/src/static/images/40885547.png -> /home/ddurand/fotos/40885547.png
2026-08-21 18:43:11,164 INFO photo_manager - Foto movida: /home/ddurand/proyectos/personal/rpaludoplay-app/src/static/images/75856918.png -> /home/ddurand/fotos/75856918.png
2026-08-21 18:43:11,165 INFO photo_manager - Foto movida: /home/ddurand/proyectos/personal/rpaludoplay-app/src/static/images/46458282.png -> /home/ddurand/fotos/46458282.png
2026-08-21 18:43:11,165 INFO photo_manager - Foto movida: /home/ddurand/proyectos/personal/rpaludoplay-app/src/static/images/06630299.png -> /home/ddurand/fotos/06630299.png
2026-08-21 18:43:11,165 INFO photo_manager - Foto movida: /home/ddurand/proyectos/personal/rpaludoplay-app/src/static/images/74021894.png -> /home/ddurand/fotos/74021894.png
2026-08-21 18:43:11,166 INFO photo_manager - Foto movida: /home/ddurand/proyectos/personal/rpaludoplay-app/src/static/images/07626446.png -> /home/ddurand/fotos/07626446.png
2026-08-21 18:43:11,166 INFO photo_manager - Foto movida: /home/ddurand/proyectos/personal/rpaludoplay-app/src/static/images/72464657.png -> /home/ddurand/fotos/72464657.png
2026-08-21 18:43:11,166 INFO photo_manager - Foto movida: /home/ddurand/proyectos/personal/rpaludoplay-app/src/static/images/02888499.png -> /home/ddurand/fotos/02888499.png
2026-08-21 18:43:11,167 INFO photo_manager - Foto movida: /home/ddurand/proyectos/personal/rpaludoplay-app/src/static/images/80415017.png -> /home/ddurand/fotos/80415017.png
2026-08-21 18:43:11,168 INFO photo_manager - Foto movida: /home/ddurand/proyectos/personal/rpaludoplay-app/src/static/images/47564292.png -> /home/ddurand/fotos/47564292.png
2026-08-21 18:43:11,169 INFO photo_manager - Foto movida: /home/ddurand/proyectos/personal/rpaludoplay-app/src/static/images/70494259.png -> /home/ddurand/fotos/70494259.png
2026-08-21 18:43:11,169 INFO photo_manager - Foto movida: /home/ddurand/proyectos/personal/rpaludoplay-app/src/static/images/73146374.png -> /home/ddurand/fotos/73146374.png
2026-08-21 18:43:11,170 INFO photo_manager - Foto movida: /home/ddurand/proyectos/personal/rpaludoplay-app/src/static/images/76841642.png -> /home/ddurand/fotos/76841642.png
2026-08-21 18:43:11,170 INFO photo_manager - Foto movida: /home/ddurand/proyectos/personal/rpaludoplay-app/src/static/images/07849407.png -> /home/ddurand/fotos/07849407.png
2026-08-21 18:43:11,170 INFO photo_manager - Foto movida: /home/ddurand/proyectos/personal/rpaludoplay-app/src/static/images/42533406.png -> /home/ddurand/fotos/42533406.png
2026-08-21 18:43:11,170 INFO photo_manager - Foto movida: /home/ddurand/proyectos/personal/rpaludoplay-app/src/static/images/41233512.png -> /home/ddurand/fotos/41233512.png
2026-08-21 18:43:11,171 INFO photo_manager - Foto movida: /home/ddurand/proyectos/personal/rpaludoplay-app/src/static/images/72210550.png -> /home/ddurand/fotos/72210550.png
2026-08-21 18:43:11,171 INFO photo_manager - Foto movida: /home/ddurand/proyectos/personal/rpaludoplay-app/src/static/images/41286758.png -> /home/ddurand/fotos/41286758.png
2026-08-21 18:43:11,171 INFO photo_manager - Foto movida: /home/ddurand/proyectos/personal/rpaludoplay-app/src/static/images/10465327.png -> /home/ddurand/fotos/10465327.png
2026-08-21 18:43:11,172 INFO photo_manager - Foto movida: /home/ddurand/proyectos/personal/rpaludoplay-app/src/static/images/73772381.png -> /home/ddurand/fotos/73772381.png
2026-08-21 18:43:11,172 INFO photo_manager - Foto movida: /home/ddurand/proyectos/personal/rpaludoplay-app/src/static/images/46446211.png -> /home/ddurand/fotos/46446211.png
2026-08-21 18:43:11,172 INFO photo_manager - Foto movida: /home/ddurand/proyectos/personal/rpaludoplay-app/src/static/images/71949364.png -> /home/ddurand/fotos/71949364.png
2026-08-21 18:43:11,172 INFO photo_manager - Foto movida: /home/ddurand/proyectos/personal/rpaludoplay-app/src/static/images/41456577.png -> /home/ddurand/fotos/41456577.png
2026-08-21 18:43:11,173 INFO photo_manager - Foto movida: /home/ddurand/proyectos/personal/rpaludoplay-app/src/static/images/16805879.png -> /home/ddurand/fotos/16805879.png
2026-08-21 18:43:11,173 INFO photo_manager - Foto movida: /home/ddurand/proyectos/personal/rpaludoplay-app/src/static/images/46153359.png -> /home/ddurand/fotos/46153359.png
2026-08-21 18:43:11,174 INFO photo_manager - Foto movida: /home/ddurand/proyectos/personal/rpaludoplay-app/src/static/images/43330081.png -> /home/ddurand/fotos/43330081.png
2026-08-21 18:43:11,174 INFO photo_manager - Foto movida: /home/ddurand/proyectos/personal/rpaludoplay-app/src/static/images/46278952.png -> /home/ddurand/fotos/46278952.png
2026-08-21 18:43:11,175 INFO photo_manager - Foto movida: /home/ddurand/proyectos/personal/rpaludoplay-app/src/static/images/44082677.png -> /home/ddurand/fotos/44082677.png
2026-08-21 18:43:11,175 INFO photo_manager - Foto movida: /home/ddurand/proyectos/personal/rpaludoplay-app/src/static/images/43361670.png -> /home/ddurand/fotos/43361670.png
2026-08-21 18:43:11,175 INFO photo_manager - Foto movida: /home/ddurand/proyectos/personal/rpaludoplay-app/src/static/images/17541869.png -> /home/ddurand/fotos/17541869.png
2026-08-21 18:43:11,176 INFO photo_manager - Foto movida: /home/ddurand/proyectos/personal/rpaludoplay-app/src/static/images/41081231.png -> /home/ddurand/fotos/41081231.png
2026-08-21 18:43:11,176 INFO photo_manager - Foto movida: /home/ddurand/proyectos/personal/rpaludoplay-app/src/static/images/41125378.png -> /home/ddurand/fotos/41125378.png
2026-08-21 18:43:11,176 INFO photo_manager - Foto movida: /home/ddurand/proyectos/personal/rpaludoplay-app/src/static/images/47303307.png -> /home/ddurand/fotos/47303307.png
2026-08-21 18:43:11,177 INFO photo_manager - Foto movida: /home/ddurand/proyectos/personal/rpaludoplay-app/src/static/images/70652124.png -> /home/ddurand/fotos/70652124.png
2026-08-21 18:43:11,177 INFO photo_manager - Foto movida: /home/ddurand/proyectos/personal/rpaludoplay-app/src/static/images/42248518.png -> /home/ddurand/fotos/42248518.png
2026-08-21 18:43:11,178 INFO photo_manager - Foto movida: /home/ddurand/proyectos/personal/rpaludoplay-app/src/static/images/42952338.png -> /home/ddurand/fotos/42952338.png
2026-08-21 18:43:11,178 INFO photo_manager - Foto movida: /home/ddurand/proyectos/personal/rpaludoplay-app/src/static/images/42040441.png -> /home/ddurand/fotos/42040441.png
2026-08-21 18:43:11,178 INFO photo_manager - Foto movida: /home/ddurand/proyectos/personal/rpaludoplay-app/src/static/images/42515718.png -> /home/ddurand/fotos/42515718.png
2026-08-21 18:43:11,179 INFO photo_manager - Foto movida: /home/ddurand/proyectos/personal/rpaludoplay-app/src/static/images/41877098.png -> /home/ddurand/fotos/41877098.png
2026-08-21 18:43:11,179 INFO photo_manager - Foto movida: /home/ddurand/proyectos/personal/rpaludoplay-app/src/static/images/45829854.png -> /home/ddurand/fotos/45829854.png
2026-08-21 18:43:11,179 INFO photo_manager - Foto movida: /home/ddurand/proyectos/personal/rpaludoplay-app/src/static/images/44528456.png -> /home/ddurand/fotos/44528456.png
2026-08-21 18:43:11,180 INFO photo_manager - Foto movida: /home/ddurand/proyectos/personal/rpaludoplay-app/src/static/images/001218936.png -> /home/ddurand/fotos/001218936.png
2026-08-21 18:43:11,180 INFO photo_manager - Foto movida: /home/ddurand/proyectos/personal/rpaludoplay-app/src/static/images/71247897.png -> /home/ddurand/fotos/71247897.png
2026-08-21 18:43:11,180 INFO photo_manager - Foto movida: /home/ddurand/proyectos/personal/rpaludoplay-app/src/static/images/07713854.png -> /home/ddurand/fotos/07713854.png
2026-08-21 18:43:11,180 INFO photo_manager - Foto movida: /home/ddurand/proyectos/personal/rpaludoplay-app/src/static/images/70006342.png -> /home/ddurand/fotos/70006342.png
2026-08-21 18:43:11,181 INFO photo_manager - Foto movida: /home/ddurand/proyectos/personal/rpaludoplay-app/src/static/images/07374636.png -> /home/ddurand/fotos/07374636.png
2026-08-21 18:43:11,181 INFO photo_manager - Foto movida: /home/ddurand/proyectos/personal/rpaludoplay-app/src/static/images/40236009.png -> /home/ddurand/fotos/40236009.png
2026-08-21 18:43:11,181 INFO photo_manager - Foto movida: /home/ddurand/proyectos/personal/rpaludoplay-app/src/static/images/46409964.png -> /home/ddurand/fotos/46409964.png
2026-08-21 18:43:11,182 INFO photo_manager - Foto movida: /home/ddurand/proyectos/personal/rpaludoplay-app/src/static/images/42371809.png -> /home/ddurand/fotos/42371809.png
2026-08-21 18:43:11,182 INFO photo_manager - Foto movida: /home/ddurand/proyectos/personal/rpaludoplay-app/src/static/images/48276778.png -> /home/ddurand/fotos/48276778.png
2026-08-21 18:43:11,182 INFO photo_manager - Foto movida: /home/ddurand/proyectos/personal/rpaludoplay-app/src/static/images/44898167.png -> /home/ddurand/fotos/44898167.png
2026-08-21 18:43:11,183 INFO photo_manager - Foto movida: /home/ddurand/proyectos/personal/rpaludoplay-app/src/static/images/16707514.png -> /home/ddurand/fotos/16707514.png
2026-08-21 18:43:11,183 INFO photo_manager - Foto movida: /home/ddurand/proyectos/personal/rpaludoplay-app/src/static/images/09908885.png -> /home/ddurand/fotos/09908885.png
2026-08-21 18:43:11,183 INFO photo_manager - Foto movida: /home/ddurand/proyectos/personal/rpaludoplay-app/src/static/images/46766199.png -> /home/ddurand/fotos/46766199.png
2026-08-21 18:43:11,184 INFO photo_manager - Foto movida: /home/ddurand/proyectos/personal/rpaludoplay-app/src/static/images/41273128.png -> /home/ddurand/fotos/41273128.png
2026-08-21 18:43:11,184 INFO photo_manager - Foto movida: /home/ddurand/proyectos/personal/rpaludoplay-app/src/static/images/17538157.png -> /home/ddurand/fotos/17538157.png
2026-08-21 18:43:11,184 INFO photo_manager - Foto movida: /home/ddurand/proyectos/personal/rpaludoplay-app/src/static/images/08675455.png -> /home/ddurand/fotos/08675455.png
2026-08-21 18:43:11,185 INFO photo_manager - Foto movida: /home/ddurand/proyectos/personal/rpaludoplay-app/src/static/images/02371284.png -> /home/ddurand/fotos/02371284.png
2026-08-21 18:43:11,185 INFO photo_manager - Foto movida: /home/ddurand/proyectos/personal/rpaludoplay-app/src/static/images/10868086.png -> /home/ddurand/fotos/10868086.png
2026-08-21 18:43:11,186 INFO photo_manager - Foto movida: /home/ddurand/proyectos/personal/rpaludoplay-app/src/static/images/09743052.png -> /home/ddurand/fotos/09743052.png
2026-08-21 18:43:11,186 INFO photo_manager - Foto movida: /home/ddurand/proyectos/personal/rpaludoplay-app/src/static/images/46729512.png -> /home/ddurand/fotos/46729512.png
2026-08-21 18:43:11,186 INFO photo_manager - Foto movida: /home/ddurand/proyectos/personal/rpaludoplay-app/src/static/images/44981256.png -> /home/ddurand/fotos/44981256.png
2026-08-21 18:43:11,186 INFO photo_manager - Foto movida: /home/ddurand/proyectos/personal/rpaludoplay-app/src/static/images/02801737.png -> /home/ddurand/fotos/02801737.png
2026-08-21 18:43:11,187 INFO photo_manager - Foto movida: /home/ddurand/proyectos/personal/rpaludoplay-app/src/static/images/05372358.png -> /home/ddurand/fotos/05372358.png
2026-08-21 18:43:11,188 INFO photo_manager - Foto movida: /home/ddurand/proyectos/personal/rpaludoplay-app/src/static/images/10586841.png -> /home/ddurand/fotos/10586841.png
2026-08-21 18:43:11,188 INFO photo_manager - Foto movida: /home/ddurand/proyectos/personal/rpaludoplay-app/src/static/images/74654315.png -> /home/ddurand/fotos/74654315.png
2026-08-21 18:43:11,188 INFO photo_manager - Foto movida: /home/ddurand/proyectos/personal/rpaludoplay-app/src/static/images/19848976.png -> /home/ddurand/fotos/19848976.png
2026-08-21 18:43:11,189 INFO photo_manager - Foto movida: /home/ddurand/proyectos/personal/rpaludoplay-app/src/static/images/06599923.png -> /home/ddurand/fotos/06599923.png
2026-08-21 18:43:11,190 INFO photo_manager - Foto movida: /home/ddurand/proyectos/personal/rpaludoplay-app/src/static/images/10267854.png -> /home/ddurand/fotos/10267854.png
2026-08-21 18:43:11,190 INFO photo_manager - Foto movida: /home/ddurand/proyectos/personal/rpaludoplay-app/src/static/images/42540265.png -> /home/ddurand/fotos/42540265.png
2026-08-21 18:43:11,190 INFO photo_manager - Foto movida: /home/ddurand/proyectos/personal/rpaludoplay-app/src/static/images/44968377.png -> /home/ddurand/fotos/44968377.png
2026-08-21 18:43:11,191 INFO photo_manager - Foto movida: /home/ddurand/proyectos/personal/rpaludoplay-app/src/static/images/06650387.png -> /home/ddurand/fotos/06650387.png
2026-08-21 18:43:11,191 INFO photo_manager - Foto movida: /home/ddurand/proyectos/personal/rpaludoplay-app/src/static/images/70562450.png -> /home/ddurand/fotos/70562450.png
2026-08-21 18:43:11,191 INFO photo_manager - Foto movida: /home/ddurand/proyectos/personal/rpaludoplay-app/src/static/images/27668743.png -> /home/ddurand/fotos/27668743.png
2026-08-21 18:43:11,191 INFO photo_manager - Foto movida: /home/ddurand/proyectos/personal/rpaludoplay-app/src/static/images/43378209.png -> /home/ddurand/fotos/43378209.png
2026-08-21 18:43:11,192 INFO photo_manager - Foto movida: /home/ddurand/proyectos/personal/rpaludoplay-app/src/static/images/06239574.png -> /home/ddurand/fotos/06239574.png
2026-08-21 18:43:11,192 INFO photo_manager - Foto movida: /home/ddurand/proyectos/personal/rpaludoplay-app/src/static/images/16685011.png -> /home/ddurand/fotos/16685011.png
2026-08-21 18:43:11,192 INFO photo_manager - Foto movida: /home/ddurand/proyectos/personal/rpaludoplay-app/src/static/images/73172857.png -> /home/ddurand/fotos/73172857.png
2026-08-21 18:43:11,193 INFO photo_manager - Foto movida: /home/ddurand/proyectos/personal/rpaludoplay-app/src/static/images/43200081.png -> /home/ddurand/fotos/43200081.png
2026-08-21 18:43:11,193 INFO photo_manager - Foto movida: /home/ddurand/proyectos/personal/rpaludoplay-app/src/static/images/10032120.png -> /home/ddurand/fotos/10032120.png
2026-08-21 18:43:11,193 INFO photo_manager - Foto movida: /home/ddurand/proyectos/personal/rpaludoplay-app/src/static/images/43613939.png -> /home/ddurand/fotos/43613939.png
2026-08-21 18:43:11,193 INFO photo_manager - Foto movida: /home/ddurand/proyectos/personal/rpaludoplay-app/src/static/images/71476714.png -> /home/ddurand/fotos/71476714.png
2026-08-21 18:43:11,194 INFO photo_manager - Foto movida: /home/ddurand/proyectos/personal/rpaludoplay-app/src/static/images/73020009.png -> /home/ddurand/fotos/73020009.png
2026-08-21 18:43:11,194 INFO photo_manager - Foto movida: /home/ddurand/proyectos/personal/rpaludoplay-app/src/static/images/42388090.png -> /home/ddurand/fotos/42388090.png
2026-08-21 18:43:11,194 INFO photo_manager - Foto movida: /home/ddurand/proyectos/personal/rpaludoplay-app/src/static/images/16629793.png -> /home/ddurand/fotos/16629793.png
2026-08-21 18:43:11,194 INFO photo_manager - Foto movida: /home/ddurand/proyectos/personal/rpaludoplay-app/src/static/images/10632425.png -> /home/ddurand/fotos/10632425.png
2026-08-21 18:43:11,195 INFO photo_manager - Foto movida: /home/ddurand/proyectos/personal/rpaludoplay-app/src/static/images/00682828.png -> /home/ddurand/fotos/00682828.png
2026-08-21 18:43:11,195 INFO photo_manager - Foto movida: /home/ddurand/proyectos/personal/rpaludoplay-app/src/static/images/42434318.png -> /home/ddurand/fotos/42434318.png
2026-08-21 18:43:11,195 INFO photo_manager - Foto movida: /home/ddurand/proyectos/personal/rpaludoplay-app/src/static/images/42455780.png -> /home/ddurand/fotos/42455780.png
2026-08-21 18:43:11,195 INFO photo_manager - Foto movida: /home/ddurand/proyectos/personal/rpaludoplay-app/src/static/images/48858132.png -> /home/ddurand/fotos/48858132.png
2026-08-21 18:43:11,196 INFO photo_manager - Foto movida: /home/ddurand/proyectos/personal/rpaludoplay-app/src/static/images/42315463.png -> /home/ddurand/fotos/42315463.png
2026-08-21 18:43:11,196 INFO photo_manager - Foto movida: /home/ddurand/proyectos/personal/rpaludoplay-app/src/static/images/43666744.png -> /home/ddurand/fotos/43666744.png
2026-08-21 18:43:11,196 INFO photo_manager - Foto movida: /home/ddurand/proyectos/personal/rpaludoplay-app/src/static/images/43840406.png -> /home/ddurand/fotos/43840406.png
2026-08-21 18:43:11,197 INFO photo_manager - Foto movida: /home/ddurand/proyectos/personal/rpaludoplay-app/src/static/images/23988792.png -> /home/ddurand/fotos/23988792.png
2026-08-21 18:43:11,197 INFO photo_manager - Foto movida: /home/ddurand/proyectos/personal/rpaludoplay-app/src/static/images/42507705.png -> /home/ddurand/fotos/42507705.png
2026-08-21 18:43:11,197 INFO photo_manager - Foto movida: /home/ddurand/proyectos/personal/rpaludoplay-app/src/static/images/06771951.png -> /home/ddurand/fotos/06771951.png
2026-08-21 18:43:11,197 INFO photo_manager - Foto movida: /home/ddurand/proyectos/personal/rpaludoplay-app/src/static/images/45129176.png -> /home/ddurand/fotos/45129176.png
2026-08-21 18:43:11,198 INFO photo_manager - Foto movida: /home/ddurand/proyectos/personal/rpaludoplay-app/src/static/images/10586666.png -> /home/ddurand/fotos/10586666.png
2026-08-21 18:43:11,198 INFO photo_manager - Foto movida: /home/ddurand/proyectos/personal/rpaludoplay-app/src/static/images/10226420.png -> /home/ddurand/fotos/10226420.png
2026-08-21 18:43:11,198 INFO photo_manager - Foto movida: /home/ddurand/proyectos/personal/rpaludoplay-app/src/static/images/001330191.png -> /home/ddurand/fotos/001330191.png
2026-08-21 18:43:11,198 INFO photo_manager - Foto movida: /home/ddurand/proyectos/personal/rpaludoplay-app/src/static/images/001121730.png -> /home/ddurand/fotos/001121730.png
2026-08-21 18:43:11,199 INFO photo_manager - Foto movida: /home/ddurand/proyectos/personal/rpaludoplay-app/src/static/images/16645411.png -> /home/ddurand/fotos/16645411.png
2026-08-21 18:43:11,199 INFO photo_manager - Foto movida: /home/ddurand/proyectos/personal/rpaludoplay-app/src/static/images/16647404.png -> /home/ddurand/fotos/16647404.png
2026-08-21 18:43:11,199 INFO photo_manager - Foto movida: /home/ddurand/proyectos/personal/rpaludoplay-app/src/static/images/10723745.png -> /home/ddurand/fotos/10723745.png
2026-08-21 18:43:11,200 INFO photo_manager - Foto movida: /home/ddurand/proyectos/personal/rpaludoplay-app/src/static/images/43638455.png -> /home/ddurand/fotos/43638455.png
2026-08-21 18:43:11,200 INFO photo_manager - Foto movida: /home/ddurand/proyectos/personal/rpaludoplay-app/src/static/images/41334168.png -> /home/ddurand/fotos/41334168.png
2026-08-21 18:43:11,200 INFO photo_manager - Foto movida: /home/ddurand/proyectos/personal/rpaludoplay-app/src/static/images/42019080.png -> /home/ddurand/fotos/42019080.png
2026-08-21 18:43:11,201 INFO photo_manager - Foto movida: /home/ddurand/proyectos/personal/rpaludoplay-app/src/static/images/72547936.png -> /home/ddurand/fotos/72547936.png
2026-08-21 18:43:11,201 INFO photo_manager - Foto movida: /home/ddurand/proyectos/personal/rpaludoplay-app/src/static/images/46986366.png -> /home/ddurand/fotos/46986366.png
2026-08-21 18:43:11,202 INFO photo_manager - Foto movida: /home/ddurand/proyectos/personal/rpaludoplay-app/src/static/images/44086241.png -> /home/ddurand/fotos/44086241.png
2026-08-21 18:43:11,202 INFO photo_manager - Foto movida: /home/ddurand/proyectos/personal/rpaludoplay-app/src/static/images/41401438.png -> /home/ddurand/fotos/41401438.png
2026-08-21 18:43:11,202 INFO photo_manager - Foto movida: /home/ddurand/proyectos/personal/rpaludoplay-app/src/static/images/46598265.png -> /home/ddurand/fotos/46598265.png
2026-08-21 18:43:11,203 INFO photo_manager - Foto movida: /home/ddurand/proyectos/personal/rpaludoplay-app/src/static/images/43284070.png -> /home/ddurand/fotos/43284070.png
2026-08-21 18:43:11,203 INFO photo_manager - Foto movida: /home/ddurand/proyectos/personal/rpaludoplay-app/src/static/images/42812716.png -> /home/ddurand/fotos/42812716.png
2026-08-21 18:43:11,203 INFO photo_manager - Foto movida: /home/ddurand/proyectos/personal/rpaludoplay-app/src/static/images/43598987.png -> /home/ddurand/fotos/43598987.png
2026-08-21 18:43:11,204 INFO photo_manager - Foto movida: /home/ddurand/proyectos/personal/rpaludoplay-app/src/static/images/40713611.png -> /home/ddurand/fotos/40713611.png
2026-08-21 18:43:11,205 INFO photo_manager - Foto movida: /home/ddurand/proyectos/personal/rpaludoplay-app/src/static/images/43793079.png -> /home/ddurand/fotos/43793079.png
2026-08-21 18:43:11,205 INFO photo_manager - Foto movida: /home/ddurand/proyectos/personal/rpaludoplay-app/src/static/images/43221902.png -> /home/ddurand/fotos/43221902.png
2026-08-21 18:43:11,206 INFO photo_manager - Foto movida: /home/ddurand/proyectos/personal/rpaludoplay-app/src/static/images/70050451.png -> /home/ddurand/fotos/70050451.png
2026-08-21 18:43:11,206 INFO photo_manager - Foto movida: /home/ddurand/proyectos/personal/rpaludoplay-app/src/static/images/47217047.png -> /home/ddurand/fotos/47217047.png
2026-08-21 18:43:11,206 INFO photo_manager - Foto movida: /home/ddurand/proyectos/personal/rpaludoplay-app/src/static/images/47919494.png -> /home/ddurand/fotos/47919494.png
2026-08-21 18:43:11,207 INFO photo_manager - Foto movida: /home/ddurand/proyectos/personal/rpaludoplay-app/src/static/images/46732592.png -> /home/ddurand/fotos/46732592.png
2026-08-21 18:43:11,207 INFO photo_manager - Foto movida: /home/ddurand/proyectos/personal/rpaludoplay-app/src/static/images/42863950.png -> /home/ddurand/fotos/42863950.png
2026-08-21 18:43:11,207 INFO photo_manager - Foto movida: /home/ddurand/proyectos/personal/rpaludoplay-app/src/static/images/46481603.png -> /home/ddurand/fotos/46481603.png
2026-08-21 18:43:11,208 INFO photo_manager - Foto movida: /home/ddurand/proyectos/personal/rpaludoplay-app/src/static/images/43285213.png -> /home/ddurand/fotos/43285213.png
2026-08-21 18:43:11,208 INFO photo_manager - Foto movida: /home/ddurand/proyectos/personal/rpaludoplay-app/src/static/images/45237963.png -> /home/ddurand/fotos/45237963.png
2026-08-21 18:43:11,208 INFO photo_manager - Foto movida: /home/ddurand/proyectos/personal/rpaludoplay-app/src/static/images/44722261.png -> /home/ddurand/fotos/44722261.png
2026-08-21 18:43:11,209 INFO photo_manager - Foto movida: /home/ddurand/proyectos/personal/rpaludoplay-app/src/static/images/000098151.png -> /home/ddurand/fotos/000098151.png
2026-08-21 18:43:11,209 INFO photo_manager - Foto movida: /home/ddurand/proyectos/personal/rpaludoplay-app/src/static/images/09961471.png -> /home/ddurand/fotos/09961471.png
2026-08-21 18:43:11,209 INFO photo_manager - Foto movida: /home/ddurand/proyectos/personal/rpaludoplay-app/src/static/images/44306548.png -> /home/ddurand/fotos/44306548.png
2026-08-21 18:43:11,210 INFO photo_manager - Foto movida: /home/ddurand/proyectos/personal/rpaludoplay-app/src/static/images/07095688.png -> /home/ddurand/fotos/07095688.png
2026-08-21 18:43:11,210 INFO photo_manager - Foto movida: /home/ddurand/proyectos/personal/rpaludoplay-app/src/static/images/43794910.png -> /home/ddurand/fotos/43794910.png
2026-08-21 18:43:11,210 INFO photo_manager - Foto movida: /home/ddurand/proyectos/personal/rpaludoplay-app/src/static/images/09340915.png -> /home/ddurand/fotos/09340915.png
2026-08-21 18:43:11,211 INFO photo_manager - Foto movida: /home/ddurand/proyectos/personal/rpaludoplay-app/src/static/images/44353367.png -> /home/ddurand/fotos/44353367.png
2026-08-21 18:43:11,211 INFO photo_manager - Foto movida: /home/ddurand/proyectos/personal/rpaludoplay-app/src/static/images/43107462.png -> /home/ddurand/fotos/43107462.png
2026-08-21 18:43:11,211 INFO photo_manager - Foto movida: /home/ddurand/proyectos/personal/rpaludoplay-app/src/static/images/42695868.png -> /home/ddurand/fotos/42695868.png
2026-08-21 18:43:11,211 INFO photo_manager - Foto movida: /home/ddurand/proyectos/personal/rpaludoplay-app/src/static/images/42311550.png -> /home/ddurand/fotos/42311550.png
2026-08-21 18:43:11,212 INFO photo_manager - Foto movida: /home/ddurand/proyectos/personal/rpaludoplay-app/src/static/images/41452938.png -> /home/ddurand/fotos/41452938.png
2026-08-21 18:43:11,212 INFO photo_manager - Foto movida: /home/ddurand/proyectos/personal/rpaludoplay-app/src/static/images/46335447.png -> /home/ddurand/fotos/46335447.png
2026-08-21 18:43:11,212 INFO photo_manager - Foto movida: /home/ddurand/proyectos/personal/rpaludoplay-app/src/static/images/44976973.png -> /home/ddurand/fotos/44976973.png
2026-08-21 18:43:11,212 INFO photo_manager - Foto movida: /home/ddurand/proyectos/personal/rpaludoplay-app/src/static/images/16724150.png -> /home/ddurand/fotos/16724150.png
2026-08-21 18:43:11,213 INFO photo_manager - Foto movida: /home/ddurand/proyectos/personal/rpaludoplay-app/src/static/images/47587613.png -> /home/ddurand/fotos/47587613.png
2026-08-21 18:43:11,213 INFO photo_manager - Foto movida: /home/ddurand/proyectos/personal/rpaludoplay-app/src/static/images/001818875.png -> /home/ddurand/fotos/001818875.png
2026-08-21 18:43:11,213 INFO photo_manager - Foto movida: /home/ddurand/proyectos/personal/rpaludoplay-app/src/static/images/43868795.png -> /home/ddurand/fotos/43868795.png
2026-08-21 18:43:11,214 INFO photo_manager - Foto movida: /home/ddurand/proyectos/personal/rpaludoplay-app/src/static/images/16795114.png -> /home/ddurand/fotos/16795114.png
2026-08-21 18:43:11,214 INFO photo_manager - Foto movida: /home/ddurand/proyectos/personal/rpaludoplay-app/src/static/images/41463737.png -> /home/ddurand/fotos/41463737.png
2026-08-21 18:43:11,214 INFO photo_manager - Foto movida: /home/ddurand/proyectos/personal/rpaludoplay-app/src/static/images/44490560.png -> /home/ddurand/fotos/44490560.png
2026-08-21 18:43:11,214 INFO photo_manager - Foto movida: /home/ddurand/proyectos/personal/rpaludoplay-app/src/static/images/16758488.png -> /home/ddurand/fotos/16758488.png
2026-08-21 18:43:11,215 INFO photo_manager - Foto movida: /home/ddurand/proyectos/personal/rpaludoplay-app/src/static/images/43211650.png -> /home/ddurand/fotos/43211650.png
2026-08-21 18:43:11,215 INFO photo_manager - Foto movida: /home/ddurand/proyectos/personal/rpaludoplay-app/src/static/images/24707150.png -> /home/ddurand/fotos/24707150.png
2026-08-21 18:43:11,215 INFO photo_manager - Foto movida: /home/ddurand/proyectos/personal/rpaludoplay-app/src/static/images/44579706.png -> /home/ddurand/fotos/44579706.png
2026-08-21 18:43:11,215 INFO photo_manager - Foto movida: /home/ddurand/proyectos/personal/rpaludoplay-app/src/static/images/29413969.png -> /home/ddurand/fotos/29413969.png
2026-08-21 18:43:11,216 INFO photo_manager - Foto movida: /home/ddurand/proyectos/personal/rpaludoplay-app/src/static/images/44429722.png -> /home/ddurand/fotos/44429722.png
2026-08-21 18:43:11,216 INFO photo_manager - Foto movida: /home/ddurand/proyectos/personal/rpaludoplay-app/src/static/images/44004652.png -> /home/ddurand/fotos/44004652.png
2026-08-21 18:43:11,216 INFO photo_manager - Foto movida: /home/ddurand/proyectos/personal/rpaludoplay-app/src/static/images/18174413.png -> /home/ddurand/fotos/18174413.png
2026-08-21 18:43:11,216 INFO photo_manager - Foto movida: /home/ddurand/proyectos/personal/rpaludoplay-app/src/static/images/24952868.png -> /home/ddurand/fotos/24952868.png
2026-08-21 18:43:11,217 INFO photo_manager - Foto movida: /home/ddurand/proyectos/personal/rpaludoplay-app/src/static/images/44540821.png -> /home/ddurand/fotos/44540821.png
2026-08-21 18:43:11,217 INFO photo_manager - Foto movida: /home/ddurand/proyectos/personal/rpaludoplay-app/src/static/images/40906692.png -> /home/ddurand/fotos/40906692.png
2026-08-21 18:43:11,217 INFO photo_manager - Foto movida: /home/ddurand/proyectos/personal/rpaludoplay-app/src/static/images/25709836.png -> /home/ddurand/fotos/25709836.png
2026-08-21 18:43:11,217 INFO photo_manager - Foto movida: /home/ddurand/proyectos/personal/rpaludoplay-app/src/static/images/10399535.png -> /home/ddurand/fotos/10399535.png
2026-08-21 18:43:11,218 INFO photo_manager - Foto movida: /home/ddurand/proyectos/personal/rpaludoplay-app/src/static/images/40919058.png -> /home/ddurand/fotos/40919058.png
2026-08-21 18:43:11,218 INFO photo_manager - Foto movida: /home/ddurand/proyectos/personal/rpaludoplay-app/src/static/images/45821190.png -> /home/ddurand/fotos/45821190.png
2026-08-21 18:43:11,218 INFO photo_manager - Foto movida: /home/ddurand/proyectos/personal/rpaludoplay-app/src/static/images/26605030.png -> /home/ddurand/fotos/26605030.png
2026-08-21 18:43:11,218 INFO photo_manager - Foto movida: /home/ddurand/proyectos/personal/rpaludoplay-app/src/static/images/73249535.png -> /home/ddurand/fotos/73249535.png
2026-08-21 18:43:11,219 INFO photo_manager - Foto movida: /home/ddurand/proyectos/personal/rpaludoplay-app/src/static/images/000025588.png -> /home/ddurand/fotos/000025588.png
2026-08-21 18:43:11,219 INFO photo_manager - Foto movida: /home/ddurand/proyectos/personal/rpaludoplay-app/src/static/images/08771329.png -> /home/ddurand/fotos/08771329.png
2026-08-21 18:43:11,219 INFO photo_manager - Foto movida: /home/ddurand/proyectos/personal/rpaludoplay-app/src/static/images/73257926.png -> /home/ddurand/fotos/73257926.png
2026-08-21 18:43:11,219 INFO photo_manager - Foto movida: /home/ddurand/proyectos/personal/rpaludoplay-app/src/static/images/18085084.png -> /home/ddurand/fotos/18085084.png
2026-08-21 18:43:11,220 INFO photo_manager - Foto movida: /home/ddurand/proyectos/personal/rpaludoplay-app/src/static/images/45392595.png -> /home/ddurand/fotos/45392595.png
2026-08-21 18:43:11,220 INFO photo_manager - Foto movida: /home/ddurand/proyectos/personal/rpaludoplay-app/src/static/images/71255276.png -> /home/ddurand/fotos/71255276.png
2026-08-21 18:43:11,220 INFO photo_manager - Foto movida: /home/ddurand/proyectos/personal/rpaludoplay-app/src/static/images/23998083.png -> /home/ddurand/fotos/23998083.png
2026-08-21 18:43:11,220 INFO photo_manager - Foto movida: /home/ddurand/proyectos/personal/rpaludoplay-app/src/static/images/001630131.png -> /home/ddurand/fotos/001630131.png
2026-08-21 18:43:11,221 INFO photo_manager - Foto movida: /home/ddurand/proyectos/personal/rpaludoplay-app/src/static/images/46482448.png -> /home/ddurand/fotos/46482448.png
2026-08-21 18:43:11,221 INFO photo_manager - Foto movida: /home/ddurand/proyectos/personal/rpaludoplay-app/src/static/images/44784573.png -> /home/ddurand/fotos/44784573.png
2026-08-21 18:43:11,221 INFO photo_manager - Foto movida: /home/ddurand/proyectos/personal/rpaludoplay-app/src/static/images/47348602.png -> /home/ddurand/fotos/47348602.png
2026-08-21 18:43:11,221 INFO photo_manager - Foto movida: /home/ddurand/proyectos/personal/rpaludoplay-app/src/static/images/16787803.png -> /home/ddurand/fotos/16787803.png
2026-08-21 18:43:11,222 INFO photo_manager - Foto movida: /home/ddurand/proyectos/personal/rpaludoplay-app/src/static/images/47579523.png -> /home/ddurand/fotos/47579523.png
2026-08-21 18:43:11,222 INFO photo_manager - Foto movida: /home/ddurand/proyectos/personal/rpaludoplay-app/src/static/images/80293587.png -> /home/ddurand/fotos/80293587.png
2026-08-21 18:43:11,222 INFO photo_manager - Foto movida: /home/ddurand/proyectos/personal/rpaludoplay-app/src/static/images/42473440.png -> /home/ddurand/fotos/42473440.png
2026-08-21 18:43:11,223 INFO photo_manager - Foto movida: /home/ddurand/proyectos/personal/rpaludoplay-app/src/static/images/80339628.png -> /home/ddurand/fotos/80339628.png
2026-08-21 18:43:11,223 INFO photo_manager - Foto movida: /home/ddurand/proyectos/personal/rpaludoplay-app/src/static/images/16693950.png -> /home/ddurand/fotos/16693950.png
2026-08-21 18:43:11,223 INFO photo_manager - Foto movida: /home/ddurand/proyectos/personal/rpaludoplay-app/src/static/images/16701658.png -> /home/ddurand/fotos/16701658.png
2026-08-21 18:43:11,224 INFO photo_manager - Foto movida: /home/ddurand/proyectos/personal/rpaludoplay-app/src/static/images/09648036.png -> /home/ddurand/fotos/09648036.png
2026-08-21 18:43:11,224 INFO photo_manager - Foto movida: /home/ddurand/proyectos/personal/rpaludoplay-app/src/static/images/07856086.png -> /home/ddurand/fotos/07856086.png
2026-08-21 18:43:11,224 INFO photo_manager - Foto movida: /home/ddurand/proyectos/personal/rpaludoplay-app/src/static/images/07148417.png -> /home/ddurand/fotos/07148417.png
2026-08-21 18:43:11,225 INFO photo_manager - Foto movida: /home/ddurand/proyectos/personal/rpaludoplay-app/src/static/images/31038711.png -> /home/ddurand/fotos/31038711.png
2026-08-21 18:43:11,225 INFO photo_manager - Foto movida: /home/ddurand/proyectos/personal/rpaludoplay-app/src/static/images/16545408.png -> /home/ddurand/fotos/16545408.png
2026-08-21 18:43:11,225 INFO photo_manager - Foto movida: /home/ddurand/proyectos/personal/rpaludoplay-app/src/static/images/06797683.png -> /home/ddurand/fotos/06797683.png
2026-08-21 18:43:11,225 INFO photo_manager - Foto movida: /home/ddurand/proyectos/personal/rpaludoplay-app/src/static/images/73011075.png -> /home/ddurand/fotos/73011075.png
2026-08-21 18:43:11,226 INFO photo_manager - Foto movida: /home/ddurand/proyectos/personal/rpaludoplay-app/src/static/images/09931875.png -> /home/ddurand/fotos/09931875.png
2026-08-21 18:43:11,227 INFO photo_manager - Foto movida: /home/ddurand/proyectos/personal/rpaludoplay-app/src/static/images/25752701.png -> /home/ddurand/fotos/25752701.png
2026-08-21 18:43:11,227 INFO photo_manager - Foto movida: /home/ddurand/proyectos/personal/rpaludoplay-app/src/static/images/46727389.png -> /home/ddurand/fotos/46727389.png
2026-08-21 18:43:11,227 INFO photo_manager - Foto movida: /home/ddurand/proyectos/personal/rpaludoplay-app/src/static/images/80528431.png -> /home/ddurand/fotos/80528431.png
2026-08-21 18:43:11,228 INFO photo_manager - Foto movida: /home/ddurand/proyectos/personal/rpaludoplay-app/src/static/images/46763120.png -> /home/ddurand/fotos/46763120.png
2026-08-21 18:43:11,228 INFO photo_manager - Foto movida: /home/ddurand/proyectos/personal/rpaludoplay-app/src/static/images/16772877.png -> /home/ddurand/fotos/16772877.png
2026-08-21 18:43:11,228 INFO photo_manager - Foto movida: /home/ddurand/proyectos/personal/rpaludoplay-app/src/static/images/72539171.png -> /home/ddurand/fotos/72539171.png
2026-08-21 18:43:11,229 INFO photo_manager - Foto movida: /home/ddurand/proyectos/personal/rpaludoplay-app/src/static/images/08702976.png -> /home/ddurand/fotos/08702976.png
2026-08-21 18:43:11,229 INFO photo_manager - Foto movida: /home/ddurand/proyectos/personal/rpaludoplay-app/src/static/images/08702836.png -> /home/ddurand/fotos/08702836.png
2026-08-21 18:43:11,229 INFO photo_manager - Foto movida: /home/ddurand/proyectos/personal/rpaludoplay-app/src/static/images/16676143.png -> /home/ddurand/fotos/16676143.png
2026-08-21 18:43:11,230 INFO photo_manager - Foto movida: /home/ddurand/proyectos/personal/rpaludoplay-app/src/static/images/41527875.png -> /home/ddurand/fotos/41527875.png
2026-08-21 18:43:11,230 INFO photo_manager - Foto movida: /home/ddurand/proyectos/personal/rpaludoplay-app/src/static/images/16758145.png -> /home/ddurand/fotos/16758145.png
2026-08-21 18:43:11,231 INFO photo_manager - Foto movida: /home/ddurand/proyectos/personal/rpaludoplay-app/src/static/images/27412466.png -> /home/ddurand/fotos/27412466.png
2026-08-21 18:43:11,231 INFO photo_manager - Foto movida: /home/ddurand/proyectos/personal/rpaludoplay-app/src/static/images/07070458.png -> /home/ddurand/fotos/07070458.png
2026-08-21 18:43:11,231 INFO photo_manager - Foto movida: /home/ddurand/proyectos/personal/rpaludoplay-app/src/static/images/44797931.png -> /home/ddurand/fotos/44797931.png
2026-08-21 18:43:11,232 INFO photo_manager - Foto movida: /home/ddurand/proyectos/personal/rpaludoplay-app/src/static/images/73314875.png -> /home/ddurand/fotos/73314875.png
2026-08-21 18:43:11,232 INFO photo_manager - Foto movida: /home/ddurand/proyectos/personal/rpaludoplay-app/src/static/images/41203282.png -> /home/ddurand/fotos/41203282.png
2026-08-21 18:43:11,232 INFO photo_manager - Foto movida: /home/ddurand/proyectos/personal/rpaludoplay-app/src/static/images/42408703.png -> /home/ddurand/fotos/42408703.png
2026-08-21 18:43:11,232 INFO photo_manager - Foto movida: /home/ddurand/proyectos/personal/rpaludoplay-app/src/static/images/42384953.png -> /home/ddurand/fotos/42384953.png
2026-08-21 18:43:11,233 INFO photo_manager - Foto movida: /home/ddurand/proyectos/personal/rpaludoplay-app/src/static/images/41468436.png -> /home/ddurand/fotos/41468436.png
2026-08-21 18:43:11,233 INFO photo_manager - Foto movida: /home/ddurand/proyectos/personal/rpaludoplay-app/src/static/images/05402957.png -> /home/ddurand/fotos/05402957.png
2026-08-21 18:43:11,233 INFO photo_manager - Foto movida: /home/ddurand/proyectos/personal/rpaludoplay-app/src/static/images/21560112.png -> /home/ddurand/fotos/21560112.png
2026-08-21 18:43:11,234 INFO photo_manager - Foto movida: /home/ddurand/proyectos/personal/rpaludoplay-app/src/static/images/43010472.png -> /home/ddurand/fotos/43010472.png
2026-08-21 18:43:11,234 INFO photo_manager - Foto movida: /home/ddurand/proyectos/personal/rpaludoplay-app/src/static/images/74887143.png -> /home/ddurand/fotos/74887143.png
2026-08-21 18:43:11,234 INFO photo_manager - Foto movida: /home/ddurand/proyectos/personal/rpaludoplay-app/src/static/images/41294024.png -> /home/ddurand/fotos/41294024.png
2026-08-21 18:43:11,235 INFO photo_manager - Foto movida: /home/ddurand/proyectos/personal/rpaludoplay-app/src/static/images/40149184.png -> /home/ddurand/fotos/40149184.png
2026-08-21 18:43:11,235 INFO photo_manager - Foto movida: /home/ddurand/proyectos/personal/rpaludoplay-app/src/static/images/40059895.png -> /home/ddurand/fotos/40059895.png
2026-08-21 18:43:11,235 INFO photo_manager - Foto movida: /home/ddurand/proyectos/personal/rpaludoplay-app/src/static/images/72816270.png -> /home/ddurand/fotos/72816270.png
2026-08-21 18:43:11,236 INFO photo_manager - Foto movida: /home/ddurand/proyectos/personal/rpaludoplay-app/src/static/images/71928228.png -> /home/ddurand/fotos/71928228.png
2026-08-21 18:43:11,236 INFO photo_manager - Foto movida: /home/ddurand/proyectos/personal/rpaludoplay-app/src/static/images/42386634.png -> /home/ddurand/fotos/42386634.png
2026-08-21 18:43:11,236 INFO photo_manager - Foto movida: /home/ddurand/proyectos/personal/rpaludoplay-app/src/static/images/40161338.png -> /home/ddurand/fotos/40161338.png
2026-08-21 18:43:11,237 INFO photo_manager - Foto movida: /home/ddurand/proyectos/personal/rpaludoplay-app/src/static/images/42973993.png -> /home/ddurand/fotos/42973993.png
2026-08-21 18:43:11,237 INFO photo_manager - Foto movida: /home/ddurand/proyectos/personal/rpaludoplay-app/src/static/images/45792616.png -> /home/ddurand/fotos/45792616.png
2026-08-21 18:43:11,237 INFO photo_manager - Foto movida: /home/ddurand/proyectos/personal/rpaludoplay-app/src/static/images/09839787.png -> /home/ddurand/fotos/09839787.png
2026-08-21 18:43:11,238 INFO photo_manager - Foto movida: /home/ddurand/proyectos/personal/rpaludoplay-app/src/static/images/02806678.png -> /home/ddurand/fotos/02806678.png
2026-08-21 18:43:11,238 INFO photo_manager - Foto movida: /home/ddurand/proyectos/personal/rpaludoplay-app/src/static/images/42785622.png -> /home/ddurand/fotos/42785622.png
2026-08-21 18:43:11,239 INFO photo_manager - Foto movida: /home/ddurand/proyectos/personal/rpaludoplay-app/src/static/images/44040685.png -> /home/ddurand/fotos/44040685.png
2026-08-21 18:43:11,239 INFO photo_manager - Foto movida: /home/ddurand/proyectos/personal/rpaludoplay-app/src/static/images/46492041.png -> /home/ddurand/fotos/46492041.png
2026-08-21 18:43:11,240 INFO photo_manager - Foto movida: /home/ddurand/proyectos/personal/rpaludoplay-app/src/static/images/80332161.png -> /home/ddurand/fotos/80332161.png
2026-08-21 18:43:11,240 INFO photo_manager - Foto movida: /home/ddurand/proyectos/personal/rpaludoplay-app/src/static/images/42029965.png -> /home/ddurand/fotos/42029965.png
2026-08-21 18:43:11,240 INFO photo_manager - Foto movida: /home/ddurand/proyectos/personal/rpaludoplay-app/src/static/images/73540422.png -> /home/ddurand/fotos/73540422.png
2026-08-21 18:43:11,241 INFO photo_manager - Foto movida: /home/ddurand/proyectos/personal/rpaludoplay-app/src/static/images/43128557.png -> /home/ddurand/fotos/43128557.png
2026-08-21 18:43:11,241 INFO photo_manager - Foto movida: /home/ddurand/proyectos/personal/rpaludoplay-app/src/static/images/80365544.png -> /home/ddurand/fotos/80365544.png
2026-08-21 18:43:11,242 INFO photo_manager - Foto movida: /home/ddurand/proyectos/personal/rpaludoplay-app/src/static/images/10537825.png -> /home/ddurand/fotos/10537825.png
2026-08-21 18:43:11,242 INFO photo_manager - Foto movida: /home/ddurand/proyectos/personal/rpaludoplay-app/src/static/images/10232448.png -> /home/ddurand/fotos/10232448.png
2026-08-21 18:43:11,242 INFO photo_manager - Foto movida: /home/ddurand/proyectos/personal/rpaludoplay-app/src/static/images/44819195.png -> /home/ddurand/fotos/44819195.png
2026-08-21 18:43:11,242 INFO photo_manager - Foto movida: /home/ddurand/proyectos/personal/rpaludoplay-app/src/static/images/44974606.png -> /home/ddurand/fotos/44974606.png
2026-08-21 18:43:11,243 INFO photo_manager - Foto movida: /home/ddurand/proyectos/personal/rpaludoplay-app/src/static/images/40156432.png -> /home/ddurand/fotos/40156432.png
2026-08-21 18:43:11,243 INFO photo_manager - Foto movida: /home/ddurand/proyectos/personal/rpaludoplay-app/src/static/images/07508938.png -> /home/ddurand/fotos/07508938.png
2026-08-21 18:43:11,244 INFO photo_manager - Foto movida: /home/ddurand/proyectos/personal/rpaludoplay-app/src/static/images/16797160.png -> /home/ddurand/fotos/16797160.png
2026-08-21 18:43:11,244 INFO photo_manager - Foto movida: /home/ddurand/proyectos/personal/rpaludoplay-app/src/static/images/16806470.png -> /home/ddurand/fotos/16806470.png
2026-08-21 18:43:11,244 INFO photo_manager - Foto movida: /home/ddurand/proyectos/personal/rpaludoplay-app/src/static/images/16760985.png -> /home/ddurand/fotos/16760985.png
2026-08-21 18:43:11,244 INFO photo_manager - Foto movida: /home/ddurand/proyectos/personal/rpaludoplay-app/src/static/images/09864050.png -> /home/ddurand/fotos/09864050.png
2026-08-21 18:43:11,245 INFO photo_manager - Foto movida: /home/ddurand/proyectos/personal/rpaludoplay-app/src/static/images/73295430.png -> /home/ddurand/fotos/73295430.png
2026-08-21 18:43:11,245 INFO photo_manager - Foto movida: /home/ddurand/proyectos/personal/rpaludoplay-app/src/static/images/73371770.png -> /home/ddurand/fotos/73371770.png
2026-08-21 18:43:11,245 INFO photo_manager - Foto movida: /home/ddurand/proyectos/personal/rpaludoplay-app/src/static/images/77382852.png -> /home/ddurand/fotos/77382852.png
2026-08-21 18:43:11,246 INFO photo_manager - Foto movida: /home/ddurand/proyectos/personal/rpaludoplay-app/src/static/images/76276443.png -> /home/ddurand/fotos/76276443.png
2026-08-21 18:43:11,246 INFO photo_manager - Foto movida: /home/ddurand/proyectos/personal/rpaludoplay-app/src/static/images/73434649.png -> /home/ddurand/fotos/73434649.png
2026-08-21 18:43:11,247 INFO photo_manager - Foto movida: /home/ddurand/proyectos/personal/rpaludoplay-app/src/static/images/44013777.png -> /home/ddurand/fotos/44013777.png
2026-08-21 18:43:11,247 INFO photo_manager - Foto movida: /home/ddurand/proyectos/personal/rpaludoplay-app/src/static/images/43087107.png -> /home/ddurand/fotos/43087107.png
2026-08-21 18:43:11,248 INFO photo_manager - Foto movida: /home/ddurand/proyectos/personal/rpaludoplay-app/src/static/images/27927291.png -> /home/ddurand/fotos/27927291.png
2026-08-21 18:43:11,248 INFO photo_manager - Foto movida: /home/ddurand/proyectos/personal/rpaludoplay-app/src/static/images/06271669.png -> /home/ddurand/fotos/06271669.png
2026-08-21 18:43:11,248 INFO photo_manager - Foto movida: /home/ddurand/proyectos/personal/rpaludoplay-app/src/static/images/09533114.png -> /home/ddurand/fotos/09533114.png
2026-08-21 18:43:11,249 INFO photo_manager - Foto movida: /home/ddurand/proyectos/personal/rpaludoplay-app/src/static/images/40126728.png -> /home/ddurand/fotos/40126728.png
2026-08-21 18:43:11,249 INFO photo_manager - Foto movida: /home/ddurand/proyectos/personal/rpaludoplay-app/src/static/images/42503582.png -> /home/ddurand/fotos/42503582.png
2026-08-21 18:43:11,250 INFO photo_manager - Foto movida: /home/ddurand/proyectos/personal/rpaludoplay-app/src/static/images/40253847.png -> /home/ddurand/fotos/40253847.png
2026-08-21 18:43:11,250 INFO photo_manager - Foto movida: /home/ddurand/proyectos/personal/rpaludoplay-app/src/static/images/46637062.png -> /home/ddurand/fotos/46637062.png
2026-08-21 18:43:11,250 INFO photo_manager - Foto movida: /home/ddurand/proyectos/personal/rpaludoplay-app/src/static/images/40361966.png -> /home/ddurand/fotos/40361966.png
2026-08-21 18:43:11,251 INFO photo_manager - Foto movida: /home/ddurand/proyectos/personal/rpaludoplay-app/src/static/images/09433046.png -> /home/ddurand/fotos/09433046.png
2026-08-21 18:43:11,251 INFO photo_manager - Foto movida: /home/ddurand/proyectos/personal/rpaludoplay-app/src/static/images/25578309.png -> /home/ddurand/fotos/25578309.png
2026-08-21 18:43:11,251 INFO photo_manager - Foto movida: /home/ddurand/proyectos/personal/rpaludoplay-app/src/static/images/25845027.png -> /home/ddurand/fotos/25845027.png
2026-08-21 18:43:11,252 INFO photo_manager - Foto movida: /home/ddurand/proyectos/personal/rpaludoplay-app/src/static/images/44908749.png -> /home/ddurand/fotos/44908749.png
2026-08-21 18:43:11,252 INFO photo_manager - Foto movida: /home/ddurand/proyectos/personal/rpaludoplay-app/src/static/images/47250495.png -> /home/ddurand/fotos/47250495.png
2026-08-21 18:43:11,252 INFO photo_manager - Foto movida: /home/ddurand/proyectos/personal/rpaludoplay-app/src/static/images/00201951.png -> /home/ddurand/fotos/00201951.png
2026-08-21 18:43:11,252 INFO photo_manager - Foto movida: /home/ddurand/proyectos/personal/rpaludoplay-app/src/static/images/44075181.png -> /home/ddurand/fotos/44075181.png
2026-08-21 18:43:11,253 INFO photo_manager - Foto movida: /home/ddurand/proyectos/personal/rpaludoplay-app/src/static/images/44695186.png -> /home/ddurand/fotos/44695186.png
2026-08-21 18:43:11,253 INFO photo_manager - Foto movida: /home/ddurand/proyectos/personal/rpaludoplay-app/src/static/images/44204379.png -> /home/ddurand/fotos/44204379.png
2026-08-21 18:43:11,253 INFO photo_manager - Foto movida: /home/ddurand/proyectos/personal/rpaludoplay-app/src/static/images/41347896.png -> /home/ddurand/fotos/41347896.png
2026-08-21 18:43:11,254 INFO photo_manager - Foto movida: /home/ddurand/proyectos/personal/rpaludoplay-app/src/static/images/27571240.png -> /home/ddurand/fotos/27571240.png
2026-08-21 18:43:11,254 INFO photo_manager - Foto movida: /home/ddurand/proyectos/personal/rpaludoplay-app/src/static/images/43145483.png -> /home/ddurand/fotos/43145483.png
2026-08-21 18:43:11,255 INFO photo_manager - Foto movida: /home/ddurand/proyectos/personal/rpaludoplay-app/src/static/images/81635844.png -> /home/ddurand/fotos/81635844.png
2026-08-21 18:43:11,255 INFO photo_manager - Foto movida: /home/ddurand/proyectos/personal/rpaludoplay-app/src/static/images/43627781.png -> /home/ddurand/fotos/43627781.png
2026-08-21 18:43:11,255 INFO photo_manager - Foto movida: /home/ddurand/proyectos/personal/rpaludoplay-app/src/static/images/45449858.png -> /home/ddurand/fotos/45449858.png
2026-08-21 18:43:11,256 INFO photo_manager - Foto movida: /home/ddurand/proyectos/personal/rpaludoplay-app/src/static/images/43963320.png -> /home/ddurand/fotos/43963320.png
2026-08-21 18:43:11,256 INFO photo_manager - Foto movida: /home/ddurand/proyectos/personal/rpaludoplay-app/src/static/images/09864508.png -> /home/ddurand/fotos/09864508.png
2026-08-21 18:43:11,256 INFO photo_manager - Foto movida: /home/ddurand/proyectos/personal/rpaludoplay-app/src/static/images/73018358.png -> /home/ddurand/fotos/73018358.png
2026-08-21 18:43:11,257 INFO photo_manager - Foto movida: /home/ddurand/proyectos/personal/rpaludoplay-app/src/static/images/45611072.png -> /home/ddurand/fotos/45611072.png
2026-08-21 18:43:11,257 INFO photo_manager - Foto movida: /home/ddurand/proyectos/personal/rpaludoplay-app/src/static/images/17432979.png -> /home/ddurand/fotos/17432979.png
2026-08-21 18:43:11,257 INFO photo_manager - Foto movida: /home/ddurand/proyectos/personal/rpaludoplay-app/src/static/images/43322761.png -> /home/ddurand/fotos/43322761.png
2026-08-21 18:43:11,258 INFO photo_manager - Foto movida: /home/ddurand/proyectos/personal/rpaludoplay-app/src/static/images/42000946.png -> /home/ddurand/fotos/42000946.png
2026-08-21 18:43:11,258 INFO photo_manager - Foto movida: /home/ddurand/proyectos/personal/rpaludoplay-app/src/static/images/40471721.png -> /home/ddurand/fotos/40471721.png
2026-08-21 18:43:11,259 INFO photo_manager - Foto movida: /home/ddurand/proyectos/personal/rpaludoplay-app/src/static/images/47519455.png -> /home/ddurand/fotos/47519455.png
2026-08-21 18:43:11,259 INFO photo_manager - Foto movida: /home/ddurand/proyectos/personal/rpaludoplay-app/src/static/images/43502081.png -> /home/ddurand/fotos/43502081.png
2026-08-21 18:43:11,259 INFO photo_manager - Foto movida: /home/ddurand/proyectos/personal/rpaludoplay-app/src/static/images/42432628.png -> /home/ddurand/fotos/42432628.png
2026-08-21 18:43:11,259 INFO photo_manager - Foto movida: /home/ddurand/proyectos/personal/rpaludoplay-app/src/static/images/10690802.png -> /home/ddurand/fotos/10690802.png
2026-08-21 18:43:11,260 INFO photo_manager - Foto movida: /home/ddurand/proyectos/personal/rpaludoplay-app/src/static/images/45603666.png -> /home/ddurand/fotos/45603666.png
2026-08-21 18:43:11,260 INFO photo_manager - Foto movida: /home/ddurand/proyectos/personal/rpaludoplay-app/src/static/images/10682583.png -> /home/ddurand/fotos/10682583.png
2026-08-21 18:43:11,260 INFO photo_manager - Foto movida: /home/ddurand/proyectos/personal/rpaludoplay-app/src/static/images/07501127.png -> /home/ddurand/fotos/07501127.png
2026-08-21 18:43:11,261 INFO photo_manager - Foto movida: /home/ddurand/proyectos/personal/rpaludoplay-app/src/static/images/07042372.png -> /home/ddurand/fotos/07042372.png
2026-08-21 18:43:11,261 INFO photo_manager - Foto movida: /home/ddurand/proyectos/personal/rpaludoplay-app/src/static/images/47877881.png -> /home/ddurand/fotos/47877881.png
2026-08-21 18:43:11,261 INFO photo_manager - Foto movida: /home/ddurand/proyectos/personal/rpaludoplay-app/src/static/images/10793544.png -> /home/ddurand/fotos/10793544.png
2026-08-21 18:43:11,262 INFO photo_manager - Foto movida: /home/ddurand/proyectos/personal/rpaludoplay-app/src/static/images/44280546.png -> /home/ddurand/fotos/44280546.png
2026-08-21 18:43:11,262 INFO photo_manager - Foto movida: /home/ddurand/proyectos/personal/rpaludoplay-app/src/static/images/15718978.png -> /home/ddurand/fotos/15718978.png
2026-08-21 18:43:11,262 INFO photo_manager - Foto movida: /home/ddurand/proyectos/personal/rpaludoplay-app/src/static/images/72032640.png -> /home/ddurand/fotos/72032640.png
2026-08-21 18:43:11,263 INFO photo_manager - Foto movida: /home/ddurand/proyectos/personal/rpaludoplay-app/src/static/images/48250657.png -> /home/ddurand/fotos/48250657.png
2026-08-21 18:43:11,263 INFO photo_manager - Foto movida: /home/ddurand/proyectos/personal/rpaludoplay-app/src/static/images/70295354.png -> /home/ddurand/fotos/70295354.png
2026-08-21 18:43:11,263 INFO photo_manager - Foto movida: /home/ddurand/proyectos/personal/rpaludoplay-app/src/static/images/16571442.png -> /home/ddurand/fotos/16571442.png
2026-08-21 18:43:11,263 INFO photo_manager - Foto movida: /home/ddurand/proyectos/personal/rpaludoplay-app/src/static/images/000574891.png -> /home/ddurand/fotos/000574891.png
2026-08-21 18:43:11,264 INFO photo_manager - Foto movida: /home/ddurand/proyectos/personal/rpaludoplay-app/src/static/images/42072895.png -> /home/ddurand/fotos/42072895.png
2026-08-21 18:43:11,264 INFO photo_manager - Foto movida: /home/ddurand/proyectos/personal/rpaludoplay-app/src/static/images/46665309.png -> /home/ddurand/fotos/46665309.png
2026-08-21 18:43:11,264 INFO photo_manager - Foto movida: /home/ddurand/proyectos/personal/rpaludoplay-app/src/static/images/48255377.png -> /home/ddurand/fotos/48255377.png
2026-08-21 18:43:11,264 INFO photo_manager - Foto movida: /home/ddurand/proyectos/personal/rpaludoplay-app/src/static/images/41758924.png -> /home/ddurand/fotos/41758924.png
2026-08-21 18:43:11,265 INFO photo_manager - Foto movida: /home/ddurand/proyectos/personal/rpaludoplay-app/src/static/images/43321744.png -> /home/ddurand/fotos/43321744.png
2026-08-21 18:43:11,265 INFO photo_manager - Foto movida: /home/ddurand/proyectos/personal/rpaludoplay-app/src/static/images/16554491.png -> /home/ddurand/fotos/16554491.png
2026-08-21 18:43:11,265 INFO photo_manager - Foto movida: /home/ddurand/proyectos/personal/rpaludoplay-app/src/static/images/46301626.png -> /home/ddurand/fotos/46301626.png
2026-08-21 18:43:11,266 INFO photo_manager - Foto movida: /home/ddurand/proyectos/personal/rpaludoplay-app/src/static/images/48319982.png -> /home/ddurand/fotos/48319982.png
2026-08-21 18:43:11,266 INFO photo_manager - Foto movida: /home/ddurand/proyectos/personal/rpaludoplay-app/src/static/images/24997349.png -> /home/ddurand/fotos/24997349.png
2026-08-21 18:43:11,266 INFO photo_manager - Foto movida: /home/ddurand/proyectos/personal/rpaludoplay-app/src/static/images/04823534.png -> /home/ddurand/fotos/04823534.png
2026-08-21 18:43:11,266 INFO photo_manager - Foto movida: /home/ddurand/proyectos/personal/rpaludoplay-app/src/static/images/72209213.png -> /home/ddurand/fotos/72209213.png
2026-08-21 18:43:11,267 INFO photo_manager - Foto movida: /home/ddurand/proyectos/personal/rpaludoplay-app/src/static/images/47801350.png -> /home/ddurand/fotos/47801350.png
2026-08-21 18:43:11,267 INFO photo_manager - Foto movida: /home/ddurand/proyectos/personal/rpaludoplay-app/src/static/images/15374470.png -> /home/ddurand/fotos/15374470.png
2026-08-21 18:43:11,267 INFO photo_manager - Foto movida: /home/ddurand/proyectos/personal/rpaludoplay-app/src/static/images/44173623.png -> /home/ddurand/fotos/44173623.png
2026-08-21 18:43:11,268 INFO photo_manager - Foto movida: /home/ddurand/proyectos/personal/rpaludoplay-app/src/static/images/18196776.png -> /home/ddurand/fotos/18196776.png
2026-08-21 18:43:11,268 INFO photo_manager - Foto movida: /home/ddurand/proyectos/personal/rpaludoplay-app/src/static/images/07899934.png -> /home/ddurand/fotos/07899934.png
2026-08-21 18:43:11,268 INFO photo_manager - Foto movida: /home/ddurand/proyectos/personal/rpaludoplay-app/src/static/images/07964527.png -> /home/ddurand/fotos/07964527.png
2026-08-21 18:43:11,269 INFO photo_manager - Foto movida: /home/ddurand/proyectos/personal/rpaludoplay-app/src/static/images/77098058.png -> /home/ddurand/fotos/77098058.png
2026-08-21 18:43:11,269 INFO photo_manager - Foto movida: /home/ddurand/proyectos/personal/rpaludoplay-app/src/static/images/41964118.png -> /home/ddurand/fotos/41964118.png
2026-08-21 18:43:11,269 INFO photo_manager - Foto movida: /home/ddurand/proyectos/personal/rpaludoplay-app/src/static/images/25779137.png -> /home/ddurand/fotos/25779137.png
2026-08-21 18:43:11,269 INFO photo_manager - Foto movida: /home/ddurand/proyectos/personal/rpaludoplay-app/src/static/images/45977741.png -> /home/ddurand/fotos/45977741.png
2026-08-21 18:43:11,270 INFO photo_manager - Foto movida: /home/ddurand/proyectos/personal/rpaludoplay-app/src/static/images/26677554.png -> /home/ddurand/fotos/26677554.png
2026-08-21 18:43:11,270 INFO photo_manager - Foto movida: /home/ddurand/proyectos/personal/rpaludoplay-app/src/static/images/08663379.png -> /home/ddurand/fotos/08663379.png
2026-08-21 18:43:11,270 INFO photo_manager - Foto movida: /home/ddurand/proyectos/personal/rpaludoplay-app/src/static/images/72561990.png -> /home/ddurand/fotos/72561990.png
2026-08-21 18:43:11,271 INFO photo_manager - Foto movida: /home/ddurand/proyectos/personal/rpaludoplay-app/src/static/images/44849642.png -> /home/ddurand/fotos/44849642.png
2026-08-21 18:43:11,271 INFO photo_manager - Foto movida: /home/ddurand/proyectos/personal/rpaludoplay-app/src/static/images/45003923.png -> /home/ddurand/fotos/45003923.png
2026-08-21 18:43:11,271 INFO photo_manager - Foto movida: /home/ddurand/proyectos/personal/rpaludoplay-app/src/static/images/76179547.png -> /home/ddurand/fotos/76179547.png
2026-08-21 18:43:11,271 INFO photo_manager - Foto movida: /home/ddurand/proyectos/personal/rpaludoplay-app/src/static/images/47798597.png -> /home/ddurand/fotos/47798597.png
2026-08-21 18:43:11,272 INFO photo_manager - Foto movida: /home/ddurand/proyectos/personal/rpaludoplay-app/src/static/images/72976160.png -> /home/ddurand/fotos/72976160.png
2026-08-21 18:43:11,272 INFO photo_manager - Foto movida: /home/ddurand/proyectos/personal/rpaludoplay-app/src/static/images/03879197.png -> /home/ddurand/fotos/03879197.png
2026-08-21 18:43:11,272 INFO photo_manager - Foto movida: /home/ddurand/proyectos/personal/rpaludoplay-app/src/static/images/09513406.png -> /home/ddurand/fotos/09513406.png
2026-08-21 18:43:11,272 INFO photo_manager - Foto movida: /home/ddurand/proyectos/personal/rpaludoplay-app/src/static/images/47631562.png -> /home/ddurand/fotos/47631562.png
2026-08-21 18:43:11,273 INFO photo_manager - Foto movida: /home/ddurand/proyectos/personal/rpaludoplay-app/src/static/images/44349169.png -> /home/ddurand/fotos/44349169.png
2026-08-21 18:43:11,273 INFO photo_manager - Foto movida: /home/ddurand/proyectos/personal/rpaludoplay-app/src/static/images/16713062.png -> /home/ddurand/fotos/16713062.png
2026-08-21 18:43:11,273 INFO photo_manager - Foto movida: /home/ddurand/proyectos/personal/rpaludoplay-app/src/static/images/15447819.png -> /home/ddurand/fotos/15447819.png
2026-08-21 18:43:11,273 INFO photo_manager - Foto movida: /home/ddurand/proyectos/personal/rpaludoplay-app/src/static/images/07869566.png -> /home/ddurand/fotos/07869566.png
2026-08-21 18:43:11,274 INFO photo_manager - Foto movida: /home/ddurand/proyectos/personal/rpaludoplay-app/src/static/images/16729013.png -> /home/ddurand/fotos/16729013.png
2026-08-21 18:43:11,274 INFO photo_manager - Foto movida: /home/ddurand/proyectos/personal/rpaludoplay-app/src/static/images/16517269.png -> /home/ddurand/fotos/16517269.png
2026-08-21 18:43:11,275 INFO photo_manager - Foto movida: /home/ddurand/proyectos/personal/rpaludoplay-app/src/static/images/80235391.png -> /home/ddurand/fotos/80235391.png
2026-08-21 18:43:11,275 INFO photo_manager - Foto movida: /home/ddurand/proyectos/personal/rpaludoplay-app/src/static/images/10105751.png -> /home/ddurand/fotos/10105751.png
2026-08-21 18:43:11,275 INFO photo_manager - Foto movida: /home/ddurand/proyectos/personal/rpaludoplay-app/src/static/images/45004264.png -> /home/ddurand/fotos/45004264.png
2026-08-21 18:43:11,276 INFO photo_manager - Foto movida: /home/ddurand/proyectos/personal/rpaludoplay-app/src/static/images/45376160.png -> /home/ddurand/fotos/45376160.png
2026-08-21 18:43:11,276 INFO photo_manager - Foto movida: /home/ddurand/proyectos/personal/rpaludoplay-app/src/static/images/42173068.png -> /home/ddurand/fotos/42173068.png
2026-08-21 18:43:11,276 INFO photo_manager - Foto movida: /home/ddurand/proyectos/personal/rpaludoplay-app/src/static/images/03330356.png -> /home/ddurand/fotos/03330356.png
2026-08-21 18:43:11,277 INFO photo_manager - Foto movida: /home/ddurand/proyectos/personal/rpaludoplay-app/src/static/images/16757714.png -> /home/ddurand/fotos/16757714.png
2026-08-21 18:43:11,277 INFO photo_manager - Foto movida: /home/ddurand/proyectos/personal/rpaludoplay-app/src/static/images/16691097.png -> /home/ddurand/fotos/16691097.png
2026-08-21 18:43:11,277 INFO photo_manager - Foto movida: /home/ddurand/proyectos/personal/rpaludoplay-app/src/static/images/16458415.png -> /home/ddurand/fotos/16458415.png
2026-08-21 18:43:11,278 INFO photo_manager - Foto movida: /home/ddurand/proyectos/personal/rpaludoplay-app/src/static/images/71244170.png -> /home/ddurand/fotos/71244170.png
2026-08-21 18:43:11,278 INFO photo_manager - Foto movida: /home/ddurand/proyectos/personal/rpaludoplay-app/src/static/images/45510226.png -> /home/ddurand/fotos/45510226.png
2026-08-21 18:43:11,278 INFO photo_manager - Foto movida: /home/ddurand/proyectos/personal/rpaludoplay-app/src/static/images/00443074.png -> /home/ddurand/fotos/00443074.png
2026-08-21 18:43:11,279 INFO photo_manager - Foto movida: /home/ddurand/proyectos/personal/rpaludoplay-app/src/static/images/44898558.png -> /home/ddurand/fotos/44898558.png
2026-08-21 18:43:11,279 INFO photo_manager - Foto movida: /home/ddurand/proyectos/personal/rpaludoplay-app/src/static/images/07965226.png -> /home/ddurand/fotos/07965226.png
2026-08-21 18:43:11,279 INFO photo_manager - Foto movida: /home/ddurand/proyectos/personal/rpaludoplay-app/src/static/images/22511078.png -> /home/ddurand/fotos/22511078.png
2026-08-21 18:43:11,280 INFO photo_manager - Foto movida: /home/ddurand/proyectos/personal/rpaludoplay-app/src/static/images/46116616.png -> /home/ddurand/fotos/46116616.png
2026-08-21 18:43:11,280 INFO photo_manager - Foto movida: /home/ddurand/proyectos/personal/rpaludoplay-app/src/static/images/71283434.png -> /home/ddurand/fotos/71283434.png
2026-08-21 18:43:11,280 INFO photo_manager - Foto movida: /home/ddurand/proyectos/personal/rpaludoplay-app/src/static/images/73351375.png -> /home/ddurand/fotos/73351375.png
2026-08-21 18:43:11,281 INFO photo_manager - Foto movida: /home/ddurand/proyectos/personal/rpaludoplay-app/src/static/images/41126095.png -> /home/ddurand/fotos/41126095.png
2026-08-21 18:43:11,281 INFO photo_manager - Foto movida: /home/ddurand/proyectos/personal/rpaludoplay-app/src/static/images/72720535.png -> /home/ddurand/fotos/72720535.png
2026-08-21 18:43:11,281 INFO photo_manager - Foto movida: /home/ddurand/proyectos/personal/rpaludoplay-app/src/static/images/45027269.png -> /home/ddurand/fotos/45027269.png
2026-08-21 18:43:11,282 INFO photo_manager - Foto movida: /home/ddurand/proyectos/personal/rpaludoplay-app/src/static/images/76023496.png -> /home/ddurand/fotos/76023496.png
2026-08-21 18:43:11,282 INFO photo_manager - Foto movida: /home/ddurand/proyectos/personal/rpaludoplay-app/src/static/images/41268926.png -> /home/ddurand/fotos/41268926.png
2026-08-21 18:43:11,282 INFO photo_manager - Foto movida: /home/ddurand/proyectos/personal/rpaludoplay-app/src/static/images/47915066.png -> /home/ddurand/fotos/47915066.png
2026-08-21 18:43:11,283 INFO photo_manager - Foto movida: /home/ddurand/proyectos/personal/rpaludoplay-app/src/static/images/40106533.png -> /home/ddurand/fotos/40106533.png
2026-08-21 18:43:11,283 INFO photo_manager - Foto movida: /home/ddurand/proyectos/personal/rpaludoplay-app/src/static/images/73088083.png -> /home/ddurand/fotos/73088083.png
2026-08-21 18:43:11,283 INFO photo_manager - Foto movida: /home/ddurand/proyectos/personal/rpaludoplay-app/src/static/images/48146865.png -> /home/ddurand/fotos/48146865.png
2026-08-21 18:43:11,283 INFO photo_manager - Foto movida: /home/ddurand/proyectos/personal/rpaludoplay-app/src/static/images/42288440.png -> /home/ddurand/fotos/42288440.png
2026-08-21 18:43:11,284 INFO photo_manager - Foto movida: /home/ddurand/proyectos/personal/rpaludoplay-app/src/static/images/16682285.png -> /home/ddurand/fotos/16682285.png
2026-08-21 18:43:11,284 INFO photo_manager - Foto movida: /home/ddurand/proyectos/personal/rpaludoplay-app/src/static/images/29560688.png -> /home/ddurand/fotos/29560688.png
2026-08-21 18:43:11,284 INFO photo_manager - Foto movida: /home/ddurand/proyectos/personal/rpaludoplay-app/src/static/images/44071750.png -> /home/ddurand/fotos/44071750.png
2026-08-21 18:43:11,285 INFO photo_manager - Foto movida: /home/ddurand/proyectos/personal/rpaludoplay-app/src/static/images/43026416.png -> /home/ddurand/fotos/43026416.png
2026-08-21 18:43:11,285 INFO photo_manager - Foto movida: /home/ddurand/proyectos/personal/rpaludoplay-app/src/static/images/44788622.png -> /home/ddurand/fotos/44788622.png
2026-08-21 18:43:11,285 INFO photo_manager - Foto movida: /home/ddurand/proyectos/personal/rpaludoplay-app/src/static/images/00509522.png -> /home/ddurand/fotos/00509522.png
2026-08-21 18:43:11,286 INFO photo_manager - Foto movida: /home/ddurand/proyectos/personal/rpaludoplay-app/src/static/images/29307570.png -> /home/ddurand/fotos/29307570.png
2026-08-21 18:43:11,286 INFO photo_manager - Foto movida: /home/ddurand/proyectos/personal/rpaludoplay-app/src/static/images/72173531.png -> /home/ddurand/fotos/72173531.png
2026-08-21 18:43:11,286 INFO photo_manager - Foto movida: /home/ddurand/proyectos/personal/rpaludoplay-app/src/static/images/33264192.png -> /home/ddurand/fotos/33264192.png
2026-08-21 18:43:11,287 INFO photo_manager - Foto movida: /home/ddurand/proyectos/personal/rpaludoplay-app/src/static/images/09671889.png -> /home/ddurand/fotos/09671889.png
2026-08-21 18:43:11,287 INFO photo_manager - Foto movida: /home/ddurand/proyectos/personal/rpaludoplay-app/src/static/images/70872200.png -> /home/ddurand/fotos/70872200.png
2026-08-21 18:43:11,287 INFO photo_manager - Foto movida: /home/ddurand/proyectos/personal/rpaludoplay-app/src/static/images/80641317.png -> /home/ddurand/fotos/80641317.png
2026-08-21 18:43:11,287 INFO photo_manager - Foto movida: /home/ddurand/proyectos/personal/rpaludoplay-app/src/static/images/28296101.png -> /home/ddurand/fotos/28296101.png
2026-08-21 18:43:11,288 INFO photo_manager - Foto movida: /home/ddurand/proyectos/personal/rpaludoplay-app/src/static/images/43789006.png -> /home/ddurand/fotos/43789006.png
2026-08-21 18:43:11,288 INFO photo_manager - Foto movida: /home/ddurand/proyectos/personal/rpaludoplay-app/src/static/images/22461376.png -> /home/ddurand/fotos/22461376.png
2026-08-21 18:43:11,288 INFO photo_manager - Foto movida: /home/ddurand/proyectos/personal/rpaludoplay-app/src/static/images/40855943.png -> /home/ddurand/fotos/40855943.png
2026-08-21 18:43:11,288 INFO photo_manager - Foto movida: /home/ddurand/proyectos/personal/rpaludoplay-app/src/static/images/23946210.png -> /home/ddurand/fotos/23946210.png
2026-08-21 18:43:11,289 INFO photo_manager - Foto movida: /home/ddurand/proyectos/personal/rpaludoplay-app/src/static/images/29561395.png -> /home/ddurand/fotos/29561395.png
2026-08-21 18:43:11,289 INFO photo_manager - Foto movida: /home/ddurand/proyectos/personal/rpaludoplay-app/src/static/images/43370184.png -> /home/ddurand/fotos/43370184.png
2026-08-21 18:43:11,289 INFO photo_manager - Foto movida: /home/ddurand/proyectos/personal/rpaludoplay-app/src/static/images/40295854.png -> /home/ddurand/fotos/40295854.png
2026-08-21 18:43:11,289 INFO photo_manager - Foto movida: /home/ddurand/proyectos/personal/rpaludoplay-app/src/static/images/09994460.png -> /home/ddurand/fotos/09994460.png
2026-08-21 18:43:11,290 INFO photo_manager - Foto movida: /home/ddurand/proyectos/personal/rpaludoplay-app/src/static/images/45305404.png -> /home/ddurand/fotos/45305404.png
2026-08-21 18:43:11,290 INFO photo_manager - Foto movida: /home/ddurand/proyectos/personal/rpaludoplay-app/src/static/images/16699575.png -> /home/ddurand/fotos/16699575.png
2026-08-21 18:43:11,290 INFO photo_manager - Foto movida: /home/ddurand/proyectos/personal/rpaludoplay-app/src/static/images/76416010.png -> /home/ddurand/fotos/76416010.png
2026-08-21 18:43:11,290 INFO photo_manager - Foto movida: /home/ddurand/proyectos/personal/rpaludoplay-app/src/static/images/46013273.png -> /home/ddurand/fotos/46013273.png
2026-08-21 18:43:11,291 INFO photo_manager - Foto movida: /home/ddurand/proyectos/personal/rpaludoplay-app/src/static/images/09451232.png -> /home/ddurand/fotos/09451232.png
2026-08-21 18:43:11,291 INFO photo_manager - Foto movida: /home/ddurand/proyectos/personal/rpaludoplay-app/src/static/images/30960739.png -> /home/ddurand/fotos/30960739.png
2026-08-21 18:43:11,291 INFO photo_manager - Foto movida: /home/ddurand/proyectos/personal/rpaludoplay-app/src/static/images/10789253.png -> /home/ddurand/fotos/10789253.png
2026-08-21 18:43:11,292 INFO photo_manager - Foto movida: /home/ddurand/proyectos/personal/rpaludoplay-app/src/static/images/72469197.png -> /home/ddurand/fotos/72469197.png
2026-08-21 18:43:11,292 INFO photo_manager - Foto movida: /home/ddurand/proyectos/personal/rpaludoplay-app/src/static/images/42779916.png -> /home/ddurand/fotos/42779916.png
2026-08-21 18:43:11,292 INFO photo_manager - Foto movida: /home/ddurand/proyectos/personal/rpaludoplay-app/src/static/images/33573772.png -> /home/ddurand/fotos/33573772.png
2026-08-21 18:43:11,293 INFO photo_manager - Foto movida: /home/ddurand/proyectos/personal/rpaludoplay-app/src/static/images/70132076.png -> /home/ddurand/fotos/70132076.png
2026-08-21 18:43:11,293 INFO photo_manager - Foto movida: /home/ddurand/proyectos/personal/rpaludoplay-app/src/static/images/40250634.png -> /home/ddurand/fotos/40250634.png
2026-08-21 18:43:11,293 INFO photo_manager - Foto movida: /home/ddurand/proyectos/personal/rpaludoplay-app/src/static/images/45955683.png -> /home/ddurand/fotos/45955683.png
2026-08-21 18:43:11,294 INFO photo_manager - Foto movida: /home/ddurand/proyectos/personal/rpaludoplay-app/src/static/images/40779915.png -> /home/ddurand/fotos/40779915.png
2026-08-21 18:43:11,294 INFO photo_manager - Foto movida: /home/ddurand/proyectos/personal/rpaludoplay-app/src/static/images/46971352.png -> /home/ddurand/fotos/46971352.png
2026-08-21 18:43:11,294 INFO photo_manager - Foto movida: /home/ddurand/proyectos/personal/rpaludoplay-app/src/static/images/40840049.png -> /home/ddurand/fotos/40840049.png
2026-08-21 18:43:11,295 INFO photo_manager - Foto movida: /home/ddurand/proyectos/personal/rpaludoplay-app/src/static/images/45947484.png -> /home/ddurand/fotos/45947484.png
2026-08-21 18:43:11,295 INFO photo_manager - Foto movida: /home/ddurand/proyectos/personal/rpaludoplay-app/src/static/images/41907776.png -> /home/ddurand/fotos/41907776.png
2026-08-21 18:43:11,295 INFO photo_manager - Foto movida: /home/ddurand/proyectos/personal/rpaludoplay-app/src/static/images/41050777.png -> /home/ddurand/fotos/41050777.png
2026-08-21 18:43:11,295 INFO photo_manager - Foto movida: /home/ddurand/proyectos/personal/rpaludoplay-app/src/static/images/16413767.png -> /home/ddurand/fotos/16413767.png
2026-08-21 18:43:11,296 INFO photo_manager - Foto movida: /home/ddurand/proyectos/personal/rpaludoplay-app/src/static/images/001045642.png -> /home/ddurand/fotos/001045642.png
2026-08-21 18:43:11,296 INFO photo_manager - Foto movida: /home/ddurand/proyectos/personal/rpaludoplay-app/src/static/images/44747847.png -> /home/ddurand/fotos/44747847.png
2026-08-21 18:43:11,296 INFO photo_manager - Foto movida: /home/ddurand/proyectos/personal/rpaludoplay-app/src/static/images/70086231.png -> /home/ddurand/fotos/70086231.png
2026-08-21 18:43:11,297 INFO photo_manager - Foto movida: /home/ddurand/proyectos/personal/rpaludoplay-app/src/static/images/26629622.png -> /home/ddurand/fotos/26629622.png
2026-08-21 18:43:11,297 INFO photo_manager - Foto movida: /home/ddurand/proyectos/personal/rpaludoplay-app/src/static/images/48908537.png -> /home/ddurand/fotos/48908537.png
2026-08-21 18:43:11,297 INFO photo_manager - Foto movida: /home/ddurand/proyectos/personal/rpaludoplay-app/src/static/images/72472257.png -> /home/ddurand/fotos/72472257.png
2026-08-21 18:43:11,298 INFO photo_manager - Foto movida: /home/ddurand/proyectos/personal/rpaludoplay-app/src/static/images/47814735.png -> /home/ddurand/fotos/47814735.png
2026-08-21 18:43:11,298 INFO photo_manager - Foto movida: /home/ddurand/proyectos/personal/rpaludoplay-app/src/static/images/29508081.png -> /home/ddurand/fotos/29508081.png
2026-08-21 18:43:11,298 INFO photo_manager - Foto movida: /home/ddurand/proyectos/personal/rpaludoplay-app/src/static/images/26621522.png -> /home/ddurand/fotos/26621522.png
2026-08-21 18:43:11,299 INFO photo_manager - Foto movida: /home/ddurand/proyectos/personal/rpaludoplay-app/src/static/images/42843065.png -> /home/ddurand/fotos/42843065.png
2026-08-21 18:43:11,299 INFO photo_manager - Foto movida: /home/ddurand/proyectos/personal/rpaludoplay-app/src/static/images/16667596.png -> /home/ddurand/fotos/16667596.png
2026-08-21 18:43:11,299 INFO photo_manager - Foto movida: /home/ddurand/proyectos/personal/rpaludoplay-app/src/static/images/70040032.png -> /home/ddurand/fotos/70040032.png
2026-08-21 18:43:11,300 INFO photo_manager - Foto movida: /home/ddurand/proyectos/personal/rpaludoplay-app/src/static/images/40447461.png -> /home/ddurand/fotos/40447461.png
2026-08-21 18:43:11,300 INFO photo_manager - Foto movida: /home/ddurand/proyectos/personal/rpaludoplay-app/src/static/images/70946995.png -> /home/ddurand/fotos/70946995.png
2026-08-21 18:43:11,300 INFO photo_manager - Foto movida: /home/ddurand/proyectos/personal/rpaludoplay-app/src/static/images/40775601.png -> /home/ddurand/fotos/40775601.png
2026-08-21 18:43:11,301 INFO photo_manager - Foto movida: /home/ddurand/proyectos/personal/rpaludoplay-app/src/static/images/16771376.png -> /home/ddurand/fotos/16771376.png
2026-08-21 18:43:11,301 INFO photo_manager - Foto movida: /home/ddurand/proyectos/personal/rpaludoplay-app/src/static/images/42945533.png -> /home/ddurand/fotos/42945533.png
2026-08-21 18:43:11,302 INFO photo_manager - Foto movida: /home/ddurand/proyectos/personal/rpaludoplay-app/src/static/images/71619254.png -> /home/ddurand/fotos/71619254.png
2026-08-21 18:43:11,302 INFO photo_manager - Foto movida: /home/ddurand/proyectos/personal/rpaludoplay-app/src/static/images/21420763.png -> /home/ddurand/fotos/21420763.png
2026-08-21 18:43:11,302 INFO photo_manager - Foto movida: /home/ddurand/proyectos/personal/rpaludoplay-app/src/static/images/29448352.png -> /home/ddurand/fotos/29448352.png
2026-08-21 18:43:11,303 INFO photo_manager - Foto movida: /home/ddurand/proyectos/personal/rpaludoplay-app/src/static/images/16761529.png -> /home/ddurand/fotos/16761529.png
2026-08-21 18:43:11,303 INFO photo_manager - Foto movida: /home/ddurand/proyectos/personal/rpaludoplay-app/src/static/images/80240968.png -> /home/ddurand/fotos/80240968.png
2026-08-21 18:43:11,303 INFO photo_manager - Foto movida: /home/ddurand/proyectos/personal/rpaludoplay-app/src/static/images/45183169.png -> /home/ddurand/fotos/45183169.png
2026-08-21 18:43:11,304 INFO photo_manager - Foto movida: /home/ddurand/proyectos/personal/rpaludoplay-app/src/static/images/29608332.png -> /home/ddurand/fotos/29608332.png
2026-08-21 18:43:11,304 INFO photo_manager - Foto movida: /home/ddurand/proyectos/personal/rpaludoplay-app/src/static/images/73713921.png -> /home/ddurand/fotos/73713921.png
2026-08-21 18:43:11,304 INFO photo_manager - Foto movida: /home/ddurand/proyectos/personal/rpaludoplay-app/src/static/images/00126358.png -> /home/ddurand/fotos/00126358.png
2026-08-21 18:43:11,305 INFO photo_manager - Foto movida: /home/ddurand/proyectos/personal/rpaludoplay-app/src/static/images/40363881.png -> /home/ddurand/fotos/40363881.png
2026-08-21 18:43:11,305 INFO photo_manager - Foto movida: /home/ddurand/proyectos/personal/rpaludoplay-app/src/static/images/09297113.png -> /home/ddurand/fotos/09297113.png
2026-08-21 18:43:11,305 INFO photo_manager - Foto movida: /home/ddurand/proyectos/personal/rpaludoplay-app/src/static/images/41206199.png -> /home/ddurand/fotos/41206199.png
2026-08-21 18:43:11,305 INFO photo_manager - Foto movida: /home/ddurand/proyectos/personal/rpaludoplay-app/src/static/images/48325561.png -> /home/ddurand/fotos/48325561.png
2026-08-21 18:43:11,306 INFO photo_manager - Foto movida: /home/ddurand/proyectos/personal/rpaludoplay-app/src/static/images/26717163.png -> /home/ddurand/fotos/26717163.png
2026-08-21 18:43:11,306 INFO photo_manager - Foto movida: /home/ddurand/proyectos/personal/rpaludoplay-app/src/static/images/16486850.png -> /home/ddurand/fotos/16486850.png
2026-08-21 18:43:11,306 INFO photo_manager - Foto movida: /home/ddurand/proyectos/personal/rpaludoplay-app/src/static/images/44621530.png -> /home/ddurand/fotos/44621530.png
2026-08-21 18:43:11,307 INFO photo_manager - Foto movida: /home/ddurand/proyectos/personal/rpaludoplay-app/src/static/images/72863328.png -> /home/ddurand/fotos/72863328.png
2026-08-21 18:43:11,307 INFO photo_manager - Foto movida: /home/ddurand/proyectos/personal/rpaludoplay-app/src/static/images/46529562.png -> /home/ddurand/fotos/46529562.png
2026-08-21 18:43:11,307 INFO photo_manager - Foto movida: /home/ddurand/proyectos/personal/rpaludoplay-app/src/static/images/44707346.png -> /home/ddurand/fotos/44707346.png
2026-08-21 18:43:11,308 INFO photo_manager - Foto movida: /home/ddurand/proyectos/personal/rpaludoplay-app/src/static/images/16441163.png -> /home/ddurand/fotos/16441163.png
2026-08-21 18:43:11,308 INFO photo_manager - Foto movida: /home/ddurand/proyectos/personal/rpaludoplay-app/src/static/images/44017080.png -> /home/ddurand/fotos/44017080.png
2026-08-21 18:43:11,309 INFO photo_manager - Foto movida: /home/ddurand/proyectos/personal/rpaludoplay-app/src/static/images/16473556.png -> /home/ddurand/fotos/16473556.png
2026-08-21 18:43:11,309 INFO photo_manager - Foto movida: /home/ddurand/proyectos/personal/rpaludoplay-app/src/static/images/42189519.png -> /home/ddurand/fotos/42189519.png
2026-08-21 18:43:11,310 INFO photo_manager - Foto movida: /home/ddurand/proyectos/personal/rpaludoplay-app/src/static/images/77029662.png -> /home/ddurand/fotos/77029662.png
2026-08-21 18:43:11,310 INFO photo_manager - Foto movida: /home/ddurand/proyectos/personal/rpaludoplay-app/src/static/images/07305156.png -> /home/ddurand/fotos/07305156.png
2026-08-21 18:43:11,310 INFO photo_manager - Foto movida: /home/ddurand/proyectos/personal/rpaludoplay-app/src/static/images/71889723.png -> /home/ddurand/fotos/71889723.png
2026-08-21 18:43:11,311 INFO photo_manager - Foto movida: /home/ddurand/proyectos/personal/rpaludoplay-app/src/static/images/73036853.png -> /home/ddurand/fotos/73036853.png
2026-08-21 18:43:11,311 INFO photo_manager - Foto movida: /home/ddurand/proyectos/personal/rpaludoplay-app/src/static/images/80427742.png -> /home/ddurand/fotos/80427742.png
2026-08-21 18:43:11,311 INFO photo_manager - Foto movida: /home/ddurand/proyectos/personal/rpaludoplay-app/src/static/images/43095481.png -> /home/ddurand/fotos/43095481.png
2026-08-21 18:43:11,312 INFO photo_manager - Foto movida: /home/ddurand/proyectos/personal/rpaludoplay-app/src/static/images/25799843.png -> /home/ddurand/fotos/25799843.png
2026-08-21 18:43:11,312 INFO photo_manager - Foto movida: /home/ddurand/proyectos/personal/rpaludoplay-app/src/static/images/40571296.png -> /home/ddurand/fotos/40571296.png
2026-08-21 18:43:11,313 INFO photo_manager - Foto movida: /home/ddurand/proyectos/personal/rpaludoplay-app/src/static/images/25720574.png -> /home/ddurand/fotos/25720574.png
2026-08-21 18:43:11,313 INFO photo_manager - Foto movida: /home/ddurand/proyectos/personal/rpaludoplay-app/src/static/images/29362766.png -> /home/ddurand/fotos/29362766.png
2026-08-21 18:43:11,313 INFO photo_manager - Foto movida: /home/ddurand/proyectos/personal/rpaludoplay-app/src/static/images/09542252.png -> /home/ddurand/fotos/09542252.png
2026-08-21 18:43:11,314 INFO photo_manager - Foto movida: /home/ddurand/proyectos/personal/rpaludoplay-app/src/static/images/42342958.png -> /home/ddurand/fotos/42342958.png
2026-08-21 18:43:11,314 INFO photo_manager - Foto movida: /home/ddurand/proyectos/personal/rpaludoplay-app/src/static/images/72812657.png -> /home/ddurand/fotos/72812657.png
2026-08-21 18:43:11,314 INFO photo_manager - Foto movida: /home/ddurand/proyectos/personal/rpaludoplay-app/src/static/images/23994677.png -> /home/ddurand/fotos/23994677.png
2026-08-21 18:43:11,315 INFO photo_manager - Foto movida: /home/ddurand/proyectos/personal/rpaludoplay-app/src/static/images/42802351.png -> /home/ddurand/fotos/42802351.png
2026-08-21 18:43:11,315 INFO photo_manager - Foto movida: /home/ddurand/proyectos/personal/rpaludoplay-app/src/static/images/16662936.png -> /home/ddurand/fotos/16662936.png
2026-08-21 18:43:11,316 INFO photo_manager - Foto movida: /home/ddurand/proyectos/personal/rpaludoplay-app/src/static/images/42073648.png -> /home/ddurand/fotos/42073648.png
2026-08-21 18:43:11,316 INFO photo_manager - Foto movida: /home/ddurand/proyectos/personal/rpaludoplay-app/src/static/images/80317962.png -> /home/ddurand/fotos/80317962.png
2026-08-21 18:43:11,316 INFO photo_manager - Foto movida: /home/ddurand/proyectos/personal/rpaludoplay-app/src/static/images/80642790.png -> /home/ddurand/fotos/80642790.png
2026-08-21 18:43:11,317 INFO photo_manager - Foto movida: /home/ddurand/proyectos/personal/rpaludoplay-app/src/static/images/16800496.png -> /home/ddurand/fotos/16800496.png
2026-08-21 18:43:11,318 INFO photo_manager - Foto movida: /home/ddurand/proyectos/personal/rpaludoplay-app/src/static/images/16475597.png -> /home/ddurand/fotos/16475597.png
2026-08-21 18:43:11,319 INFO photo_manager - Foto movida: /home/ddurand/proyectos/personal/rpaludoplay-app/src/static/images/07495666.png -> /home/ddurand/fotos/07495666.png
2026-08-21 18:43:11,319 INFO photo_manager - Foto movida: /home/ddurand/proyectos/personal/rpaludoplay-app/src/static/images/41385204.png -> /home/ddurand/fotos/41385204.png
2026-08-21 18:43:11,320 INFO photo_manager - Foto movida: /home/ddurand/proyectos/personal/rpaludoplay-app/src/static/images/43064538.png -> /home/ddurand/fotos/43064538.png
2026-08-21 18:43:11,320 INFO photo_manager - Foto movida: /home/ddurand/proyectos/personal/rpaludoplay-app/src/static/images/46489300.png -> /home/ddurand/fotos/46489300.png
2026-08-21 18:43:11,320 INFO photo_manager - Foto movida: /home/ddurand/proyectos/personal/rpaludoplay-app/src/static/images/16705056.png -> /home/ddurand/fotos/16705056.png
2026-08-21 18:43:11,321 INFO photo_manager - Foto movida: /home/ddurand/proyectos/personal/rpaludoplay-app/src/static/images/29550402.png -> /home/ddurand/fotos/29550402.png
2026-08-21 18:43:11,321 INFO photo_manager - Foto movida: /home/ddurand/proyectos/personal/rpaludoplay-app/src/static/images/71093983.png -> /home/ddurand/fotos/71093983.png
2026-08-21 18:43:11,322 INFO photo_manager - Foto movida: /home/ddurand/proyectos/personal/rpaludoplay-app/src/static/images/17522115.png -> /home/ddurand/fotos/17522115.png
2026-08-21 18:43:11,322 INFO photo_manager - Foto movida: /home/ddurand/proyectos/personal/rpaludoplay-app/src/static/images/41081304.png -> /home/ddurand/fotos/41081304.png
2026-08-21 18:43:11,322 INFO photo_manager - Foto movida: /home/ddurand/proyectos/personal/rpaludoplay-app/src/static/images/76352757.png -> /home/ddurand/fotos/76352757.png
2026-08-21 18:43:11,323 INFO photo_manager - Foto movida: /home/ddurand/proyectos/personal/rpaludoplay-app/src/static/images/04427310.png -> /home/ddurand/fotos/04427310.png
2026-08-21 18:43:11,323 INFO photo_manager - Foto movida: /home/ddurand/proyectos/personal/rpaludoplay-app/src/static/images/72494899.png -> /home/ddurand/fotos/72494899.png
2026-08-21 18:43:11,323 INFO photo_manager - Foto movida: /home/ddurand/proyectos/personal/rpaludoplay-app/src/static/images/16764606.png -> /home/ddurand/fotos/16764606.png
2026-08-21 18:43:11,324 INFO photo_manager - Foto movida: /home/ddurand/proyectos/personal/rpaludoplay-app/src/static/images/09859679.png -> /home/ddurand/fotos/09859679.png
2026-08-21 18:43:11,324 INFO photo_manager - Foto movida: /home/ddurand/proyectos/personal/rpaludoplay-app/src/static/images/09936824.png -> /home/ddurand/fotos/09936824.png
2026-08-21 18:43:11,325 INFO photo_manager - Foto movida: /home/ddurand/proyectos/personal/rpaludoplay-app/src/static/images/44366990.png -> /home/ddurand/fotos/44366990.png
2026-08-21 18:43:11,325 INFO photo_manager - Foto movida: /home/ddurand/proyectos/personal/rpaludoplay-app/src/static/images/16407194.png -> /home/ddurand/fotos/16407194.png
2026-08-21 18:43:11,325 INFO photo_manager - Foto movida: /home/ddurand/proyectos/personal/rpaludoplay-app/src/static/images/24390804.png -> /home/ddurand/fotos/24390804.png
2026-08-21 18:43:11,326 INFO photo_manager - Foto movida: /home/ddurand/proyectos/personal/rpaludoplay-app/src/static/images/44664459.png -> /home/ddurand/fotos/44664459.png
2026-08-21 18:43:11,326 INFO photo_manager - Foto movida: /home/ddurand/proyectos/personal/rpaludoplay-app/src/static/images/73191951.png -> /home/ddurand/fotos/73191951.png
2026-08-21 18:43:11,327 INFO photo_manager - Foto movida: /home/ddurand/proyectos/personal/rpaludoplay-app/src/static/images/40618560.png -> /home/ddurand/fotos/40618560.png
2026-08-21 18:43:11,327 INFO photo_manager - Foto movida: /home/ddurand/proyectos/personal/rpaludoplay-app/src/static/images/77379269.png -> /home/ddurand/fotos/77379269.png
2026-08-21 18:43:11,327 INFO photo_manager - Foto movida: /home/ddurand/proyectos/personal/rpaludoplay-app/src/static/images/10666650.png -> /home/ddurand/fotos/10666650.png
2026-08-21 18:43:11,328 INFO photo_manager - Foto movida: /home/ddurand/proyectos/personal/rpaludoplay-app/src/static/images/45433720.png -> /home/ddurand/fotos/45433720.png
2026-08-21 18:43:11,328 INFO photo_manager - Foto movida: /home/ddurand/proyectos/personal/rpaludoplay-app/src/static/images/72849066.png -> /home/ddurand/fotos/72849066.png
2026-08-21 18:43:11,329 INFO photo_manager - Foto movida: /home/ddurand/proyectos/personal/rpaludoplay-app/src/static/images/73332655.png -> /home/ddurand/fotos/73332655.png
2026-08-21 18:43:11,329 INFO photo_manager - Foto movida: /home/ddurand/proyectos/personal/rpaludoplay-app/src/static/images/41373396.png -> /home/ddurand/fotos/41373396.png
2026-08-21 18:43:11,329 INFO photo_manager - Foto movida: /home/ddurand/proyectos/personal/rpaludoplay-app/src/static/images/07709401.png -> /home/ddurand/fotos/07709401.png
2026-08-21 18:43:11,330 INFO photo_manager - Foto movida: /home/ddurand/proyectos/personal/rpaludoplay-app/src/static/images/41547919.png -> /home/ddurand/fotos/41547919.png
2026-08-21 18:43:11,330 INFO photo_manager - Foto movida: /home/ddurand/proyectos/personal/rpaludoplay-app/src/static/images/40617126.png -> /home/ddurand/fotos/40617126.png
2026-08-21 18:43:11,330 INFO photo_manager - Foto movida: /home/ddurand/proyectos/personal/rpaludoplay-app/src/static/images/21780596.png -> /home/ddurand/fotos/21780596.png
2026-08-21 18:43:11,331 INFO photo_manager - Foto movida: /home/ddurand/proyectos/personal/rpaludoplay-app/src/static/images/42129815.png -> /home/ddurand/fotos/42129815.png
2026-08-21 18:43:11,331 INFO photo_manager - Foto movida: /home/ddurand/proyectos/personal/rpaludoplay-app/src/static/images/23904321.png -> /home/ddurand/fotos/23904321.png
2026-08-21 18:43:11,331 INFO photo_manager - Foto movida: /home/ddurand/proyectos/personal/rpaludoplay-app/src/static/images/26600027.png -> /home/ddurand/fotos/26600027.png
2026-08-21 18:43:11,331 INFO photo_manager - Foto movida: /home/ddurand/proyectos/personal/rpaludoplay-app/src/static/images/09596994.png -> /home/ddurand/fotos/09596994.png
2026-08-21 18:43:11,332 INFO photo_manager - Foto movida: /home/ddurand/proyectos/personal/rpaludoplay-app/src/static/images/40930561.png -> /home/ddurand/fotos/40930561.png
2026-08-21 18:43:11,332 INFO photo_manager - Foto movida: /home/ddurand/proyectos/personal/rpaludoplay-app/src/static/images/44062619.png -> /home/ddurand/fotos/44062619.png
2026-08-21 18:43:11,332 INFO photo_manager - Foto movida: /home/ddurand/proyectos/personal/rpaludoplay-app/src/static/images/42684964.png -> /home/ddurand/fotos/42684964.png
2026-08-21 18:43:11,333 INFO photo_manager - Foto movida: /home/ddurand/proyectos/personal/rpaludoplay-app/src/static/images/07238163.png -> /home/ddurand/fotos/07238163.png
2026-08-21 18:43:11,333 INFO photo_manager - Foto movida: /home/ddurand/proyectos/personal/rpaludoplay-app/src/static/images/42526727.png -> /home/ddurand/fotos/42526727.png
2026-08-21 18:43:11,333 INFO photo_manager - Foto movida: /home/ddurand/proyectos/personal/rpaludoplay-app/src/static/images/80303805.png -> /home/ddurand/fotos/80303805.png
2026-08-21 18:43:11,334 INFO photo_manager - Foto movida: /home/ddurand/proyectos/personal/rpaludoplay-app/src/static/images/16715427.png -> /home/ddurand/fotos/16715427.png
2026-08-21 18:43:11,334 INFO photo_manager - Foto movida: /home/ddurand/proyectos/personal/rpaludoplay-app/src/static/images/77501817.png -> /home/ddurand/fotos/77501817.png
2026-08-21 18:43:11,334 INFO photo_manager - Foto movida: /home/ddurand/proyectos/personal/rpaludoplay-app/src/static/images/47181549.png -> /home/ddurand/fotos/47181549.png
2026-08-21 18:43:11,335 INFO photo_manager - Foto movida: /home/ddurand/proyectos/personal/rpaludoplay-app/src/static/images/10274312.png -> /home/ddurand/fotos/10274312.png
2026-08-21 18:43:11,335 INFO photo_manager - Foto movida: /home/ddurand/proyectos/personal/rpaludoplay-app/src/static/images/48932009.png -> /home/ddurand/fotos/48932009.png
2026-08-21 18:43:11,335 INFO photo_manager - Foto movida: /home/ddurand/proyectos/personal/rpaludoplay-app/src/static/images/73487372.png -> /home/ddurand/fotos/73487372.png
2026-08-21 18:43:11,336 INFO photo_manager - Foto movida: /home/ddurand/proyectos/personal/rpaludoplay-app/src/static/images/41980789.png -> /home/ddurand/fotos/41980789.png
2026-08-21 18:43:11,336 INFO photo_manager - Foto movida: /home/ddurand/proyectos/personal/rpaludoplay-app/src/static/images/43109180.png -> /home/ddurand/fotos/43109180.png
2026-08-21 18:43:11,336 INFO photo_manager - Foto movida: /home/ddurand/proyectos/personal/rpaludoplay-app/src/static/images/21542026.png -> /home/ddurand/fotos/21542026.png
2026-08-21 18:43:11,337 INFO photo_manager - Foto movida: /home/ddurand/proyectos/personal/rpaludoplay-app/src/static/images/41829018.png -> /home/ddurand/fotos/41829018.png
2026-08-21 18:43:11,337 INFO photo_manager - Foto movida: /home/ddurand/proyectos/personal/rpaludoplay-app/src/static/images/41315083.png -> /home/ddurand/fotos/41315083.png
2026-08-21 18:43:11,337 INFO photo_manager - Foto movida: /home/ddurand/proyectos/personal/rpaludoplay-app/src/static/images/10205813.png -> /home/ddurand/fotos/10205813.png
2026-08-21 18:43:11,338 INFO photo_manager - Foto movida: /home/ddurand/proyectos/personal/rpaludoplay-app/src/static/images/07875296.png -> /home/ddurand/fotos/07875296.png
2026-08-21 18:43:11,338 INFO photo_manager - Foto movida: /home/ddurand/proyectos/personal/rpaludoplay-app/src/static/images/40549429.png -> /home/ddurand/fotos/40549429.png
2026-08-21 18:43:11,338 INFO photo_manager - Foto movida: /home/ddurand/proyectos/personal/rpaludoplay-app/src/static/images/70509731.png -> /home/ddurand/fotos/70509731.png
2026-08-21 18:43:11,339 INFO photo_manager - Foto movida: /home/ddurand/proyectos/personal/rpaludoplay-app/src/static/images/42845233.png -> /home/ddurand/fotos/42845233.png
2026-08-21 18:43:11,339 INFO photo_manager - Foto movida: /home/ddurand/proyectos/personal/rpaludoplay-app/src/static/images/46112607.png -> /home/ddurand/fotos/46112607.png
2026-08-21 18:43:11,339 INFO photo_manager - Foto movida: /home/ddurand/proyectos/personal/rpaludoplay-app/src/static/images/41554679.png -> /home/ddurand/fotos/41554679.png
2026-08-21 18:43:11,339 INFO photo_manager - Foto movida: /home/ddurand/proyectos/personal/rpaludoplay-app/src/static/images/74305577.png -> /home/ddurand/fotos/74305577.png
2026-08-21 18:43:11,340 INFO photo_manager - Foto movida: /home/ddurand/proyectos/personal/rpaludoplay-app/src/static/images/80029731.png -> /home/ddurand/fotos/80029731.png
2026-08-21 18:43:11,340 INFO photo_manager - Foto movida: /home/ddurand/proyectos/personal/rpaludoplay-app/src/static/images/44669919.png -> /home/ddurand/fotos/44669919.png
2026-08-21 18:43:11,340 INFO photo_manager - Foto movida: /home/ddurand/proyectos/personal/rpaludoplay-app/src/static/images/16678025.png -> /home/ddurand/fotos/16678025.png
2026-08-21 18:43:11,341 INFO photo_manager - Foto movida: /home/ddurand/proyectos/personal/rpaludoplay-app/src/static/images/16698431.png -> /home/ddurand/fotos/16698431.png
2026-08-21 18:43:11,341 INFO photo_manager - Foto movida: /home/ddurand/proyectos/personal/rpaludoplay-app/src/static/images/44340262.png -> /home/ddurand/fotos/44340262.png
2026-08-21 18:43:11,341 INFO photo_manager - Foto movida: /home/ddurand/proyectos/personal/rpaludoplay-app/src/static/images/41371416.png -> /home/ddurand/fotos/41371416.png
2026-08-21 18:43:11,342 INFO photo_manager - Foto movida: /home/ddurand/proyectos/personal/rpaludoplay-app/src/static/images/41105390.png -> /home/ddurand/fotos/41105390.png
2026-08-21 18:43:11,342 INFO photo_manager - Foto movida: /home/ddurand/proyectos/personal/rpaludoplay-app/src/static/images/21801476.png -> /home/ddurand/fotos/21801476.png
2026-08-21 18:43:11,342 INFO photo_manager - Foto movida: /home/ddurand/proyectos/personal/rpaludoplay-app/src/static/images/43418509.png -> /home/ddurand/fotos/43418509.png
2026-08-21 18:43:11,343 INFO photo_manager - Foto movida: /home/ddurand/proyectos/personal/rpaludoplay-app/src/static/images/45898195.png -> /home/ddurand/fotos/45898195.png
2026-08-21 18:43:11,343 INFO photo_manager - Foto movida: /home/ddurand/proyectos/personal/rpaludoplay-app/src/static/images/30415359.png -> /home/ddurand/fotos/30415359.png
2026-08-21 18:43:11,343 INFO photo_manager - Foto movida: /home/ddurand/proyectos/personal/rpaludoplay-app/src/static/images/001443436.png -> /home/ddurand/fotos/001443436.png
2026-08-21 18:43:11,344 INFO photo_manager - Foto movida: /home/ddurand/proyectos/personal/rpaludoplay-app/src/static/images/00413274.png -> /home/ddurand/fotos/00413274.png
2026-08-21 18:43:11,344 INFO photo_manager - Foto movida: /home/ddurand/proyectos/personal/rpaludoplay-app/src/static/images/29641184.png -> /home/ddurand/fotos/29641184.png
2026-08-21 18:43:11,344 INFO photo_manager - Foto movida: /home/ddurand/proyectos/personal/rpaludoplay-app/src/static/images/001196987.png -> /home/ddurand/fotos/001196987.png
2026-08-21 18:43:11,345 INFO photo_manager - Foto movida: /home/ddurand/proyectos/personal/rpaludoplay-app/src/static/images/45828555.png -> /home/ddurand/fotos/45828555.png
2026-08-21 18:43:11,345 INFO photo_manager - Foto movida: /home/ddurand/proyectos/personal/rpaludoplay-app/src/static/images/42668690.png -> /home/ddurand/fotos/42668690.png
2026-08-21 18:43:11,345 INFO photo_manager - Foto movida: /home/ddurand/proyectos/personal/rpaludoplay-app/src/static/images/80046000.png -> /home/ddurand/fotos/80046000.png
2026-08-21 18:43:11,346 INFO photo_manager - Foto movida: /home/ddurand/proyectos/personal/rpaludoplay-app/src/static/images/44940863.png -> /home/ddurand/fotos/44940863.png
2026-08-21 18:43:11,346 INFO photo_manager - Foto movida: /home/ddurand/proyectos/personal/rpaludoplay-app/src/static/images/17614378.png -> /home/ddurand/fotos/17614378.png
2026-08-21 18:43:11,347 INFO photo_manager - Foto movida: /home/ddurand/proyectos/personal/rpaludoplay-app/src/static/images/10283613.png -> /home/ddurand/fotos/10283613.png
2026-08-21 18:43:11,347 INFO photo_manager - Foto movida: /home/ddurand/proyectos/personal/rpaludoplay-app/src/static/images/47457075.png -> /home/ddurand/fotos/47457075.png
2026-08-21 18:43:11,347 INFO photo_manager - Foto movida: /home/ddurand/proyectos/personal/rpaludoplay-app/src/static/images/09385820.png -> /home/ddurand/fotos/09385820.png
2026-08-21 18:43:11,348 INFO photo_manager - Foto movida: /home/ddurand/proyectos/personal/rpaludoplay-app/src/static/images/42247860.png -> /home/ddurand/fotos/42247860.png
2026-08-21 18:43:11,348 INFO photo_manager - Foto movida: /home/ddurand/proyectos/personal/rpaludoplay-app/src/static/images/000098119.png -> /home/ddurand/fotos/000098119.png
2026-08-21 18:43:11,348 INFO photo_manager - Foto movida: /home/ddurand/proyectos/personal/rpaludoplay-app/src/static/images/23901693.png -> /home/ddurand/fotos/23901693.png
2026-08-21 18:43:11,349 INFO photo_manager - Foto movida: /home/ddurand/proyectos/personal/rpaludoplay-app/src/static/images/42012283.png -> /home/ddurand/fotos/42012283.png
2026-08-21 18:43:11,349 INFO photo_manager - Foto movida: /home/ddurand/proyectos/personal/rpaludoplay-app/src/static/images/29272457.png -> /home/ddurand/fotos/29272457.png
2026-08-21 18:43:11,349 INFO photo_manager - Foto movida: /home/ddurand/proyectos/personal/rpaludoplay-app/src/static/images/17622815.png -> /home/ddurand/fotos/17622815.png
2026-08-21 18:43:11,349 INFO photo_manager - Foto movida: /home/ddurand/proyectos/personal/rpaludoplay-app/src/static/images/43726209.png -> /home/ddurand/fotos/43726209.png
2026-08-21 18:43:11,350 INFO photo_manager - Foto movida: /home/ddurand/proyectos/personal/rpaludoplay-app/src/static/images/42794901.png -> /home/ddurand/fotos/42794901.png
2026-08-21 18:43:11,350 INFO photo_manager - Foto movida: /home/ddurand/proyectos/personal/rpaludoplay-app/src/static/images/40857468.png -> /home/ddurand/fotos/40857468.png
2026-08-21 18:43:11,350 INFO photo_manager - Foto movida: /home/ddurand/proyectos/personal/rpaludoplay-app/src/static/images/20111769.png -> /home/ddurand/fotos/20111769.png
2026-08-21 18:43:11,350 INFO photo_manager - Foto movida: /home/ddurand/proyectos/personal/rpaludoplay-app/src/static/images/41950560.png -> /home/ddurand/fotos/41950560.png
2026-08-21 18:43:11,351 INFO photo_manager - Foto movida: /home/ddurand/proyectos/personal/rpaludoplay-app/src/static/images/43888849.png -> /home/ddurand/fotos/43888849.png
2026-08-21 18:43:11,351 INFO photo_manager - Foto movida: /home/ddurand/proyectos/personal/rpaludoplay-app/src/static/images/08102380.png -> /home/ddurand/fotos/08102380.png
2026-08-21 18:43:11,351 INFO photo_manager - Foto movida: /home/ddurand/proyectos/personal/rpaludoplay-app/src/static/images/71239549.png -> /home/ddurand/fotos/71239549.png
2026-08-21 18:43:11,352 INFO photo_manager - Foto movida: /home/ddurand/proyectos/personal/rpaludoplay-app/src/static/images/72429932.png -> /home/ddurand/fotos/72429932.png
2026-08-21 18:43:11,352 INFO photo_manager - Foto movida: /home/ddurand/proyectos/personal/rpaludoplay-app/src/static/images/41589648.png -> /home/ddurand/fotos/41589648.png
2026-08-21 18:43:11,352 INFO photo_manager - Foto movida: /home/ddurand/proyectos/personal/rpaludoplay-app/src/static/images/29244170.png -> /home/ddurand/fotos/29244170.png
2026-08-21 18:43:11,353 INFO photo_manager - Foto movida: /home/ddurand/proyectos/personal/rpaludoplay-app/src/static/images/44024739.png -> /home/ddurand/fotos/44024739.png
2026-08-21 18:43:11,353 INFO photo_manager - Foto movida: /home/ddurand/proyectos/personal/rpaludoplay-app/src/static/images/45312572.png -> /home/ddurand/fotos/45312572.png
2026-08-21 18:43:11,353 INFO photo_manager - Foto movida: /home/ddurand/proyectos/personal/rpaludoplay-app/src/static/images/45901638.png -> /home/ddurand/fotos/45901638.png
2026-08-21 18:43:11,353 INFO photo_manager - Foto movida: /home/ddurand/proyectos/personal/rpaludoplay-app/src/static/images/44441546.png -> /home/ddurand/fotos/44441546.png
2026-08-21 18:43:11,354 INFO photo_manager - Foto movida: /home/ddurand/proyectos/personal/rpaludoplay-app/src/static/images/46175920.png -> /home/ddurand/fotos/46175920.png
2026-08-21 18:43:11,354 INFO photo_manager - Foto movida: /home/ddurand/proyectos/personal/rpaludoplay-app/src/static/images/70000043.png -> /home/ddurand/fotos/70000043.png
2026-08-21 18:43:11,354 INFO photo_manager - Foto movida: /home/ddurand/proyectos/personal/rpaludoplay-app/src/static/images/40415526.png -> /home/ddurand/fotos/40415526.png
2026-08-21 18:43:11,354 INFO photo_manager - Foto movida: /home/ddurand/proyectos/personal/rpaludoplay-app/src/static/images/42952044.png -> /home/ddurand/fotos/42952044.png
2026-08-21 18:43:11,355 INFO photo_manager - Foto movida: /home/ddurand/proyectos/personal/rpaludoplay-app/src/static/images/10316413.png -> /home/ddurand/fotos/10316413.png
2026-08-21 18:43:11,355 INFO photo_manager - Foto movida: /home/ddurand/proyectos/personal/rpaludoplay-app/src/static/images/48013093.png -> /home/ddurand/fotos/48013093.png
2026-08-21 18:43:11,355 INFO photo_manager - Foto movida: /home/ddurand/proyectos/personal/rpaludoplay-app/src/static/images/42048988.png -> /home/ddurand/fotos/42048988.png
2026-08-21 18:43:11,355 INFO photo_manager - Foto movida: /home/ddurand/proyectos/personal/rpaludoplay-app/src/static/images/44592005.png -> /home/ddurand/fotos/44592005.png
2026-08-21 18:43:11,356 INFO photo_manager - Foto movida: /home/ddurand/proyectos/personal/rpaludoplay-app/src/static/images/09674905.png -> /home/ddurand/fotos/09674905.png
2026-08-21 18:43:11,356 INFO photo_manager - Foto movida: /home/ddurand/proyectos/personal/rpaludoplay-app/src/static/images/46255933.png -> /home/ddurand/fotos/46255933.png
2026-08-21 18:43:11,356 INFO photo_manager - Foto movida: /home/ddurand/proyectos/personal/rpaludoplay-app/src/static/images/23933409.png -> /home/ddurand/fotos/23933409.png
2026-08-21 18:43:11,356 INFO photo_manager - Foto movida: /home/ddurand/proyectos/personal/rpaludoplay-app/src/static/images/42596402.png -> /home/ddurand/fotos/42596402.png
2026-08-21 18:43:11,356 INFO photo_manager - Foto movida: /home/ddurand/proyectos/personal/rpaludoplay-app/src/static/images/07133618.png -> /home/ddurand/fotos/07133618.png
2026-08-21 18:43:11,357 INFO photo_manager - Foto movida: /home/ddurand/proyectos/personal/rpaludoplay-app/src/static/images/06243204.png -> /home/ddurand/fotos/06243204.png
2026-08-21 18:43:11,357 INFO photo_manager - Foto movida: /home/ddurand/proyectos/personal/rpaludoplay-app/src/static/images/23848484.png -> /home/ddurand/fotos/23848484.png
2026-08-21 18:43:11,357 INFO photo_manager - Foto movida: /home/ddurand/proyectos/personal/rpaludoplay-app/src/static/images/001143244.png -> /home/ddurand/fotos/001143244.png
2026-08-21 18:43:11,357 INFO photo_manager - Foto movida: /home/ddurand/proyectos/personal/rpaludoplay-app/src/static/images/10299073.png -> /home/ddurand/fotos/10299073.png
2026-08-21 18:43:11,358 INFO photo_manager - Foto movida: /home/ddurand/proyectos/personal/rpaludoplay-app/src/static/images/41947339.png -> /home/ddurand/fotos/41947339.png
2026-08-21 18:43:11,358 INFO photo_manager - Foto movida: /home/ddurand/proyectos/personal/rpaludoplay-app/src/static/images/16758694.png -> /home/ddurand/fotos/16758694.png
2026-08-21 18:43:11,358 INFO photo_manager - Foto movida: /home/ddurand/proyectos/personal/rpaludoplay-app/src/static/images/00791803.png -> /home/ddurand/fotos/00791803.png
2026-08-21 18:43:11,359 INFO photo_manager - Foto movida: /home/ddurand/proyectos/personal/rpaludoplay-app/src/static/images/10468574.png -> /home/ddurand/fotos/10468574.png
2026-08-21 18:43:11,359 INFO photo_manager - Foto movida: /home/ddurand/proyectos/personal/rpaludoplay-app/src/static/images/09943956.png -> /home/ddurand/fotos/09943956.png
2026-08-21 18:43:11,359 INFO photo_manager - Foto movida: /home/ddurand/proyectos/personal/rpaludoplay-app/src/static/images/23996740.png -> /home/ddurand/fotos/23996740.png
2026-08-21 18:43:11,360 INFO photo_manager - Foto movida: /home/ddurand/proyectos/personal/rpaludoplay-app/src/static/images/47752539.png -> /home/ddurand/fotos/47752539.png
2026-08-21 18:43:11,360 INFO photo_manager - Foto movida: /home/ddurand/proyectos/personal/rpaludoplay-app/src/static/images/73381519.png -> /home/ddurand/fotos/73381519.png
2026-08-21 18:43:11,360 INFO photo_manager - Foto movida: /home/ddurand/proyectos/personal/rpaludoplay-app/src/static/images/41653513.png -> /home/ddurand/fotos/41653513.png
2026-08-21 18:43:11,361 INFO photo_manager - Foto movida: /home/ddurand/proyectos/personal/rpaludoplay-app/src/static/images/44228236.png -> /home/ddurand/fotos/44228236.png
2026-08-21 18:43:11,361 INFO photo_manager - Foto movida: /home/ddurand/proyectos/personal/rpaludoplay-app/src/static/images/46395057.png -> /home/ddurand/fotos/46395057.png
2026-08-21 18:43:11,361 INFO photo_manager - Foto movida: /home/ddurand/proyectos/personal/rpaludoplay-app/src/static/images/42506340.png -> /home/ddurand/fotos/42506340.png
2026-08-21 18:43:11,362 INFO photo_manager - Foto movida: /home/ddurand/proyectos/personal/rpaludoplay-app/src/static/images/16665563.png -> /home/ddurand/fotos/16665563.png
2026-08-21 18:43:11,362 INFO photo_manager - Foto movida: /home/ddurand/proyectos/personal/rpaludoplay-app/src/static/images/46303999.png -> /home/ddurand/fotos/46303999.png
2026-08-21 18:43:11,362 INFO photo_manager - Foto movida: /home/ddurand/proyectos/personal/rpaludoplay-app/src/static/images/16679595.png -> /home/ddurand/fotos/16679595.png
2026-08-21 18:43:11,362 INFO photo_manager - Foto movida: /home/ddurand/proyectos/personal/rpaludoplay-app/src/static/images/40450326.png -> /home/ddurand/fotos/40450326.png
2026-08-21 18:43:11,363 INFO photo_manager - Foto movida: /home/ddurand/proyectos/personal/rpaludoplay-app/src/static/images/26723326.png -> /home/ddurand/fotos/26723326.png
2026-08-21 18:43:11,363 INFO photo_manager - Foto movida: /home/ddurand/proyectos/personal/rpaludoplay-app/src/static/images/23915490.png -> /home/ddurand/fotos/23915490.png
2026-08-21 18:43:11,363 INFO photo_manager - Foto movida: /home/ddurand/proyectos/personal/rpaludoplay-app/src/static/images/07883292.png -> /home/ddurand/fotos/07883292.png
2026-08-21 18:43:11,364 INFO photo_manager - Foto movida: /home/ddurand/proyectos/personal/rpaludoplay-app/src/static/images/46246067.png -> /home/ddurand/fotos/46246067.png
2026-08-21 18:43:11,364 INFO photo_manager - Foto movida: /home/ddurand/proyectos/personal/rpaludoplay-app/src/static/images/06812194.png -> /home/ddurand/fotos/06812194.png
2026-08-21 18:43:11,364 INFO photo_manager - Foto movida: /home/ddurand/proyectos/personal/rpaludoplay-app/src/static/images/73963650.png -> /home/ddurand/fotos/73963650.png
2026-08-21 18:43:11,365 INFO photo_manager - Foto movida: /home/ddurand/proyectos/personal/rpaludoplay-app/src/static/images/41884146.png -> /home/ddurand/fotos/41884146.png
2026-08-21 18:43:11,365 INFO photo_manager - Foto movida: /home/ddurand/proyectos/personal/rpaludoplay-app/src/static/images/40310146.png -> /home/ddurand/fotos/40310146.png
2026-08-21 18:43:11,366 INFO photo_manager - Foto movida: /home/ddurand/proyectos/personal/rpaludoplay-app/src/static/images/09379523.png -> /home/ddurand/fotos/09379523.png
2026-08-21 18:43:11,366 INFO photo_manager - Foto movida: /home/ddurand/proyectos/personal/rpaludoplay-app/src/static/images/17928490.png -> /home/ddurand/fotos/17928490.png
2026-08-21 18:43:11,367 INFO photo_manager - Foto movida: /home/ddurand/proyectos/personal/rpaludoplay-app/src/static/images/23860529.png -> /home/ddurand/fotos/23860529.png
2026-08-21 18:43:11,367 INFO photo_manager - Foto movida: /home/ddurand/proyectos/personal/rpaludoplay-app/src/static/images/45977372.png -> /home/ddurand/fotos/45977372.png
2026-08-21 18:43:11,367 INFO photo_manager - Foto movida: /home/ddurand/proyectos/personal/rpaludoplay-app/src/static/images/40895146.png -> /home/ddurand/fotos/40895146.png
2026-08-21 18:43:11,368 INFO photo_manager - Foto movida: /home/ddurand/proyectos/personal/rpaludoplay-app/src/static/images/80520405.png -> /home/ddurand/fotos/80520405.png
2026-08-21 18:43:11,368 INFO photo_manager - Foto movida: /home/ddurand/proyectos/personal/rpaludoplay-app/src/static/images/41411911.png -> /home/ddurand/fotos/41411911.png
2026-08-21 18:43:11,368 INFO photo_manager - Foto movida: /home/ddurand/proyectos/personal/rpaludoplay-app/src/static/images/23937002.png -> /home/ddurand/fotos/23937002.png
2026-08-21 18:43:11,369 INFO photo_manager - Foto movida: /home/ddurand/proyectos/personal/rpaludoplay-app/src/static/images/40297089.png -> /home/ddurand/fotos/40297089.png
2026-08-21 18:43:11,369 INFO photo_manager - Foto movida: /home/ddurand/proyectos/personal/rpaludoplay-app/src/static/images/07492063.png -> /home/ddurand/fotos/07492063.png
2026-08-21 18:43:11,369 INFO photo_manager - Foto movida: /home/ddurand/proyectos/personal/rpaludoplay-app/src/static/images/80599692.png -> /home/ddurand/fotos/80599692.png
2026-08-21 18:43:11,370 INFO photo_manager - Foto movida: /home/ddurand/proyectos/personal/rpaludoplay-app/src/static/images/40903789.png -> /home/ddurand/fotos/40903789.png
2026-08-21 18:43:11,370 INFO photo_manager - Foto movida: /home/ddurand/proyectos/personal/rpaludoplay-app/src/static/images/46970791.png -> /home/ddurand/fotos/46970791.png
2026-08-21 18:43:11,370 INFO photo_manager - Foto movida: /home/ddurand/proyectos/personal/rpaludoplay-app/src/static/images/42556611.png -> /home/ddurand/fotos/42556611.png
2026-08-21 18:43:11,370 INFO photo_manager - Foto movida: /home/ddurand/proyectos/personal/rpaludoplay-app/src/static/images/44435765.png -> /home/ddurand/fotos/44435765.png
2026-08-21 18:43:11,371 INFO photo_manager - Foto movida: /home/ddurand/proyectos/personal/rpaludoplay-app/src/static/images/46477657.png -> /home/ddurand/fotos/46477657.png
2026-08-21 18:43:11,371 INFO photo_manager - Foto movida: /home/ddurand/proyectos/personal/rpaludoplay-app/src/static/images/40470483.png -> /home/ddurand/fotos/40470483.png
2026-08-21 18:43:11,371 INFO photo_manager - Foto movida: /home/ddurand/proyectos/personal/rpaludoplay-app/src/static/images/45472745.png -> /home/ddurand/fotos/45472745.png
2026-08-21 18:43:11,371 INFO photo_manager - Foto movida: /home/ddurand/proyectos/personal/rpaludoplay-app/src/static/images/08268574.png -> /home/ddurand/fotos/08268574.png
2026-08-21 18:43:11,372 INFO photo_manager - Foto movida: /home/ddurand/proyectos/personal/rpaludoplay-app/src/static/images/42116362.png -> /home/ddurand/fotos/42116362.png
2026-08-21 18:43:11,372 INFO photo_manager - Foto movida: /home/ddurand/proyectos/personal/rpaludoplay-app/src/static/images/23929298.png -> /home/ddurand/fotos/23929298.png
2026-08-21 18:43:11,372 INFO photo_manager - Foto movida: /home/ddurand/proyectos/personal/rpaludoplay-app/src/static/images/18901747.png -> /home/ddurand/fotos/18901747.png
2026-08-21 18:43:11,372 INFO photo_manager - Foto movida: /home/ddurand/proyectos/personal/rpaludoplay-app/src/static/images/41521039.png -> /home/ddurand/fotos/41521039.png
2026-08-21 18:43:11,373 INFO photo_manager - Foto movida: /home/ddurand/proyectos/personal/rpaludoplay-app/src/static/images/44335489.png -> /home/ddurand/fotos/44335489.png
2026-08-21 18:43:11,373 INFO photo_manager - Foto movida: /home/ddurand/proyectos/personal/rpaludoplay-app/src/static/images/46168779.png -> /home/ddurand/fotos/46168779.png
2026-08-21 18:43:11,373 INFO photo_manager - Foto movida: /home/ddurand/proyectos/personal/rpaludoplay-app/src/static/images/42051205.png -> /home/ddurand/fotos/42051205.png
2026-08-21 18:43:11,374 INFO photo_manager - Foto movida: /home/ddurand/proyectos/personal/rpaludoplay-app/src/static/images/42997935.png -> /home/ddurand/fotos/42997935.png
2026-08-21 18:43:11,374 INFO photo_manager - Foto movida: /home/ddurand/proyectos/personal/rpaludoplay-app/src/static/images/01321929.png -> /home/ddurand/fotos/01321929.png
2026-08-21 18:43:11,374 INFO photo_manager - Foto movida: /home/ddurand/proyectos/personal/rpaludoplay-app/src/static/images/40595153.png -> /home/ddurand/fotos/40595153.png
2026-08-21 18:43:11,375 INFO photo_manager - Foto movida: /home/ddurand/proyectos/personal/rpaludoplay-app/src/static/images/31034971.png -> /home/ddurand/fotos/31034971.png
2026-08-21 18:43:11,375 INFO photo_manager - Foto movida: /home/ddurand/proyectos/personal/rpaludoplay-app/src/static/images/23932058.png -> /home/ddurand/fotos/23932058.png
2026-08-21 18:43:11,375 INFO photo_manager - Foto movida: /home/ddurand/proyectos/personal/rpaludoplay-app/src/static/images/74465241.png -> /home/ddurand/fotos/74465241.png
2026-08-21 18:43:11,376 INFO photo_manager - Foto movida: /home/ddurand/proyectos/personal/rpaludoplay-app/src/static/images/21887781.png -> /home/ddurand/fotos/21887781.png
2026-08-21 18:43:11,376 INFO photo_manager - Foto movida: /home/ddurand/proyectos/personal/rpaludoplay-app/src/static/images/23832594.png -> /home/ddurand/fotos/23832594.png
2026-08-21 18:43:11,376 INFO photo_manager - Foto movida: /home/ddurand/proyectos/personal/rpaludoplay-app/src/static/images/47499105.png -> /home/ddurand/fotos/47499105.png
2026-08-21 18:43:11,377 INFO photo_manager - Foto movida: /home/ddurand/proyectos/personal/rpaludoplay-app/src/static/images/06769761.png -> /home/ddurand/fotos/06769761.png
2026-08-21 18:43:11,377 INFO photo_manager - Foto movida: /home/ddurand/proyectos/personal/rpaludoplay-app/src/static/images/40174790.png -> /home/ddurand/fotos/40174790.png
2026-08-21 18:43:11,377 INFO photo_manager - Foto movida: /home/ddurand/proyectos/personal/rpaludoplay-app/src/static/images/25711680.png -> /home/ddurand/fotos/25711680.png
2026-08-21 18:43:11,378 INFO photo_manager - Foto movida: /home/ddurand/proyectos/personal/rpaludoplay-app/src/static/images/44516066.png -> /home/ddurand/fotos/44516066.png
2026-08-21 18:43:11,378 INFO photo_manager - Foto movida: /home/ddurand/proyectos/personal/rpaludoplay-app/src/static/images/48173017.png -> /home/ddurand/fotos/48173017.png
2026-08-21 18:43:11,378 INFO photo_manager - Foto movida: /home/ddurand/proyectos/personal/rpaludoplay-app/src/static/images/41059723.png -> /home/ddurand/fotos/41059723.png
2026-08-21 18:43:11,379 INFO photo_manager - Foto movida: /home/ddurand/proyectos/personal/rpaludoplay-app/src/static/images/80021928.png -> /home/ddurand/fotos/80021928.png
2026-08-21 18:43:11,379 INFO photo_manager - Foto movida: /home/ddurand/proyectos/personal/rpaludoplay-app/src/static/images/43387011.png -> /home/ddurand/fotos/43387011.png
2026-08-21 18:43:11,379 INFO photo_manager - Foto movida: /home/ddurand/proyectos/personal/rpaludoplay-app/src/static/images/25001572.png -> /home/ddurand/fotos/25001572.png
2026-08-21 18:43:11,380 INFO photo_manager - Foto movida: /home/ddurand/proyectos/personal/rpaludoplay-app/src/static/images/28065881.png -> /home/ddurand/fotos/28065881.png
2026-08-21 18:43:11,380 INFO photo_manager - Foto movida: /home/ddurand/proyectos/personal/rpaludoplay-app/src/static/images/19835224.png -> /home/ddurand/fotos/19835224.png
2026-08-21 18:43:11,380 INFO photo_manager - Foto movida: /home/ddurand/proyectos/personal/rpaludoplay-app/src/static/images/43464899.png -> /home/ddurand/fotos/43464899.png
2026-08-21 18:43:11,381 INFO photo_manager - Foto movida: /home/ddurand/proyectos/personal/rpaludoplay-app/src/static/images/46019161.png -> /home/ddurand/fotos/46019161.png
2026-08-21 18:43:11,381 INFO photo_manager - Foto movida: /home/ddurand/proyectos/personal/rpaludoplay-app/src/static/images/44979552.png -> /home/ddurand/fotos/44979552.png
2026-08-21 18:43:11,381 INFO photo_manager - Foto movida: /home/ddurand/proyectos/personal/rpaludoplay-app/src/static/images/44198359.png -> /home/ddurand/fotos/44198359.png
2026-08-21 18:43:11,382 INFO photo_manager - Foto movida: /home/ddurand/proyectos/personal/rpaludoplay-app/src/static/images/43983078.png -> /home/ddurand/fotos/43983078.png
2026-08-21 18:43:11,382 INFO photo_manager - Foto movida: /home/ddurand/proyectos/personal/rpaludoplay-app/src/static/images/10682260.png -> /home/ddurand/fotos/10682260.png
2026-08-21 18:43:11,382 INFO photo_manager - Foto movida: /home/ddurand/proyectos/personal/rpaludoplay-app/src/static/images/10544542.png -> /home/ddurand/fotos/10544542.png
2026-08-21 18:43:11,382 INFO photo_manager - Foto movida: /home/ddurand/proyectos/personal/rpaludoplay-app/src/static/images/29706703.png -> /home/ddurand/fotos/29706703.png
2026-08-21 18:43:11,383 INFO photo_manager - Foto movida: /home/ddurand/proyectos/personal/rpaludoplay-app/src/static/images/80647393.png -> /home/ddurand/fotos/80647393.png
2026-08-21 18:43:11,383 INFO photo_manager - Foto movida: /home/ddurand/proyectos/personal/rpaludoplay-app/src/static/images/41331160.png -> /home/ddurand/fotos/41331160.png
2026-08-21 18:43:11,383 INFO photo_manager - Foto movida: /home/ddurand/proyectos/personal/rpaludoplay-app/src/static/images/45298982.png -> /home/ddurand/fotos/45298982.png
2026-08-21 18:43:11,383 INFO photo_manager - Foto movida: /home/ddurand/proyectos/personal/rpaludoplay-app/src/static/images/41564784.png -> /home/ddurand/fotos/41564784.png
2026-08-21 18:43:11,384 INFO photo_manager - Foto movida: /home/ddurand/proyectos/personal/rpaludoplay-app/src/static/images/45694896.png -> /home/ddurand/fotos/45694896.png
2026-08-21 18:43:11,384 INFO photo_manager - Foto movida: /home/ddurand/proyectos/personal/rpaludoplay-app/src/static/images/43035962.png -> /home/ddurand/fotos/43035962.png
2026-08-21 18:43:11,384 INFO photo_manager - Foto movida: /home/ddurand/proyectos/personal/rpaludoplay-app/src/static/images/80184357.png -> /home/ddurand/fotos/80184357.png
2026-08-21 18:43:11,385 INFO photo_manager - Foto movida: /home/ddurand/proyectos/personal/rpaludoplay-app/src/static/images/07519310.png -> /home/ddurand/fotos/07519310.png
2026-08-21 18:43:11,385 INFO photo_manager - Foto movida: /home/ddurand/proyectos/personal/rpaludoplay-app/src/static/images/23981964.png -> /home/ddurand/fotos/23981964.png
2026-08-21 18:43:11,386 INFO photo_manager - Foto movida: /home/ddurand/proyectos/personal/rpaludoplay-app/src/static/images/29404766.png -> /home/ddurand/fotos/29404766.png
2026-08-21 18:43:11,386 INFO photo_manager - Foto movida: /home/ddurand/proyectos/personal/rpaludoplay-app/src/static/images/23818112.png -> /home/ddurand/fotos/23818112.png
2026-08-21 18:43:11,386 INFO photo_manager - Foto movida: /home/ddurand/proyectos/personal/rpaludoplay-app/src/static/images/23980019.png -> /home/ddurand/fotos/23980019.png
2026-08-21 18:43:11,387 INFO photo_manager - Foto movida: /home/ddurand/proyectos/personal/rpaludoplay-app/src/static/images/42288246.png -> /home/ddurand/fotos/42288246.png
2026-08-21 18:43:11,387 INFO photo_manager - Foto movida: /home/ddurand/proyectos/personal/rpaludoplay-app/src/static/images/07531026.png -> /home/ddurand/fotos/07531026.png
2026-08-21 18:43:11,387 INFO photo_manager - Foto movida: /home/ddurand/proyectos/personal/rpaludoplay-app/src/static/images/41760197.png -> /home/ddurand/fotos/41760197.png
2026-08-21 18:43:11,388 INFO photo_manager - Foto movida: /home/ddurand/proyectos/personal/rpaludoplay-app/src/static/images/73362331.png -> /home/ddurand/fotos/73362331.png
2026-08-21 18:43:11,388 INFO photo_manager - Foto movida: /home/ddurand/proyectos/personal/rpaludoplay-app/src/static/images/45458766.png -> /home/ddurand/fotos/45458766.png
2026-08-21 18:43:11,388 INFO photo_manager - Foto movida: /home/ddurand/proyectos/personal/rpaludoplay-app/src/static/images/09431916.png -> /home/ddurand/fotos/09431916.png
2026-08-21 18:43:11,388 INFO photo_manager - Foto movida: /home/ddurand/proyectos/personal/rpaludoplay-app/src/static/images/44361345.png -> /home/ddurand/fotos/44361345.png
2026-08-21 18:43:11,389 INFO photo_manager - Foto movida: /home/ddurand/proyectos/personal/rpaludoplay-app/src/static/images/23885334.png -> /home/ddurand/fotos/23885334.png
2026-08-21 18:43:11,389 INFO photo_manager - Foto movida: /home/ddurand/proyectos/personal/rpaludoplay-app/src/static/images/74085750.png -> /home/ddurand/fotos/74085750.png
2026-08-21 18:43:11,389 INFO photo_manager - Foto movida: /home/ddurand/proyectos/personal/rpaludoplay-app/src/static/images/09953552.png -> /home/ddurand/fotos/09953552.png
2026-08-21 18:43:11,389 INFO photo_manager - Foto movida: /home/ddurand/proyectos/personal/rpaludoplay-app/src/static/images/23987890.png -> /home/ddurand/fotos/23987890.png
2026-08-21 18:43:11,390 INFO photo_manager - Foto movida: /home/ddurand/proyectos/personal/rpaludoplay-app/src/static/images/21560064.png -> /home/ddurand/fotos/21560064.png
2026-08-21 18:43:11,390 INFO photo_manager - Foto movida: /home/ddurand/proyectos/personal/rpaludoplay-app/src/static/images/26682040.png -> /home/ddurand/fotos/26682040.png
2026-08-21 18:43:11,390 INFO photo_manager - Foto movida: /home/ddurand/proyectos/personal/rpaludoplay-app/src/static/images/23879696.png -> /home/ddurand/fotos/23879696.png
2026-08-21 18:43:11,390 INFO photo_manager - Foto movida: /home/ddurand/proyectos/personal/rpaludoplay-app/src/static/images/43970682.png -> /home/ddurand/fotos/43970682.png
2026-08-21 18:43:11,391 INFO photo_manager - Foto movida: /home/ddurand/proyectos/personal/rpaludoplay-app/src/static/images/40561365.png -> /home/ddurand/fotos/40561365.png
2026-08-21 18:43:11,391 INFO photo_manager - Foto movida: /home/ddurand/proyectos/personal/rpaludoplay-app/src/static/images/40746989.png -> /home/ddurand/fotos/40746989.png
2026-08-21 18:43:11,391 INFO photo_manager - Foto movida: /home/ddurand/proyectos/personal/rpaludoplay-app/src/static/images/09821387.png -> /home/ddurand/fotos/09821387.png
2026-08-21 18:43:11,391 INFO photo_manager - Foto movida: /home/ddurand/proyectos/personal/rpaludoplay-app/src/static/images/07869967.png -> /home/ddurand/fotos/07869967.png
2026-08-21 18:43:11,391 INFO photo_manager - Foto movida: /home/ddurand/proyectos/personal/rpaludoplay-app/src/static/images/16641709.png -> /home/ddurand/fotos/16641709.png
2026-08-21 18:43:11,392 INFO photo_manager - Foto movida: /home/ddurand/proyectos/personal/rpaludoplay-app/src/static/images/46152581.png -> /home/ddurand/fotos/46152581.png
2026-08-21 18:43:11,392 INFO photo_manager - Foto movida: /home/ddurand/proyectos/personal/rpaludoplay-app/src/static/images/44832181.png -> /home/ddurand/fotos/44832181.png
2026-08-21 18:43:11,392 INFO photo_manager - Foto movida: /home/ddurand/proyectos/personal/rpaludoplay-app/src/static/images/16430512.png -> /home/ddurand/fotos/16430512.png
2026-08-21 18:43:11,392 INFO photo_manager - Foto movida: /home/ddurand/proyectos/personal/rpaludoplay-app/src/static/images/46232420.png -> /home/ddurand/fotos/46232420.png
2026-08-21 18:43:11,393 INFO photo_manager - Foto movida: /home/ddurand/proyectos/personal/rpaludoplay-app/src/static/images/46130204.png -> /home/ddurand/fotos/46130204.png
2026-08-21 18:43:11,393 INFO photo_manager - Foto movida: /home/ddurand/proyectos/personal/rpaludoplay-app/src/static/images/000025260.png -> /home/ddurand/fotos/000025260.png
2026-08-21 18:43:11,393 INFO photo_manager - Foto movida: /home/ddurand/proyectos/personal/rpaludoplay-app/src/static/images/08697071.png -> /home/ddurand/fotos/08697071.png
2026-08-21 18:43:11,394 INFO photo_manager - Foto movida: /home/ddurand/proyectos/personal/rpaludoplay-app/src/static/images/74708694.png -> /home/ddurand/fotos/74708694.png
2026-08-21 18:43:11,394 INFO photo_manager - Foto movida: /home/ddurand/proyectos/personal/rpaludoplay-app/src/static/images/42840501.png -> /home/ddurand/fotos/42840501.png
2026-08-21 18:43:11,394 INFO photo_manager - Foto movida: /home/ddurand/proyectos/personal/rpaludoplay-app/src/static/images/46176338.png -> /home/ddurand/fotos/46176338.png
2026-08-21 18:43:11,395 INFO photo_manager - Foto movida: /home/ddurand/proyectos/personal/rpaludoplay-app/src/static/images/43354810.png -> /home/ddurand/fotos/43354810.png
2026-08-21 18:43:11,395 INFO photo_manager - Foto movida: /home/ddurand/proyectos/personal/rpaludoplay-app/src/static/images/41662780.png -> /home/ddurand/fotos/41662780.png
2026-08-21 18:43:11,395 INFO photo_manager - Foto movida: /home/ddurand/proyectos/personal/rpaludoplay-app/src/static/images/23999764.png -> /home/ddurand/fotos/23999764.png
2026-08-21 18:43:11,396 INFO photo_manager - Foto movida: /home/ddurand/proyectos/personal/rpaludoplay-app/src/static/images/08159206.png -> /home/ddurand/fotos/08159206.png
2026-08-21 18:43:11,396 INFO photo_manager - Foto movida: /home/ddurand/proyectos/personal/rpaludoplay-app/src/static/images/72811196.png -> /home/ddurand/fotos/72811196.png
2026-08-21 18:43:11,396 INFO photo_manager - Foto movida: /home/ddurand/proyectos/personal/rpaludoplay-app/src/static/images/46659059.png -> /home/ddurand/fotos/46659059.png
2026-08-21 18:43:11,397 INFO photo_manager - Foto movida: /home/ddurand/proyectos/personal/rpaludoplay-app/src/static/images/000415599.png -> /home/ddurand/fotos/000415599.png
2026-08-21 18:43:11,397 INFO photo_manager - Foto movida: /home/ddurand/proyectos/personal/rpaludoplay-app/src/static/images/26730029.png -> /home/ddurand/fotos/26730029.png
2026-08-21 18:43:11,397 INFO photo_manager - Foto movida: /home/ddurand/proyectos/personal/rpaludoplay-app/src/static/images/16414605.png -> /home/ddurand/fotos/16414605.png
2026-08-21 18:43:11,397 INFO photo_manager - Foto movida: /home/ddurand/proyectos/personal/rpaludoplay-app/src/static/images/41008727.png -> /home/ddurand/fotos/41008727.png
2026-08-21 18:43:11,398 INFO photo_manager - Foto movida: /home/ddurand/proyectos/personal/rpaludoplay-app/src/static/images/40417577.png -> /home/ddurand/fotos/40417577.png
2026-08-21 18:43:11,398 INFO photo_manager - Foto movida: /home/ddurand/proyectos/personal/rpaludoplay-app/src/static/images/71483217.png -> /home/ddurand/fotos/71483217.png
2026-08-21 18:43:11,399 INFO photo_manager - Foto movida: /home/ddurand/proyectos/personal/rpaludoplay-app/src/static/images/40189954.png -> /home/ddurand/fotos/40189954.png
2026-08-21 18:43:11,399 INFO photo_manager - Foto movida: /home/ddurand/proyectos/personal/rpaludoplay-app/src/static/images/44657915.png -> /home/ddurand/fotos/44657915.png
2026-08-21 18:43:11,399 INFO photo_manager - Foto movida: /home/ddurand/proyectos/personal/rpaludoplay-app/src/static/images/43607233.png -> /home/ddurand/fotos/43607233.png
2026-08-21 18:43:11,399 INFO photo_manager - Foto movida: /home/ddurand/proyectos/personal/rpaludoplay-app/src/static/images/73222806.png -> /home/ddurand/fotos/73222806.png
2026-08-21 18:43:11,400 INFO photo_manager - Foto movida: /home/ddurand/proyectos/personal/rpaludoplay-app/src/static/images/10734134.png -> /home/ddurand/fotos/10734134.png
2026-08-21 18:43:11,400 INFO photo_manager - Foto movida: /home/ddurand/proyectos/personal/rpaludoplay-app/src/static/images/26712469.png -> /home/ddurand/fotos/26712469.png
2026-08-21 18:43:11,400 INFO photo_manager - Foto movida: /home/ddurand/proyectos/personal/rpaludoplay-app/src/static/images/40281667.png -> /home/ddurand/fotos/40281667.png
2026-08-21 18:43:11,400 INFO photo_manager - Foto movida: /home/ddurand/proyectos/personal/rpaludoplay-app/src/static/images/002196232.png -> /home/ddurand/fotos/002196232.png
2026-08-21 18:43:11,401 INFO photo_manager - Foto movida: /home/ddurand/proyectos/personal/rpaludoplay-app/src/static/images/40665611.png -> /home/ddurand/fotos/40665611.png
2026-08-21 18:43:11,401 INFO photo_manager - Foto movida: /home/ddurand/proyectos/personal/rpaludoplay-app/src/static/images/41339212.png -> /home/ddurand/fotos/41339212.png
2026-08-21 18:43:11,401 INFO photo_manager - Foto movida: /home/ddurand/proyectos/personal/rpaludoplay-app/src/static/images/40091050.png -> /home/ddurand/fotos/40091050.png
2026-08-21 18:43:11,402 INFO photo_manager - Foto movida: /home/ddurand/proyectos/personal/rpaludoplay-app/src/static/images/16650579.png -> /home/ddurand/fotos/16650579.png
2026-08-21 18:43:11,402 INFO photo_manager - Foto movida: /home/ddurand/proyectos/personal/rpaludoplay-app/src/static/images/44468495.png -> /home/ddurand/fotos/44468495.png
2026-08-21 18:43:11,403 INFO photo_manager - Foto movida: /home/ddurand/proyectos/personal/rpaludoplay-app/src/static/images/43348264.png -> /home/ddurand/fotos/43348264.png
2026-08-21 18:43:11,403 INFO photo_manager - Foto movida: /home/ddurand/proyectos/personal/rpaludoplay-app/src/static/images/23911123.png -> /home/ddurand/fotos/23911123.png
2026-08-21 18:43:11,404 INFO photo_manager - Foto movida: /home/ddurand/proyectos/personal/rpaludoplay-app/src/static/images/23835817.png -> /home/ddurand/fotos/23835817.png
2026-08-21 18:43:11,404 INFO photo_manager - Foto movida: /home/ddurand/proyectos/personal/rpaludoplay-app/src/static/images/10805522.png -> /home/ddurand/fotos/10805522.png
2026-08-21 18:43:11,404 INFO photo_manager - Foto movida: /home/ddurand/proyectos/personal/rpaludoplay-app/src/static/images/42427141.png -> /home/ddurand/fotos/42427141.png
2026-08-21 18:43:11,405 INFO photo_manager - Foto movida: /home/ddurand/proyectos/personal/rpaludoplay-app/src/static/images/40026021.png -> /home/ddurand/fotos/40026021.png
2026-08-21 18:43:11,405 INFO photo_manager - Foto movida: /home/ddurand/proyectos/personal/rpaludoplay-app/src/static/images/71545241.png -> /home/ddurand/fotos/71545241.png
2026-08-21 18:43:11,406 INFO photo_manager - Foto movida: /home/ddurand/proyectos/personal/rpaludoplay-app/src/static/images/42096664.png -> /home/ddurand/fotos/42096664.png
2026-08-21 18:43:11,406 INFO photo_manager - Foto movida: /home/ddurand/proyectos/personal/rpaludoplay-app/src/static/images/80328157.png -> /home/ddurand/fotos/80328157.png
2026-08-21 18:43:11,406 INFO photo_manager - Foto movida: /home/ddurand/proyectos/personal/rpaludoplay-app/src/static/images/40658709.png -> /home/ddurand/fotos/40658709.png
2026-08-21 18:43:11,407 INFO photo_manager - Foto movida: /home/ddurand/proyectos/personal/rpaludoplay-app/src/static/images/26617187.png -> /home/ddurand/fotos/26617187.png
2026-08-21 18:43:11,407 INFO photo_manager - Foto movida: /home/ddurand/proyectos/personal/rpaludoplay-app/src/static/images/16787261.png -> /home/ddurand/fotos/16787261.png
2026-08-21 18:43:11,407 INFO photo_manager - Foto movida: /home/ddurand/proyectos/personal/rpaludoplay-app/src/static/images/000063790.png -> /home/ddurand/fotos/000063790.png
2026-08-21 18:43:11,408 INFO photo_manager - Foto movida: /home/ddurand/proyectos/personal/rpaludoplay-app/src/static/images/21546856.png -> /home/ddurand/fotos/21546856.png
2026-08-21 18:43:11,408 INFO photo_manager - Foto movida: /home/ddurand/proyectos/personal/rpaludoplay-app/src/static/images/000069381.png -> /home/ddurand/fotos/000069381.png
2026-08-21 18:43:11,408 INFO photo_manager - Foto movida: /home/ddurand/proyectos/personal/rpaludoplay-app/src/static/images/43991330.png -> /home/ddurand/fotos/43991330.png
2026-08-21 18:43:11,409 INFO photo_manager - Foto movida: /home/ddurand/proyectos/personal/rpaludoplay-app/src/static/images/29301790.png -> /home/ddurand/fotos/29301790.png
2026-08-21 18:43:11,409 INFO photo_manager - Foto movida: /home/ddurand/proyectos/personal/rpaludoplay-app/src/static/images/43496759.png -> /home/ddurand/fotos/43496759.png
2026-08-21 18:43:11,409 INFO photo_manager - Foto movida: /home/ddurand/proyectos/personal/rpaludoplay-app/src/static/images/26644799.png -> /home/ddurand/fotos/26644799.png
2026-08-21 18:43:11,409 INFO photo_manager - Foto movida: /home/ddurand/proyectos/personal/rpaludoplay-app/src/static/images/07886954.png -> /home/ddurand/fotos/07886954.png
2026-08-21 18:43:11,410 INFO photo_manager - Foto movida: /home/ddurand/proyectos/personal/rpaludoplay-app/src/static/images/16628933.png -> /home/ddurand/fotos/16628933.png
2026-08-21 18:43:11,410 INFO photo_manager - Foto movida: /home/ddurand/proyectos/personal/rpaludoplay-app/src/static/images/44905333.png -> /home/ddurand/fotos/44905333.png
2026-08-21 18:43:11,410 INFO photo_manager - Foto movida: /home/ddurand/proyectos/personal/rpaludoplay-app/src/static/images/26646109.png -> /home/ddurand/fotos/26646109.png
2026-08-21 18:43:11,410 INFO photo_manager - Foto movida: /home/ddurand/proyectos/personal/rpaludoplay-app/src/static/images/16659048.png -> /home/ddurand/fotos/16659048.png
2026-08-21 18:43:11,411 INFO photo_manager - Foto movida: /home/ddurand/proyectos/personal/rpaludoplay-app/src/static/images/41559933.png -> /home/ddurand/fotos/41559933.png
2026-08-21 18:43:11,411 INFO photo_manager - Foto movida: /home/ddurand/proyectos/personal/rpaludoplay-app/src/static/images/40782586.png -> /home/ddurand/fotos/40782586.png
2026-08-21 18:43:11,411 INFO photo_manager - Foto movida: /home/ddurand/proyectos/personal/rpaludoplay-app/src/static/images/42139143.png -> /home/ddurand/fotos/42139143.png
2026-08-21 18:43:11,412 INFO photo_manager - Foto movida: /home/ddurand/proyectos/personal/rpaludoplay-app/src/static/images/43540293.png -> /home/ddurand/fotos/43540293.png
2026-08-21 18:43:11,412 INFO photo_manager - Foto movida: /home/ddurand/proyectos/personal/rpaludoplay-app/src/static/images/41336272.png -> /home/ddurand/fotos/41336272.png
2026-08-21 18:43:11,412 INFO photo_manager - Foto movida: /home/ddurand/proyectos/personal/rpaludoplay-app/src/static/images/16759308.png -> /home/ddurand/fotos/16759308.png
2026-08-21 18:43:11,412 INFO photo_manager - Foto movida: /home/ddurand/proyectos/personal/rpaludoplay-app/src/static/images/16690727.png -> /home/ddurand/fotos/16690727.png
2026-08-21 18:43:11,413 INFO photo_manager - Foto movida: /home/ddurand/proyectos/personal/rpaludoplay-app/src/static/images/42205403.png -> /home/ddurand/fotos/42205403.png
2026-08-21 18:43:11,413 INFO photo_manager - Foto movida: /home/ddurand/proyectos/personal/rpaludoplay-app/src/static/images/41300411.png -> /home/ddurand/fotos/41300411.png
2026-08-21 18:43:11,413 INFO photo_manager - Foto movida: /home/ddurand/proyectos/personal/rpaludoplay-app/src/static/images/09864410.png -> /home/ddurand/fotos/09864410.png
2026-08-21 18:43:11,413 INFO photo_manager - Foto movida: /home/ddurand/proyectos/personal/rpaludoplay-app/src/static/images/00125501.png -> /home/ddurand/fotos/00125501.png
2026-08-21 18:43:11,414 INFO photo_manager - Foto movida: /home/ddurand/proyectos/personal/rpaludoplay-app/src/static/images/40386347.png -> /home/ddurand/fotos/40386347.png
2026-08-21 18:43:11,414 INFO photo_manager - Foto movida: /home/ddurand/proyectos/personal/rpaludoplay-app/src/static/images/40055050.png -> /home/ddurand/fotos/40055050.png
2026-08-21 18:43:11,414 INFO photo_manager - Foto movida: /home/ddurand/proyectos/personal/rpaludoplay-app/src/static/images/05393877.png -> /home/ddurand/fotos/05393877.png
2026-08-21 18:43:11,414 INFO photo_manager - Foto movida: /home/ddurand/proyectos/personal/rpaludoplay-app/src/static/images/72948032.png -> /home/ddurand/fotos/72948032.png
2026-08-21 18:43:11,415 INFO photo_manager - Foto movida: /home/ddurand/proyectos/personal/rpaludoplay-app/src/static/images/16707491.png -> /home/ddurand/fotos/16707491.png
2026-08-21 18:43:11,415 INFO photo_manager - Foto movida: /home/ddurand/proyectos/personal/rpaludoplay-app/src/static/images/41524743.png -> /home/ddurand/fotos/41524743.png
2026-08-21 18:43:11,415 INFO photo_manager - Foto movida: /home/ddurand/proyectos/personal/rpaludoplay-app/src/static/images/46869738.png -> /home/ddurand/fotos/46869738.png
2026-08-21 18:43:11,415 INFO photo_manager - Foto movida: /home/ddurand/proyectos/personal/rpaludoplay-app/src/static/images/26621110.png -> /home/ddurand/fotos/26621110.png
2026-08-21 18:43:11,416 INFO photo_manager - Foto movida: /home/ddurand/proyectos/personal/rpaludoplay-app/src/static/images/26605942.png -> /home/ddurand/fotos/26605942.png
2026-08-21 18:43:11,416 INFO photo_manager - Foto movida: /home/ddurand/proyectos/personal/rpaludoplay-app/src/static/images/22422161.png -> /home/ddurand/fotos/22422161.png
2026-08-21 18:43:11,416 INFO photo_manager - Foto movida: /home/ddurand/proyectos/personal/rpaludoplay-app/src/static/images/10474339.png -> /home/ddurand/fotos/10474339.png
2026-08-21 18:43:11,416 INFO photo_manager - Foto movida: /home/ddurand/proyectos/personal/rpaludoplay-app/src/static/images/10305541.png -> /home/ddurand/fotos/10305541.png
2026-08-21 18:43:11,417 INFO photo_manager - Foto movida: /home/ddurand/proyectos/personal/rpaludoplay-app/src/static/images/41826496.png -> /home/ddurand/fotos/41826496.png
2026-08-21 18:43:11,417 INFO photo_manager - Foto movida: /home/ddurand/proyectos/personal/rpaludoplay-app/src/static/images/27051755.png -> /home/ddurand/fotos/27051755.png
2026-08-21 18:43:11,417 INFO photo_manager - Foto movida: /home/ddurand/proyectos/personal/rpaludoplay-app/src/static/images/47955638.png -> /home/ddurand/fotos/47955638.png
2026-08-21 18:43:11,417 INFO photo_manager - Foto movida: /home/ddurand/proyectos/personal/rpaludoplay-app/src/static/images/000382992.png -> /home/ddurand/fotos/000382992.png
2026-08-21 18:43:11,418 INFO photo_manager - Foto movida: /home/ddurand/proyectos/personal/rpaludoplay-app/src/static/images/09279245.png -> /home/ddurand/fotos/09279245.png
2026-08-21 18:43:11,418 INFO photo_manager - Foto movida: /home/ddurand/proyectos/personal/rpaludoplay-app/src/static/images/42759453.png -> /home/ddurand/fotos/42759453.png
2026-08-21 18:43:11,418 INFO photo_manager - Foto movida: /home/ddurand/proyectos/personal/rpaludoplay-app/src/static/images/42148217.png -> /home/ddurand/fotos/42148217.png
2026-08-21 18:43:11,419 INFO photo_manager - Foto movida: /home/ddurand/proyectos/personal/rpaludoplay-app/src/static/images/07473497.png -> /home/ddurand/fotos/07473497.png
2026-08-21 18:43:11,419 INFO photo_manager - Foto movida: /home/ddurand/proyectos/personal/rpaludoplay-app/src/static/images/44314849.png -> /home/ddurand/fotos/44314849.png
2026-08-21 18:43:11,420 INFO photo_manager - Foto movida: /home/ddurand/proyectos/personal/rpaludoplay-app/src/static/images/10666604.png -> /home/ddurand/fotos/10666604.png
2026-08-21 18:43:11,420 INFO photo_manager - Foto movida: /home/ddurand/proyectos/personal/rpaludoplay-app/src/static/images/43797181.png -> /home/ddurand/fotos/43797181.png
2026-08-21 18:43:11,420 INFO photo_manager - Foto movida: /home/ddurand/proyectos/personal/rpaludoplay-app/src/static/images/16762686.png -> /home/ddurand/fotos/16762686.png
2026-08-21 18:43:11,421 INFO photo_manager - Foto movida: /home/ddurand/proyectos/personal/rpaludoplay-app/src/static/images/47582325.png -> /home/ddurand/fotos/47582325.png
2026-08-21 18:43:11,421 INFO photo_manager - Foto movida: /home/ddurand/proyectos/personal/rpaludoplay-app/src/static/images/41582854.png -> /home/ddurand/fotos/41582854.png
2026-08-21 18:43:11,422 INFO photo_manager - Foto movida: /home/ddurand/proyectos/personal/rpaludoplay-app/src/static/images/44028545.png -> /home/ddurand/fotos/44028545.png
2026-08-21 18:43:11,422 INFO photo_manager - Foto movida: /home/ddurand/proyectos/personal/rpaludoplay-app/src/static/images/47331818.png -> /home/ddurand/fotos/47331818.png
2026-08-21 18:43:11,422 INFO photo_manager - Foto movida: /home/ddurand/proyectos/personal/rpaludoplay-app/src/static/images/43804585.png -> /home/ddurand/fotos/43804585.png
2026-08-21 18:43:11,423 INFO photo_manager - Foto movida: /home/ddurand/proyectos/personal/rpaludoplay-app/src/static/images/80022505.png -> /home/ddurand/fotos/80022505.png
2026-08-21 18:43:11,423 INFO photo_manager - Foto movida: /home/ddurand/proyectos/personal/rpaludoplay-app/src/static/images/23932444.png -> /home/ddurand/fotos/23932444.png
2026-08-21 18:43:11,423 INFO photo_manager - Foto movida: /home/ddurand/proyectos/personal/rpaludoplay-app/src/static/images/16729922.png -> /home/ddurand/fotos/16729922.png
2026-08-21 18:43:11,423 INFO photo_manager - Foto movida: /home/ddurand/proyectos/personal/rpaludoplay-app/src/static/images/41248651.png -> /home/ddurand/fotos/41248651.png
2026-08-21 18:43:11,424 INFO photo_manager - Foto movida: /home/ddurand/proyectos/personal/rpaludoplay-app/src/static/images/41998214.png -> /home/ddurand/fotos/41998214.png
2026-08-21 18:43:11,424 INFO photo_manager - Foto movida: /home/ddurand/proyectos/personal/rpaludoplay-app/src/static/images/26707520.png -> /home/ddurand/fotos/26707520.png
2026-08-21 18:43:11,425 INFO photo_manager - Foto movida: /home/ddurand/proyectos/personal/rpaludoplay-app/src/static/images/23997647.png -> /home/ddurand/fotos/23997647.png
2026-08-21 18:43:11,425 INFO photo_manager - Foto movida: /home/ddurand/proyectos/personal/rpaludoplay-app/src/static/images/41309583.png -> /home/ddurand/fotos/41309583.png
2026-08-21 18:43:11,425 INFO photo_manager - Foto movida: /home/ddurand/proyectos/personal/rpaludoplay-app/src/static/images/25009532.png -> /home/ddurand/fotos/25009532.png
2026-08-21 18:43:11,426 INFO photo_manager - Foto movida: /home/ddurand/proyectos/personal/rpaludoplay-app/src/static/images/70759398.png -> /home/ddurand/fotos/70759398.png
2026-08-21 18:43:11,426 INFO photo_manager - Foto movida: /home/ddurand/proyectos/personal/rpaludoplay-app/src/static/images/71452523.png -> /home/ddurand/fotos/71452523.png
2026-08-21 18:43:11,426 INFO photo_manager - Foto movida: /home/ddurand/proyectos/personal/rpaludoplay-app/src/static/images/09536263.png -> /home/ddurand/fotos/09536263.png
2026-08-21 18:43:11,426 INFO photo_manager - Foto movida: /home/ddurand/proyectos/personal/rpaludoplay-app/src/static/images/44950054.png -> /home/ddurand/fotos/44950054.png
2026-08-21 18:43:11,427 INFO photo_manager - Foto movida: /home/ddurand/proyectos/personal/rpaludoplay-app/src/static/images/04423413.png -> /home/ddurand/fotos/04423413.png
2026-08-21 18:43:11,427 INFO photo_manager - Foto movida: /home/ddurand/proyectos/personal/rpaludoplay-app/src/static/images/47816227.png -> /home/ddurand/fotos/47816227.png
2026-08-21 18:43:11,427 INFO photo_manager - Foto movida: /home/ddurand/proyectos/personal/rpaludoplay-app/src/static/images/27987509.png -> /home/ddurand/fotos/27987509.png
2026-08-21 18:43:11,428 INFO photo_manager - Foto movida: /home/ddurand/proyectos/personal/rpaludoplay-app/src/static/images/27994012.png -> /home/ddurand/fotos/27994012.png
2026-08-21 18:43:11,428 INFO photo_manager - Foto movida: /home/ddurand/proyectos/personal/rpaludoplay-app/src/static/images/45101619.png -> /home/ddurand/fotos/45101619.png
2026-08-21 18:43:11,428 INFO photo_manager - Foto movida: /home/ddurand/proyectos/personal/rpaludoplay-app/src/static/images/42555509.png -> /home/ddurand/fotos/42555509.png
2026-08-21 18:43:11,429 INFO photo_manager - Foto movida: /home/ddurand/proyectos/personal/rpaludoplay-app/src/static/images/16755915.png -> /home/ddurand/fotos/16755915.png
2026-08-21 18:43:11,429 INFO photo_manager - Foto movida: /home/ddurand/proyectos/personal/rpaludoplay-app/src/static/images/24390402.png -> /home/ddurand/fotos/24390402.png
2026-08-21 18:43:11,429 INFO photo_manager - Foto movida: /home/ddurand/proyectos/personal/rpaludoplay-app/src/static/images/46166894.png -> /home/ddurand/fotos/46166894.png
2026-08-21 18:43:11,430 INFO photo_manager - Foto movida: /home/ddurand/proyectos/personal/rpaludoplay-app/src/static/images/25859740.png -> /home/ddurand/fotos/25859740.png
2026-08-21 18:43:11,430 INFO photo_manager - Foto movida: /home/ddurand/proyectos/personal/rpaludoplay-app/src/static/images/24004620.png -> /home/ddurand/fotos/24004620.png
2026-08-21 18:43:11,430 INFO photo_manager - Foto movida: /home/ddurand/proyectos/personal/rpaludoplay-app/src/static/images/07736099.png -> /home/ddurand/fotos/07736099.png
2026-08-21 18:43:11,431 INFO photo_manager - Foto movida: /home/ddurand/proyectos/personal/rpaludoplay-app/src/static/images/40212052.png -> /home/ddurand/fotos/40212052.png
2026-08-21 18:43:11,431 INFO photo_manager - Foto movida: /home/ddurand/proyectos/personal/rpaludoplay-app/src/static/images/27077524.png -> /home/ddurand/fotos/27077524.png
2026-08-21 18:43:11,431 INFO photo_manager - Foto movida: /home/ddurand/proyectos/personal/rpaludoplay-app/src/static/images/09467669.png -> /home/ddurand/fotos/09467669.png
2026-08-21 18:43:11,431 INFO photo_manager - Foto movida: /home/ddurand/proyectos/personal/rpaludoplay-app/src/static/images/46846973.png -> /home/ddurand/fotos/46846973.png
2026-08-21 18:43:11,431 INFO photo_manager - Foto movida: /home/ddurand/proyectos/personal/rpaludoplay-app/src/static/images/47097056.png -> /home/ddurand/fotos/47097056.png
2026-08-21 18:43:11,432 INFO photo_manager - Foto movida: /home/ddurand/proyectos/personal/rpaludoplay-app/src/static/images/26724066.png -> /home/ddurand/fotos/26724066.png
2026-08-21 18:43:11,432 INFO photo_manager - Foto movida: /home/ddurand/proyectos/personal/rpaludoplay-app/src/static/images/26687072.png -> /home/ddurand/fotos/26687072.png
2026-08-21 18:43:11,432 INFO photo_manager - Foto movida: /home/ddurand/proyectos/personal/rpaludoplay-app/src/static/images/26698460.png -> /home/ddurand/fotos/26698460.png
2026-08-21 18:43:11,433 INFO photo_manager - Foto movida: /home/ddurand/proyectos/personal/rpaludoplay-app/src/static/images/04749374.png -> /home/ddurand/fotos/04749374.png
2026-08-21 18:43:11,433 INFO photo_manager - Foto movida: /home/ddurand/proyectos/personal/rpaludoplay-app/src/static/images/44307697.png -> /home/ddurand/fotos/44307697.png
2026-08-21 18:43:11,434 INFO photo_manager - Foto movida: /home/ddurand/proyectos/personal/rpaludoplay-app/src/static/images/08084439.png -> /home/ddurand/fotos/08084439.png
2026-08-21 18:43:11,434 INFO photo_manager - Foto movida: /home/ddurand/proyectos/personal/rpaludoplay-app/src/static/images/75781584.png -> /home/ddurand/fotos/75781584.png
2026-08-21 18:43:11,435 INFO photo_manager - Foto movida: /home/ddurand/proyectos/personal/rpaludoplay-app/src/static/images/17968978.png -> /home/ddurand/fotos/17968978.png
2026-08-21 18:43:11,435 INFO photo_manager - Foto movida: /home/ddurand/proyectos/personal/rpaludoplay-app/src/static/images/25612365.png -> /home/ddurand/fotos/25612365.png
2026-08-21 18:43:11,436 INFO photo_manager - Foto movida: /home/ddurand/proyectos/personal/rpaludoplay-app/src/static/images/07842467.png -> /home/ddurand/fotos/07842467.png
2026-08-21 18:43:11,437 INFO photo_manager - Foto movida: /home/ddurand/proyectos/personal/rpaludoplay-app/src/static/images/19962276.png -> /home/ddurand/fotos/19962276.png
2026-08-21 18:43:11,438 INFO photo_manager - Foto movida: /home/ddurand/proyectos/personal/rpaludoplay-app/src/static/images/46520482.png -> /home/ddurand/fotos/46520482.png
2026-08-21 18:43:11,438 INFO photo_manager - Foto movida: /home/ddurand/proyectos/personal/rpaludoplay-app/src/static/images/45332622.png -> /home/ddurand/fotos/45332622.png
2026-08-21 18:43:11,439 INFO photo_manager - Foto movida: /home/ddurand/proyectos/personal/rpaludoplay-app/src/static/images/29259766.png -> /home/ddurand/fotos/29259766.png
2026-08-21 18:43:11,439 INFO photo_manager - Foto movida: /home/ddurand/proyectos/personal/rpaludoplay-app/src/static/images/07877828.png -> /home/ddurand/fotos/07877828.png
2026-08-21 18:43:11,439 INFO photo_manager - Foto movida: /home/ddurand/proyectos/personal/rpaludoplay-app/src/static/images/42743545.png -> /home/ddurand/fotos/42743545.png
2026-08-21 18:43:11,440 INFO photo_manager - Foto movida: /home/ddurand/proyectos/personal/rpaludoplay-app/src/static/images/70379011.png -> /home/ddurand/fotos/70379011.png
2026-08-21 18:43:11,440 INFO photo_manager - Foto movida: /home/ddurand/proyectos/personal/rpaludoplay-app/src/static/images/26722110.png -> /home/ddurand/fotos/26722110.png
2026-08-21 18:43:11,441 INFO photo_manager - Foto movida: /home/ddurand/proyectos/personal/rpaludoplay-app/src/static/images/02767232.png -> /home/ddurand/fotos/02767232.png
2026-08-21 18:43:11,441 INFO photo_manager - Foto movida: /home/ddurand/proyectos/personal/rpaludoplay-app/src/static/images/41551687.png -> /home/ddurand/fotos/41551687.png
2026-08-21 18:43:11,441 INFO photo_manager - Foto movida: /home/ddurand/proyectos/personal/rpaludoplay-app/src/static/images/000020667.png -> /home/ddurand/fotos/000020667.png
2026-08-21 18:43:11,442 INFO photo_manager - Foto movida: /home/ddurand/proyectos/personal/rpaludoplay-app/src/static/images/45434859.png -> /home/ddurand/fotos/45434859.png
2026-08-21 18:43:11,443 INFO photo_manager - Foto movida: /home/ddurand/proyectos/personal/rpaludoplay-app/src/static/images/42032476.png -> /home/ddurand/fotos/42032476.png
2026-08-21 18:43:11,443 INFO photo_manager - Foto movida: /home/ddurand/proyectos/personal/rpaludoplay-app/src/static/images/40917966.png -> /home/ddurand/fotos/40917966.png
2026-08-21 18:43:11,443 INFO photo_manager - Foto movida: /home/ddurand/proyectos/personal/rpaludoplay-app/src/static/images/41629134.png -> /home/ddurand/fotos/41629134.png
2026-08-21 18:43:11,444 INFO photo_manager - Foto movida: /home/ddurand/proyectos/personal/rpaludoplay-app/src/static/images/42415780.png -> /home/ddurand/fotos/42415780.png
2026-08-21 18:43:11,444 INFO photo_manager - Foto movida: /home/ddurand/proyectos/personal/rpaludoplay-app/src/static/images/07865959.png -> /home/ddurand/fotos/07865959.png
2026-08-21 18:43:11,444 INFO photo_manager - Foto movida: /home/ddurand/proyectos/personal/rpaludoplay-app/src/static/images/15764104.png -> /home/ddurand/fotos/15764104.png
2026-08-21 18:43:11,444 INFO photo_manager - Foto movida: /home/ddurand/proyectos/personal/rpaludoplay-app/src/static/images/43518367.png -> /home/ddurand/fotos/43518367.png
2026-08-21 18:43:11,445 INFO photo_manager - Foto movida: /home/ddurand/proyectos/personal/rpaludoplay-app/src/static/images/25846566.png -> /home/ddurand/fotos/25846566.png
2026-08-21 18:43:11,445 INFO photo_manager - Foto movida: /home/ddurand/proyectos/personal/rpaludoplay-app/src/static/images/07707788.png -> /home/ddurand/fotos/07707788.png
2026-08-21 18:43:11,445 INFO photo_manager - Foto movida: /home/ddurand/proyectos/personal/rpaludoplay-app/src/static/images/41101971.png -> /home/ddurand/fotos/41101971.png
2026-08-21 18:43:11,445 INFO photo_manager - Foto movida: /home/ddurand/proyectos/personal/rpaludoplay-app/src/static/images/44922626.png -> /home/ddurand/fotos/44922626.png
2026-08-21 18:43:11,446 INFO photo_manager - Foto movida: /home/ddurand/proyectos/personal/rpaludoplay-app/src/static/images/06671271.png -> /home/ddurand/fotos/06671271.png
2026-08-21 18:43:11,446 INFO photo_manager - Foto movida: /home/ddurand/proyectos/personal/rpaludoplay-app/src/static/images/08273577.png -> /home/ddurand/fotos/08273577.png
2026-08-21 18:43:11,447 INFO photo_manager - Foto movida: /home/ddurand/proyectos/personal/rpaludoplay-app/src/static/images/29269339.png -> /home/ddurand/fotos/29269339.png
2026-08-21 18:43:11,447 INFO photo_manager - Foto movida: /home/ddurand/proyectos/personal/rpaludoplay-app/src/static/images/08770531.png -> /home/ddurand/fotos/08770531.png
2026-08-21 18:43:11,447 INFO photo_manager - Foto movida: /home/ddurand/proyectos/personal/rpaludoplay-app/src/static/images/09335257.png -> /home/ddurand/fotos/09335257.png
2026-08-21 18:43:11,448 INFO photo_manager - Foto movida: /home/ddurand/proyectos/personal/rpaludoplay-app/src/static/images/05218237.png -> /home/ddurand/fotos/05218237.png
2026-08-21 18:43:11,448 INFO photo_manager - Foto movida: /home/ddurand/proyectos/personal/rpaludoplay-app/src/static/images/06779348.png -> /home/ddurand/fotos/06779348.png
2026-08-21 18:43:11,448 INFO photo_manager - Foto movida: /home/ddurand/proyectos/personal/rpaludoplay-app/src/static/images/09597922.png -> /home/ddurand/fotos/09597922.png
2026-08-21 18:43:11,448 INFO photo_manager - Foto movida: /home/ddurand/proyectos/personal/rpaludoplay-app/src/static/images/10360941.png -> /home/ddurand/fotos/10360941.png
2026-08-21 18:43:11,449 INFO photo_manager - Foto movida: /home/ddurand/proyectos/personal/rpaludoplay-app/src/static/images/40075232.png -> /home/ddurand/fotos/40075232.png
2026-08-21 18:43:11,449 INFO photo_manager - Foto movida: /home/ddurand/proyectos/personal/rpaludoplay-app/src/static/images/20037714.png -> /home/ddurand/fotos/20037714.png
2026-08-21 18:43:11,449 INFO photo_manager - Foto movida: /home/ddurand/proyectos/personal/rpaludoplay-app/src/static/images/40918688.png -> /home/ddurand/fotos/40918688.png
2026-08-21 18:43:11,449 INFO photo_manager - Foto movida: /home/ddurand/proyectos/personal/rpaludoplay-app/src/static/images/42556704.png -> /home/ddurand/fotos/42556704.png
2026-08-21 18:43:11,450 INFO photo_manager - Foto movida: /home/ddurand/proyectos/personal/rpaludoplay-app/src/static/images/09861099.png -> /home/ddurand/fotos/09861099.png
2026-08-21 18:43:11,450 INFO photo_manager - Foto movida: /home/ddurand/proyectos/personal/rpaludoplay-app/src/static/images/41551995.png -> /home/ddurand/fotos/41551995.png
2026-08-21 18:43:11,450 INFO photo_manager - Foto movida: /home/ddurand/proyectos/personal/rpaludoplay-app/src/static/images/07793915.png -> /home/ddurand/fotos/07793915.png
2026-08-21 18:43:11,450 INFO photo_manager - Foto movida: /home/ddurand/proyectos/personal/rpaludoplay-app/src/static/images/16655039.png -> /home/ddurand/fotos/16655039.png
2026-08-21 18:43:11,451 INFO photo_manager - Foto movida: /home/ddurand/proyectos/personal/rpaludoplay-app/src/static/images/44644258.png -> /home/ddurand/fotos/44644258.png
2026-08-21 18:43:11,451 INFO photo_manager - Foto movida: /home/ddurand/proyectos/personal/rpaludoplay-app/src/static/images/03653450.png -> /home/ddurand/fotos/03653450.png
2026-08-21 18:43:11,451 INFO photo_manager - Foto movida: /home/ddurand/proyectos/personal/rpaludoplay-app/src/static/images/40707410.png -> /home/ddurand/fotos/40707410.png
2026-08-21 18:43:11,452 INFO __main__ - Sincronización finalizada
2026-08-24 11:39:17,589 INFO __main__ - Iniciando sincronización Ludoplay
2026-08-24 11:40:51,811 ERROR __main__ - Error durante la automatización MINCETUR
Traceback (most recent call last):
  File "/home/ddurand/proyectos/personal/rpaludoplay-app/src/main.py", line 39, in obtener_df_scraper
    scraper.clic_registro_ludopatia()
    ~~~~~~~~~~~~~~~~~~~~~~~~~~~~~~~^^
  File "/home/ddurand/proyectos/personal/rpaludoplay-app/src/scraper.py", line 129, in clic_registro_ludopatia
    self._esperar_y_clic((By.XPATH, XPATH_REGISTRO_LUDOPATIA_EXPORTAR))
    ~~~~~~~~~~~~~~~~~~~~^^^^^^^^^^^^^^^^^^^^^^^^^^^^^^^^^^^^^^^^^^^^^^^
  File "/home/ddurand/proyectos/personal/rpaludoplay-app/src/scraper.py", line 92, in _esperar_y_clic
    boton = WebDriverWait(self.driver, TIEMPO_ESPERA).until(
        EC.element_to_be_clickable(selector)
    )
  File "/home/ddurand/proyectos/personal/rpaludoplay-app/venv/lib/python3.14/site-packages/selenium/webdriver/support/wait.py", line 121, in until
    raise TimeoutException(message, screen, stacktrace)
selenium.common.exceptions.TimeoutException: Message: 

2026-08-24 11:40:51,922 ERROR __main__ - Proceso abortado al obtener datos del scraper: Message: 

2026-08-24 11:42:43,668 INFO __main__ - Iniciando sincronización Ludoplay
2026-08-24 11:46:47,072 INFO sync_merger - Merge completado: insert=739 | update=719 | recurrent=1
2026-08-24 11:46:47,242 INFO photo_manager - Foto movida: /home/ddurand/proyectos/personal/rpaludoplay-app/src/static/images/17934713.png -> /home/ddurand/fotos/17934713.png
2026-08-24 11:46:47,243 INFO photo_manager - Foto movida: /home/ddurand/proyectos/personal/rpaludoplay-app/src/static/images/73041642.png -> /home/ddurand/fotos/73041642.png
2026-08-24 11:46:47,244 INFO photo_manager - Foto movida: /home/ddurand/proyectos/personal/rpaludoplay-app/src/static/images/74702145.png -> /home/ddurand/fotos/74702145.png
2026-08-24 11:46:47,245 INFO photo_manager - Foto movida: /home/ddurand/proyectos/personal/rpaludoplay-app/src/static/images/70533867.png -> /home/ddurand/fotos/70533867.png
2026-08-24 11:46:47,245 INFO photo_manager - Foto movida: /home/ddurand/proyectos/personal/rpaludoplay-app/src/static/images/41053338.png -> /home/ddurand/fotos/41053338.png
2026-08-24 11:46:47,246 INFO photo_manager - Foto movida: /home/ddurand/proyectos/personal/rpaludoplay-app/src/static/images/45289735.png -> /home/ddurand/fotos/45289735.png
2026-08-24 11:46:47,247 INFO photo_manager - Foto movida: /home/ddurand/proyectos/personal/rpaludoplay-app/src/static/images/72689110.png -> /home/ddurand/fotos/72689110.png
2026-08-24 11:46:47,247 INFO photo_manager - Foto movida: /home/ddurand/proyectos/personal/rpaludoplay-app/src/static/images/70472820.png -> /home/ddurand/fotos/70472820.png
2026-08-24 11:46:47,248 INFO photo_manager - Foto movida: /home/ddurand/proyectos/personal/rpaludoplay-app/src/static/images/42846032.png -> /home/ddurand/fotos/42846032.png
2026-08-24 11:46:47,249 INFO photo_manager - Foto movida: /home/ddurand/proyectos/personal/rpaludoplay-app/src/static/images/45119503.png -> /home/ddurand/fotos/45119503.png
2026-08-24 11:46:47,250 INFO photo_manager - Foto movida: /home/ddurand/proyectos/personal/rpaludoplay-app/src/static/images/74922767.png -> /home/ddurand/fotos/74922767.png
2026-08-24 11:46:47,251 INFO photo_manager - Foto movida: /home/ddurand/proyectos/personal/rpaludoplay-app/src/static/images/42401990.png -> /home/ddurand/fotos/42401990.png
2026-08-24 11:46:47,251 INFO photo_manager - Foto movida: /home/ddurand/proyectos/personal/rpaludoplay-app/src/static/images/45471472.png -> /home/ddurand/fotos/45471472.png
2026-08-24 11:46:47,252 INFO photo_manager - Foto movida: /home/ddurand/proyectos/personal/rpaludoplay-app/src/static/images/74916891.png -> /home/ddurand/fotos/74916891.png
2026-08-24 11:46:47,252 INFO photo_manager - Foto movida: /home/ddurand/proyectos/personal/rpaludoplay-app/src/static/images/001848543.png -> /home/ddurand/fotos/001848543.png
2026-08-24 11:46:47,253 INFO photo_manager - Foto movida: /home/ddurand/proyectos/personal/rpaludoplay-app/src/static/images/75453230.png -> /home/ddurand/fotos/75453230.png
2026-08-24 11:46:47,253 INFO photo_manager - Foto movida: /home/ddurand/proyectos/personal/rpaludoplay-app/src/static/images/47083542.png -> /home/ddurand/fotos/47083542.png
2026-08-24 11:46:47,254 INFO photo_manager - Foto movida: /home/ddurand/proyectos/personal/rpaludoplay-app/src/static/images/42071627.png -> /home/ddurand/fotos/42071627.png
2026-08-24 11:46:47,254 INFO photo_manager - Foto movida: /home/ddurand/proyectos/personal/rpaludoplay-app/src/static/images/70483451.png -> /home/ddurand/fotos/70483451.png
2026-08-24 11:46:47,254 INFO photo_manager - Foto movida: /home/ddurand/proyectos/personal/rpaludoplay-app/src/static/images/71404342.png -> /home/ddurand/fotos/71404342.png
2026-08-24 11:46:47,255 INFO photo_manager - Foto movida: /home/ddurand/proyectos/personal/rpaludoplay-app/src/static/images/07749813.png -> /home/ddurand/fotos/07749813.png
2026-08-24 11:46:47,256 INFO photo_manager - Foto movida: /home/ddurand/proyectos/personal/rpaludoplay-app/src/static/images/70452159.png -> /home/ddurand/fotos/70452159.png
2026-08-24 11:46:47,256 INFO photo_manager - Foto movida: /home/ddurand/proyectos/personal/rpaludoplay-app/src/static/images/70657892.png -> /home/ddurand/fotos/70657892.png
2026-08-24 11:46:47,256 INFO photo_manager - Foto movida: /home/ddurand/proyectos/personal/rpaludoplay-app/src/static/images/71558779.png -> /home/ddurand/fotos/71558779.png
2026-08-24 11:46:47,257 INFO photo_manager - Foto movida: /home/ddurand/proyectos/personal/rpaludoplay-app/src/static/images/43729553.png -> /home/ddurand/fotos/43729553.png
2026-08-24 11:46:47,257 INFO photo_manager - Foto movida: /home/ddurand/proyectos/personal/rpaludoplay-app/src/static/images/08417112.png -> /home/ddurand/fotos/08417112.png
2026-08-24 11:46:47,257 INFO photo_manager - Foto movida: /home/ddurand/proyectos/personal/rpaludoplay-app/src/static/images/000060375.png -> /home/ddurand/fotos/000060375.png
2026-08-24 11:46:47,258 INFO photo_manager - Foto movida: /home/ddurand/proyectos/personal/rpaludoplay-app/src/static/images/09292781.png -> /home/ddurand/fotos/09292781.png
2026-08-24 11:46:47,258 INFO photo_manager - Foto movida: /home/ddurand/proyectos/personal/rpaludoplay-app/src/static/images/09364500.png -> /home/ddurand/fotos/09364500.png
2026-08-24 11:46:47,259 INFO photo_manager - Foto movida: /home/ddurand/proyectos/personal/rpaludoplay-app/src/static/images/007556250.png -> /home/ddurand/fotos/007556250.png
2026-08-24 11:46:47,260 INFO photo_manager - Foto movida: /home/ddurand/proyectos/personal/rpaludoplay-app/src/static/images/09784854.png -> /home/ddurand/fotos/09784854.png
2026-08-24 11:46:47,260 INFO photo_manager - Foto movida: /home/ddurand/proyectos/personal/rpaludoplay-app/src/static/images/09413024.png -> /home/ddurand/fotos/09413024.png
2026-08-24 11:46:47,260 INFO photo_manager - Foto movida: /home/ddurand/proyectos/personal/rpaludoplay-app/src/static/images/07903628.png -> /home/ddurand/fotos/07903628.png
2026-08-24 11:46:47,261 INFO photo_manager - Foto movida: /home/ddurand/proyectos/personal/rpaludoplay-app/src/static/images/002330054.png -> /home/ddurand/fotos/002330054.png
2026-08-24 11:46:47,261 INFO photo_manager - Foto movida: /home/ddurand/proyectos/personal/rpaludoplay-app/src/static/images/09924103.png -> /home/ddurand/fotos/09924103.png
2026-08-24 11:46:47,261 INFO photo_manager - Foto movida: /home/ddurand/proyectos/personal/rpaludoplay-app/src/static/images/06959157.png -> /home/ddurand/fotos/06959157.png
2026-08-24 11:46:47,262 INFO photo_manager - Foto movida: /home/ddurand/proyectos/personal/rpaludoplay-app/src/static/images/06621384.png -> /home/ddurand/fotos/06621384.png
2026-08-24 11:46:47,262 INFO photo_manager - Foto movida: /home/ddurand/proyectos/personal/rpaludoplay-app/src/static/images/000792767.png -> /home/ddurand/fotos/000792767.png
2026-08-24 11:46:47,263 INFO photo_manager - Foto movida: /home/ddurand/proyectos/personal/rpaludoplay-app/src/static/images/00516295.png -> /home/ddurand/fotos/00516295.png
2026-08-24 11:46:47,264 INFO photo_manager - Foto movida: /home/ddurand/proyectos/personal/rpaludoplay-app/src/static/images/06273964.png -> /home/ddurand/fotos/06273964.png
2026-08-24 11:46:47,265 INFO photo_manager - Foto movida: /home/ddurand/proyectos/personal/rpaludoplay-app/src/static/images/02668052.png -> /home/ddurand/fotos/02668052.png
2026-08-24 11:46:47,266 INFO photo_manager - Foto movida: /home/ddurand/proyectos/personal/rpaludoplay-app/src/static/images/08227791.png -> /home/ddurand/fotos/08227791.png
2026-08-24 11:46:47,267 INFO photo_manager - Foto movida: /home/ddurand/proyectos/personal/rpaludoplay-app/src/static/images/09905608.png -> /home/ddurand/fotos/09905608.png
2026-08-24 11:46:47,267 INFO photo_manager - Foto movida: /home/ddurand/proyectos/personal/rpaludoplay-app/src/static/images/07882659.png -> /home/ddurand/fotos/07882659.png
2026-08-24 11:46:47,267 INFO photo_manager - Foto movida: /home/ddurand/proyectos/personal/rpaludoplay-app/src/static/images/09855614.png -> /home/ddurand/fotos/09855614.png
2026-08-24 11:46:47,268 INFO photo_manager - Foto movida: /home/ddurand/proyectos/personal/rpaludoplay-app/src/static/images/001376961.png -> /home/ddurand/fotos/001376961.png
2026-08-24 11:46:47,268 INFO photo_manager - Foto movida: /home/ddurand/proyectos/personal/rpaludoplay-app/src/static/images/07469438.png -> /home/ddurand/fotos/07469438.png
2026-08-24 11:46:47,268 INFO photo_manager - Foto movida: /home/ddurand/proyectos/personal/rpaludoplay-app/src/static/images/06676322.png -> /home/ddurand/fotos/06676322.png
2026-08-24 11:46:47,269 INFO photo_manager - Foto movida: /home/ddurand/proyectos/personal/rpaludoplay-app/src/static/images/001066447.png -> /home/ddurand/fotos/001066447.png
2026-08-24 11:46:47,269 INFO photo_manager - Foto movida: /home/ddurand/proyectos/personal/rpaludoplay-app/src/static/images/09316232.png -> /home/ddurand/fotos/09316232.png
2026-08-24 11:46:47,269 INFO photo_manager - Foto movida: /home/ddurand/proyectos/personal/rpaludoplay-app/src/static/images/01072889.png -> /home/ddurand/fotos/01072889.png
2026-08-24 11:46:47,270 INFO photo_manager - Foto movida: /home/ddurand/proyectos/personal/rpaludoplay-app/src/static/images/005645926.png -> /home/ddurand/fotos/005645926.png
2026-08-24 11:46:47,271 INFO photo_manager - Foto movida: /home/ddurand/proyectos/personal/rpaludoplay-app/src/static/images/03699921.png -> /home/ddurand/fotos/03699921.png
2026-08-24 11:46:47,271 INFO photo_manager - Foto movida: /home/ddurand/proyectos/personal/rpaludoplay-app/src/static/images/07238387.png -> /home/ddurand/fotos/07238387.png
2026-08-24 11:46:47,272 INFO photo_manager - Foto movida: /home/ddurand/proyectos/personal/rpaludoplay-app/src/static/images/009714957.png -> /home/ddurand/fotos/009714957.png
2026-08-24 11:46:47,272 INFO photo_manager - Foto movida: /home/ddurand/proyectos/personal/rpaludoplay-app/src/static/images/000544470.png -> /home/ddurand/fotos/000544470.png
2026-08-24 11:46:47,272 INFO photo_manager - Foto movida: /home/ddurand/proyectos/personal/rpaludoplay-app/src/static/images/07758276.png -> /home/ddurand/fotos/07758276.png
2026-08-24 11:46:47,273 INFO photo_manager - Foto movida: /home/ddurand/proyectos/personal/rpaludoplay-app/src/static/images/09802035.png -> /home/ddurand/fotos/09802035.png
2026-08-24 11:46:47,273 INFO photo_manager - Foto movida: /home/ddurand/proyectos/personal/rpaludoplay-app/src/static/images/009837132.png -> /home/ddurand/fotos/009837132.png
2026-08-24 11:46:47,274 INFO photo_manager - Foto movida: /home/ddurand/proyectos/personal/rpaludoplay-app/src/static/images/09564866.png -> /home/ddurand/fotos/09564866.png
2026-08-24 11:46:47,275 INFO photo_manager - Foto movida: /home/ddurand/proyectos/personal/rpaludoplay-app/src/static/images/08866522.png -> /home/ddurand/fotos/08866522.png
2026-08-24 11:46:47,275 INFO photo_manager - Foto movida: /home/ddurand/proyectos/personal/rpaludoplay-app/src/static/images/09907890.png -> /home/ddurand/fotos/09907890.png
2026-08-24 11:46:47,276 INFO photo_manager - Foto movida: /home/ddurand/proyectos/personal/rpaludoplay-app/src/static/images/07878753.png -> /home/ddurand/fotos/07878753.png
2026-08-24 11:46:47,276 INFO photo_manager - Foto movida: /home/ddurand/proyectos/personal/rpaludoplay-app/src/static/images/09441597.png -> /home/ddurand/fotos/09441597.png
2026-08-24 11:46:47,277 INFO photo_manager - Foto movida: /home/ddurand/proyectos/personal/rpaludoplay-app/src/static/images/07730470.png -> /home/ddurand/fotos/07730470.png
2026-08-24 11:46:47,277 INFO photo_manager - Foto movida: /home/ddurand/proyectos/personal/rpaludoplay-app/src/static/images/000177264.png -> /home/ddurand/fotos/000177264.png
2026-08-24 11:46:47,277 INFO photo_manager - Foto movida: /home/ddurand/proyectos/personal/rpaludoplay-app/src/static/images/07634544.png -> /home/ddurand/fotos/07634544.png
2026-08-24 11:46:47,278 INFO photo_manager - Foto movida: /home/ddurand/proyectos/personal/rpaludoplay-app/src/static/images/005414062.png -> /home/ddurand/fotos/005414062.png
2026-08-24 11:46:47,279 INFO photo_manager - Foto movida: /home/ddurand/proyectos/personal/rpaludoplay-app/src/static/images/05644577.png -> /home/ddurand/fotos/05644577.png
2026-08-24 11:46:47,280 INFO photo_manager - Foto movida: /home/ddurand/proyectos/personal/rpaludoplay-app/src/static/images/06175247.png -> /home/ddurand/fotos/06175247.png
2026-08-24 11:46:47,280 INFO photo_manager - Foto movida: /home/ddurand/proyectos/personal/rpaludoplay-app/src/static/images/009559318.png -> /home/ddurand/fotos/009559318.png
2026-08-24 11:46:47,281 INFO photo_manager - Foto movida: /home/ddurand/proyectos/personal/rpaludoplay-app/src/static/images/005305427.png -> /home/ddurand/fotos/005305427.png
2026-08-24 11:46:47,282 INFO photo_manager - Foto movida: /home/ddurand/proyectos/personal/rpaludoplay-app/src/static/images/008541486.png -> /home/ddurand/fotos/008541486.png
2026-08-24 11:46:47,282 INFO photo_manager - Foto movida: /home/ddurand/proyectos/personal/rpaludoplay-app/src/static/images/009507146.png -> /home/ddurand/fotos/009507146.png
2026-08-24 11:46:47,283 INFO photo_manager - Foto movida: /home/ddurand/proyectos/personal/rpaludoplay-app/src/static/images/005845994.png -> /home/ddurand/fotos/005845994.png
2026-08-24 11:46:47,283 INFO photo_manager - Foto movida: /home/ddurand/proyectos/personal/rpaludoplay-app/src/static/images/006028612.png -> /home/ddurand/fotos/006028612.png
2026-08-24 11:46:47,284 INFO photo_manager - Foto movida: /home/ddurand/proyectos/personal/rpaludoplay-app/src/static/images/008580635.png -> /home/ddurand/fotos/008580635.png
2026-08-24 11:46:47,284 INFO photo_manager - Foto movida: /home/ddurand/proyectos/personal/rpaludoplay-app/src/static/images/009553551.png -> /home/ddurand/fotos/009553551.png
2026-08-24 11:46:47,284 INFO photo_manager - Foto movida: /home/ddurand/proyectos/personal/rpaludoplay-app/src/static/images/005878322.png -> /home/ddurand/fotos/005878322.png
2026-08-24 11:46:47,285 INFO photo_manager - Foto movida: /home/ddurand/proyectos/personal/rpaludoplay-app/src/static/images/009079994.png -> /home/ddurand/fotos/009079994.png
2026-08-24 11:46:47,285 INFO photo_manager - Foto movida: /home/ddurand/proyectos/personal/rpaludoplay-app/src/static/images/009704496.png -> /home/ddurand/fotos/009704496.png
2026-08-24 11:46:47,286 INFO photo_manager - Foto movida: /home/ddurand/proyectos/personal/rpaludoplay-app/src/static/images/006957586.png -> /home/ddurand/fotos/006957586.png
2026-08-24 11:46:47,286 INFO photo_manager - Foto movida: /home/ddurand/proyectos/personal/rpaludoplay-app/src/static/images/006050552.png -> /home/ddurand/fotos/006050552.png
2026-08-24 11:46:47,286 INFO photo_manager - Foto movida: /home/ddurand/proyectos/personal/rpaludoplay-app/src/static/images/009341462.png -> /home/ddurand/fotos/009341462.png
2026-08-24 11:46:47,286 INFO photo_manager - Foto movida: /home/ddurand/proyectos/personal/rpaludoplay-app/src/static/images/009488116.png -> /home/ddurand/fotos/009488116.png
2026-08-24 11:46:47,287 INFO photo_manager - Foto movida: /home/ddurand/proyectos/personal/rpaludoplay-app/src/static/images/003888882.png -> /home/ddurand/fotos/003888882.png
2026-08-24 11:46:47,287 INFO photo_manager - Foto movida: /home/ddurand/proyectos/personal/rpaludoplay-app/src/static/images/009552893.png -> /home/ddurand/fotos/009552893.png
2026-08-24 11:46:47,287 INFO photo_manager - Foto movida: /home/ddurand/proyectos/personal/rpaludoplay-app/src/static/images/006047753.png -> /home/ddurand/fotos/006047753.png
2026-08-24 11:46:47,288 INFO photo_manager - Foto movida: /home/ddurand/proyectos/personal/rpaludoplay-app/src/static/images/001975748.png -> /home/ddurand/fotos/001975748.png
2026-08-24 11:46:47,288 INFO photo_manager - Foto movida: /home/ddurand/proyectos/personal/rpaludoplay-app/src/static/images/07265902.png -> /home/ddurand/fotos/07265902.png
2026-08-24 11:46:47,289 INFO photo_manager - Foto movida: /home/ddurand/proyectos/personal/rpaludoplay-app/src/static/images/00504825.png -> /home/ddurand/fotos/00504825.png
2026-08-24 11:46:47,290 INFO photo_manager - Foto movida: /home/ddurand/proyectos/personal/rpaludoplay-app/src/static/images/003598076.png -> /home/ddurand/fotos/003598076.png
2026-08-24 11:46:47,290 INFO photo_manager - Foto movida: /home/ddurand/proyectos/personal/rpaludoplay-app/src/static/images/002573273.png -> /home/ddurand/fotos/002573273.png
2026-08-24 11:46:47,290 INFO photo_manager - Foto movida: /home/ddurand/proyectos/personal/rpaludoplay-app/src/static/images/06666629.png -> /home/ddurand/fotos/06666629.png
2026-08-24 11:46:47,291 INFO photo_manager - Foto movida: /home/ddurand/proyectos/personal/rpaludoplay-app/src/static/images/001914587.png -> /home/ddurand/fotos/001914587.png
2026-08-24 11:46:47,292 INFO photo_manager - Foto movida: /home/ddurand/proyectos/personal/rpaludoplay-app/src/static/images/07445176.png -> /home/ddurand/fotos/07445176.png
2026-08-24 11:46:47,293 INFO photo_manager - Foto movida: /home/ddurand/proyectos/personal/rpaludoplay-app/src/static/images/07750569.png -> /home/ddurand/fotos/07750569.png
2026-08-24 11:46:47,293 INFO photo_manager - Foto movida: /home/ddurand/proyectos/personal/rpaludoplay-app/src/static/images/006169131.png -> /home/ddurand/fotos/006169131.png
2026-08-24 11:46:47,294 INFO photo_manager - Foto movida: /home/ddurand/proyectos/personal/rpaludoplay-app/src/static/images/09138428.png -> /home/ddurand/fotos/09138428.png
2026-08-24 11:46:47,294 INFO photo_manager - Foto movida: /home/ddurand/proyectos/personal/rpaludoplay-app/src/static/images/08860707.png -> /home/ddurand/fotos/08860707.png
2026-08-24 11:46:47,295 INFO photo_manager - Foto movida: /home/ddurand/proyectos/personal/rpaludoplay-app/src/static/images/000323236.png -> /home/ddurand/fotos/000323236.png
2026-08-24 11:46:47,295 INFO photo_manager - Foto movida: /home/ddurand/proyectos/personal/rpaludoplay-app/src/static/images/009396632.png -> /home/ddurand/fotos/009396632.png
2026-08-24 11:46:47,296 INFO photo_manager - Foto movida: /home/ddurand/proyectos/personal/rpaludoplay-app/src/static/images/09159457.png -> /home/ddurand/fotos/09159457.png
2026-08-24 11:46:47,296 INFO photo_manager - Foto movida: /home/ddurand/proyectos/personal/rpaludoplay-app/src/static/images/000063439.png -> /home/ddurand/fotos/000063439.png
2026-08-24 11:46:47,296 INFO photo_manager - Foto movida: /home/ddurand/proyectos/personal/rpaludoplay-app/src/static/images/09540247.png -> /home/ddurand/fotos/09540247.png
2026-08-24 11:46:47,297 INFO photo_manager - Foto movida: /home/ddurand/proyectos/personal/rpaludoplay-app/src/static/images/06699452.png -> /home/ddurand/fotos/06699452.png
2026-08-24 11:46:47,297 INFO photo_manager - Foto movida: /home/ddurand/proyectos/personal/rpaludoplay-app/src/static/images/06109203.png -> /home/ddurand/fotos/06109203.png
2026-08-24 11:46:47,298 INFO photo_manager - Foto movida: /home/ddurand/proyectos/personal/rpaludoplay-app/src/static/images/06776437.png -> /home/ddurand/fotos/06776437.png
2026-08-24 11:46:47,298 INFO photo_manager - Foto movida: /home/ddurand/proyectos/personal/rpaludoplay-app/src/static/images/09770487.png -> /home/ddurand/fotos/09770487.png
2026-08-24 11:46:47,299 INFO photo_manager - Foto movida: /home/ddurand/proyectos/personal/rpaludoplay-app/src/static/images/07505802.png -> /home/ddurand/fotos/07505802.png
2026-08-24 11:46:47,300 INFO photo_manager - Foto movida: /home/ddurand/proyectos/personal/rpaludoplay-app/src/static/images/000146644.png -> /home/ddurand/fotos/000146644.png
2026-08-24 11:46:47,301 INFO photo_manager - Foto movida: /home/ddurand/proyectos/personal/rpaludoplay-app/src/static/images/09693571.png -> /home/ddurand/fotos/09693571.png
2026-08-24 11:46:47,302 INFO photo_manager - Foto movida: /home/ddurand/proyectos/personal/rpaludoplay-app/src/static/images/08663418.png -> /home/ddurand/fotos/08663418.png
2026-08-24 11:46:47,302 INFO photo_manager - Foto movida: /home/ddurand/proyectos/personal/rpaludoplay-app/src/static/images/02887937.png -> /home/ddurand/fotos/02887937.png
2026-08-24 11:46:47,303 INFO photo_manager - Foto movida: /home/ddurand/proyectos/personal/rpaludoplay-app/src/static/images/003376496.png -> /home/ddurand/fotos/003376496.png
2026-08-24 11:46:47,303 INFO photo_manager - Foto movida: /home/ddurand/proyectos/personal/rpaludoplay-app/src/static/images/02642793.png -> /home/ddurand/fotos/02642793.png
2026-08-24 11:46:47,304 INFO photo_manager - Foto movida: /home/ddurand/proyectos/personal/rpaludoplay-app/src/static/images/08171200.png -> /home/ddurand/fotos/08171200.png
2026-08-24 11:46:47,304 INFO photo_manager - Foto movida: /home/ddurand/proyectos/personal/rpaludoplay-app/src/static/images/04815373.png -> /home/ddurand/fotos/04815373.png
2026-08-24 11:46:47,304 INFO photo_manager - Foto movida: /home/ddurand/proyectos/personal/rpaludoplay-app/src/static/images/001225202.png -> /home/ddurand/fotos/001225202.png
2026-08-24 11:46:47,305 INFO photo_manager - Foto movida: /home/ddurand/proyectos/personal/rpaludoplay-app/src/static/images/001042557.png -> /home/ddurand/fotos/001042557.png
2026-08-24 11:46:47,305 INFO photo_manager - Foto movida: /home/ddurand/proyectos/personal/rpaludoplay-app/src/static/images/01131695.png -> /home/ddurand/fotos/01131695.png
2026-08-24 11:46:47,306 INFO photo_manager - Foto movida: /home/ddurand/proyectos/personal/rpaludoplay-app/src/static/images/06680860.png -> /home/ddurand/fotos/06680860.png
2026-08-24 11:46:47,306 INFO photo_manager - Foto movida: /home/ddurand/proyectos/personal/rpaludoplay-app/src/static/images/06290518.png -> /home/ddurand/fotos/06290518.png
2026-08-24 11:46:47,306 INFO photo_manager - Foto movida: /home/ddurand/proyectos/personal/rpaludoplay-app/src/static/images/09715354.png -> /home/ddurand/fotos/09715354.png
2026-08-24 11:46:47,307 INFO photo_manager - Foto movida: /home/ddurand/proyectos/personal/rpaludoplay-app/src/static/images/09796271.png -> /home/ddurand/fotos/09796271.png
2026-08-24 11:46:47,307 INFO photo_manager - Foto movida: /home/ddurand/proyectos/personal/rpaludoplay-app/src/static/images/09220880.png -> /home/ddurand/fotos/09220880.png
2026-08-24 11:46:47,308 INFO photo_manager - Foto movida: /home/ddurand/proyectos/personal/rpaludoplay-app/src/static/images/09455867.png -> /home/ddurand/fotos/09455867.png
2026-08-24 11:46:47,308 INFO photo_manager - Foto movida: /home/ddurand/proyectos/personal/rpaludoplay-app/src/static/images/09995951.png -> /home/ddurand/fotos/09995951.png
2026-08-24 11:46:47,308 INFO photo_manager - Foto movida: /home/ddurand/proyectos/personal/rpaludoplay-app/src/static/images/002501996.png -> /home/ddurand/fotos/002501996.png
2026-08-24 11:46:47,309 INFO photo_manager - Foto movida: /home/ddurand/proyectos/personal/rpaludoplay-app/src/static/images/06766658.png -> /home/ddurand/fotos/06766658.png
2026-08-24 11:46:47,309 INFO photo_manager - Foto movida: /home/ddurand/proyectos/personal/rpaludoplay-app/src/static/images/09930734.png -> /home/ddurand/fotos/09930734.png
2026-08-24 11:46:47,310 INFO photo_manager - Foto movida: /home/ddurand/proyectos/personal/rpaludoplay-app/src/static/images/002354811.png -> /home/ddurand/fotos/002354811.png
2026-08-24 11:46:47,310 INFO photo_manager - Foto movida: /home/ddurand/proyectos/personal/rpaludoplay-app/src/static/images/02657226.png -> /home/ddurand/fotos/02657226.png
2026-08-24 11:46:47,311 INFO photo_manager - Foto movida: /home/ddurand/proyectos/personal/rpaludoplay-app/src/static/images/000120173.png -> /home/ddurand/fotos/000120173.png
2026-08-24 11:46:47,311 INFO photo_manager - Foto movida: /home/ddurand/proyectos/personal/rpaludoplay-app/src/static/images/07589998.png -> /home/ddurand/fotos/07589998.png
2026-08-24 11:46:47,311 INFO photo_manager - Foto movida: /home/ddurand/proyectos/personal/rpaludoplay-app/src/static/images/08588036.png -> /home/ddurand/fotos/08588036.png
2026-08-24 11:46:47,312 INFO photo_manager - Foto movida: /home/ddurand/proyectos/personal/rpaludoplay-app/src/static/images/08131734.png -> /home/ddurand/fotos/08131734.png
2026-08-24 11:46:47,312 INFO photo_manager - Foto movida: /home/ddurand/proyectos/personal/rpaludoplay-app/src/static/images/09823717.png -> /home/ddurand/fotos/09823717.png
2026-08-24 11:46:47,313 INFO photo_manager - Foto movida: /home/ddurand/proyectos/personal/rpaludoplay-app/src/static/images/09675555.png -> /home/ddurand/fotos/09675555.png
2026-08-24 11:46:47,313 INFO photo_manager - Foto movida: /home/ddurand/proyectos/personal/rpaludoplay-app/src/static/images/09881606.png -> /home/ddurand/fotos/09881606.png
2026-08-24 11:46:47,314 INFO photo_manager - Foto movida: /home/ddurand/proyectos/personal/rpaludoplay-app/src/static/images/09558054.png -> /home/ddurand/fotos/09558054.png
2026-08-24 11:46:47,314 INFO photo_manager - Foto movida: /home/ddurand/proyectos/personal/rpaludoplay-app/src/static/images/09850736.png -> /home/ddurand/fotos/09850736.png
2026-08-24 11:46:47,314 INFO photo_manager - Foto movida: /home/ddurand/proyectos/personal/rpaludoplay-app/src/static/images/09497082.png -> /home/ddurand/fotos/09497082.png
2026-08-24 11:46:47,315 INFO photo_manager - Foto movida: /home/ddurand/proyectos/personal/rpaludoplay-app/src/static/images/08890435.png -> /home/ddurand/fotos/08890435.png
2026-08-24 11:46:47,315 INFO photo_manager - Foto movida: /home/ddurand/proyectos/personal/rpaludoplay-app/src/static/images/001528477.png -> /home/ddurand/fotos/001528477.png
2026-08-24 11:46:47,316 INFO photo_manager - Foto movida: /home/ddurand/proyectos/personal/rpaludoplay-app/src/static/images/06138889.png -> /home/ddurand/fotos/06138889.png
2026-08-24 11:46:47,316 INFO photo_manager - Foto movida: /home/ddurand/proyectos/personal/rpaludoplay-app/src/static/images/00246132.png -> /home/ddurand/fotos/00246132.png
2026-08-24 11:46:47,317 INFO photo_manager - Foto movida: /home/ddurand/proyectos/personal/rpaludoplay-app/src/static/images/008491501.png -> /home/ddurand/fotos/008491501.png
2026-08-24 11:46:47,317 INFO photo_manager - Foto movida: /home/ddurand/proyectos/personal/rpaludoplay-app/src/static/images/005982608.png -> /home/ddurand/fotos/005982608.png
2026-08-24 11:46:47,317 INFO photo_manager - Foto movida: /home/ddurand/proyectos/personal/rpaludoplay-app/src/static/images/08056952.png -> /home/ddurand/fotos/08056952.png
2026-08-24 11:46:47,318 INFO photo_manager - Foto movida: /home/ddurand/proyectos/personal/rpaludoplay-app/src/static/images/07920306.png -> /home/ddurand/fotos/07920306.png
2026-08-24 11:46:47,318 INFO photo_manager - Foto movida: /home/ddurand/proyectos/personal/rpaludoplay-app/src/static/images/000469478.png -> /home/ddurand/fotos/000469478.png
2026-08-24 11:46:47,318 INFO photo_manager - Foto movida: /home/ddurand/proyectos/personal/rpaludoplay-app/src/static/images/06141249.png -> /home/ddurand/fotos/06141249.png
2026-08-24 11:46:47,318 INFO photo_manager - Foto movida: /home/ddurand/proyectos/personal/rpaludoplay-app/src/static/images/001766136.png -> /home/ddurand/fotos/001766136.png
2026-08-24 11:46:47,319 INFO photo_manager - Foto movida: /home/ddurand/proyectos/personal/rpaludoplay-app/src/static/images/005934446.png -> /home/ddurand/fotos/005934446.png
2026-08-24 11:46:47,319 INFO photo_manager - Foto movida: /home/ddurand/proyectos/personal/rpaludoplay-app/src/static/images/009594588.png -> /home/ddurand/fotos/009594588.png
2026-08-24 11:46:47,319 INFO photo_manager - Foto movida: /home/ddurand/proyectos/personal/rpaludoplay-app/src/static/images/000436138.png -> /home/ddurand/fotos/000436138.png
2026-08-24 11:46:47,320 INFO photo_manager - Foto movida: /home/ddurand/proyectos/personal/rpaludoplay-app/src/static/images/000432647.png -> /home/ddurand/fotos/000432647.png
2026-08-24 11:46:47,320 INFO photo_manager - Foto movida: /home/ddurand/proyectos/personal/rpaludoplay-app/src/static/images/000345086.png -> /home/ddurand/fotos/000345086.png
2026-08-24 11:46:47,320 INFO photo_manager - Foto movida: /home/ddurand/proyectos/personal/rpaludoplay-app/src/static/images/06450926.png -> /home/ddurand/fotos/06450926.png
2026-08-24 11:46:47,321 INFO photo_manager - Foto movida: /home/ddurand/proyectos/personal/rpaludoplay-app/src/static/images/07720586.png -> /home/ddurand/fotos/07720586.png
2026-08-24 11:46:47,321 INFO photo_manager - Foto movida: /home/ddurand/proyectos/personal/rpaludoplay-app/src/static/images/06256936.png -> /home/ddurand/fotos/06256936.png
2026-08-24 11:46:47,321 INFO photo_manager - Foto movida: /home/ddurand/proyectos/personal/rpaludoplay-app/src/static/images/006319917.png -> /home/ddurand/fotos/006319917.png
2026-08-24 11:46:47,321 INFO photo_manager - Foto movida: /home/ddurand/proyectos/personal/rpaludoplay-app/src/static/images/000471031.png -> /home/ddurand/fotos/000471031.png
2026-08-24 11:46:47,322 INFO photo_manager - Foto movida: /home/ddurand/proyectos/personal/rpaludoplay-app/src/static/images/06045412.png -> /home/ddurand/fotos/06045412.png
2026-08-24 11:46:47,322 INFO photo_manager - Foto movida: /home/ddurand/proyectos/personal/rpaludoplay-app/src/static/images/09650628.png -> /home/ddurand/fotos/09650628.png
2026-08-24 11:46:47,322 INFO photo_manager - Foto movida: /home/ddurand/proyectos/personal/rpaludoplay-app/src/static/images/009422517.png -> /home/ddurand/fotos/009422517.png
2026-08-24 11:46:47,323 INFO photo_manager - Foto movida: /home/ddurand/proyectos/personal/rpaludoplay-app/src/static/images/09181686.png -> /home/ddurand/fotos/09181686.png
2026-08-24 11:46:47,323 INFO photo_manager - Foto movida: /home/ddurand/proyectos/personal/rpaludoplay-app/src/static/images/007976593.png -> /home/ddurand/fotos/007976593.png
2026-08-24 11:46:47,323 INFO photo_manager - Foto movida: /home/ddurand/proyectos/personal/rpaludoplay-app/src/static/images/005206445.png -> /home/ddurand/fotos/005206445.png
2026-08-24 11:46:47,323 INFO photo_manager - Foto movida: /home/ddurand/proyectos/personal/rpaludoplay-app/src/static/images/003505651.png -> /home/ddurand/fotos/003505651.png
2026-08-24 11:46:47,324 INFO photo_manager - Foto movida: /home/ddurand/proyectos/personal/rpaludoplay-app/src/static/images/07854584.png -> /home/ddurand/fotos/07854584.png
2026-08-24 11:46:47,324 INFO photo_manager - Foto movida: /home/ddurand/proyectos/personal/rpaludoplay-app/src/static/images/06767870.png -> /home/ddurand/fotos/06767870.png
2026-08-24 11:46:47,324 INFO photo_manager - Foto movida: /home/ddurand/proyectos/personal/rpaludoplay-app/src/static/images/05404904.png -> /home/ddurand/fotos/05404904.png
2026-08-24 11:46:47,324 INFO photo_manager - Foto movida: /home/ddurand/proyectos/personal/rpaludoplay-app/src/static/images/09335702.png -> /home/ddurand/fotos/09335702.png
2026-08-24 11:46:47,325 INFO photo_manager - Foto movida: /home/ddurand/proyectos/personal/rpaludoplay-app/src/static/images/002197827.png -> /home/ddurand/fotos/002197827.png
2026-08-24 11:46:47,325 INFO photo_manager - Foto movida: /home/ddurand/proyectos/personal/rpaludoplay-app/src/static/images/09617636.png -> /home/ddurand/fotos/09617636.png
2026-08-24 11:46:47,326 INFO photo_manager - Foto movida: /home/ddurand/proyectos/personal/rpaludoplay-app/src/static/images/09276262.png -> /home/ddurand/fotos/09276262.png
2026-08-24 11:46:47,326 INFO photo_manager - Foto movida: /home/ddurand/proyectos/personal/rpaludoplay-app/src/static/images/002479003.png -> /home/ddurand/fotos/002479003.png
2026-08-24 11:46:47,326 INFO photo_manager - Foto movida: /home/ddurand/proyectos/personal/rpaludoplay-app/src/static/images/08498003.png -> /home/ddurand/fotos/08498003.png
2026-08-24 11:46:47,327 INFO photo_manager - Foto movida: /home/ddurand/proyectos/personal/rpaludoplay-app/src/static/images/02265009.png -> /home/ddurand/fotos/02265009.png
2026-08-24 11:46:47,327 INFO photo_manager - Foto movida: /home/ddurand/proyectos/personal/rpaludoplay-app/src/static/images/000362665.png -> /home/ddurand/fotos/000362665.png
2026-08-24 11:46:47,327 INFO photo_manager - Foto movida: /home/ddurand/proyectos/personal/rpaludoplay-app/src/static/images/001171292.png -> /home/ddurand/fotos/001171292.png
2026-08-24 11:46:47,328 INFO photo_manager - Foto movida: /home/ddurand/proyectos/personal/rpaludoplay-app/src/static/images/08208318.png -> /home/ddurand/fotos/08208318.png
2026-08-24 11:46:47,328 INFO photo_manager - Foto movida: /home/ddurand/proyectos/personal/rpaludoplay-app/src/static/images/00517808.png -> /home/ddurand/fotos/00517808.png
2026-08-24 11:46:47,328 INFO photo_manager - Foto movida: /home/ddurand/proyectos/personal/rpaludoplay-app/src/static/images/08313319.png -> /home/ddurand/fotos/08313319.png
2026-08-24 11:46:47,329 INFO photo_manager - Foto movida: /home/ddurand/proyectos/personal/rpaludoplay-app/src/static/images/07922095.png -> /home/ddurand/fotos/07922095.png
2026-08-24 11:46:47,329 INFO photo_manager - Foto movida: /home/ddurand/proyectos/personal/rpaludoplay-app/src/static/images/08188752.png -> /home/ddurand/fotos/08188752.png
2026-08-24 11:46:47,329 INFO photo_manager - Foto movida: /home/ddurand/proyectos/personal/rpaludoplay-app/src/static/images/06792928.png -> /home/ddurand/fotos/06792928.png
2026-08-24 11:46:47,330 INFO photo_manager - Foto movida: /home/ddurand/proyectos/personal/rpaludoplay-app/src/static/images/03507296.png -> /home/ddurand/fotos/03507296.png
2026-08-24 11:46:47,330 INFO photo_manager - Foto movida: /home/ddurand/proyectos/personal/rpaludoplay-app/src/static/images/08207807.png -> /home/ddurand/fotos/08207807.png
2026-08-24 11:46:47,331 INFO photo_manager - Foto movida: /home/ddurand/proyectos/personal/rpaludoplay-app/src/static/images/09730012.png -> /home/ddurand/fotos/09730012.png
2026-08-24 11:46:47,331 INFO photo_manager - Foto movida: /home/ddurand/proyectos/personal/rpaludoplay-app/src/static/images/09985044.png -> /home/ddurand/fotos/09985044.png
2026-08-24 11:46:47,332 INFO photo_manager - Foto movida: /home/ddurand/proyectos/personal/rpaludoplay-app/src/static/images/06593736.png -> /home/ddurand/fotos/06593736.png
2026-08-24 11:46:47,332 INFO photo_manager - Foto movida: /home/ddurand/proyectos/personal/rpaludoplay-app/src/static/images/09613058.png -> /home/ddurand/fotos/09613058.png
2026-08-24 11:46:47,333 INFO photo_manager - Foto movida: /home/ddurand/proyectos/personal/rpaludoplay-app/src/static/images/09960832.png -> /home/ddurand/fotos/09960832.png
2026-08-24 11:46:47,333 INFO photo_manager - Foto movida: /home/ddurand/proyectos/personal/rpaludoplay-app/src/static/images/09286903.png -> /home/ddurand/fotos/09286903.png
2026-08-24 11:46:47,334 INFO photo_manager - Foto movida: /home/ddurand/proyectos/personal/rpaludoplay-app/src/static/images/02885408.png -> /home/ddurand/fotos/02885408.png
2026-08-24 11:46:47,334 INFO photo_manager - Foto movida: /home/ddurand/proyectos/personal/rpaludoplay-app/src/static/images/06805650.png -> /home/ddurand/fotos/06805650.png
2026-08-24 11:46:47,334 INFO photo_manager - Foto movida: /home/ddurand/proyectos/personal/rpaludoplay-app/src/static/images/06155059.png -> /home/ddurand/fotos/06155059.png
2026-08-24 11:46:47,335 INFO photo_manager - Foto movida: /home/ddurand/proyectos/personal/rpaludoplay-app/src/static/images/09482159.png -> /home/ddurand/fotos/09482159.png
2026-08-24 11:46:47,335 INFO photo_manager - Foto movida: /home/ddurand/proyectos/personal/rpaludoplay-app/src/static/images/06200812.png -> /home/ddurand/fotos/06200812.png
2026-08-24 11:46:47,335 INFO photo_manager - Foto movida: /home/ddurand/proyectos/personal/rpaludoplay-app/src/static/images/09842768.png -> /home/ddurand/fotos/09842768.png
2026-08-24 11:46:47,336 INFO photo_manager - Foto movida: /home/ddurand/proyectos/personal/rpaludoplay-app/src/static/images/09078861.png -> /home/ddurand/fotos/09078861.png
2026-08-24 11:46:47,336 INFO photo_manager - Foto movida: /home/ddurand/proyectos/personal/rpaludoplay-app/src/static/images/001266044.png -> /home/ddurand/fotos/001266044.png
2026-08-24 11:46:47,336 INFO photo_manager - Foto movida: /home/ddurand/proyectos/personal/rpaludoplay-app/src/static/images/001298491.png -> /home/ddurand/fotos/001298491.png
2026-08-24 11:46:47,336 INFO photo_manager - Foto movida: /home/ddurand/proyectos/personal/rpaludoplay-app/src/static/images/02884715.png -> /home/ddurand/fotos/02884715.png
2026-08-24 11:46:47,337 INFO photo_manager - Foto movida: /home/ddurand/proyectos/personal/rpaludoplay-app/src/static/images/02794831.png -> /home/ddurand/fotos/02794831.png
2026-08-24 11:46:47,337 INFO photo_manager - Foto movida: /home/ddurand/proyectos/personal/rpaludoplay-app/src/static/images/04642113.png -> /home/ddurand/fotos/04642113.png
2026-08-24 11:46:47,337 INFO photo_manager - Foto movida: /home/ddurand/proyectos/personal/rpaludoplay-app/src/static/images/07885488.png -> /home/ddurand/fotos/07885488.png
2026-08-24 11:46:47,338 INFO photo_manager - Foto movida: /home/ddurand/proyectos/personal/rpaludoplay-app/src/static/images/08627193.png -> /home/ddurand/fotos/08627193.png
2026-08-24 11:46:47,338 INFO photo_manager - Foto movida: /home/ddurand/proyectos/personal/rpaludoplay-app/src/static/images/07836607.png -> /home/ddurand/fotos/07836607.png
2026-08-24 11:46:47,338 INFO photo_manager - Foto movida: /home/ddurand/proyectos/personal/rpaludoplay-app/src/static/images/08887957.png -> /home/ddurand/fotos/08887957.png
2026-08-24 11:46:47,338 INFO photo_manager - Foto movida: /home/ddurand/proyectos/personal/rpaludoplay-app/src/static/images/09536047.png -> /home/ddurand/fotos/09536047.png
2026-08-24 11:46:47,339 INFO photo_manager - Foto movida: /home/ddurand/proyectos/personal/rpaludoplay-app/src/static/images/06673948.png -> /home/ddurand/fotos/06673948.png
2026-08-24 11:46:47,339 INFO photo_manager - Foto movida: /home/ddurand/proyectos/personal/rpaludoplay-app/src/static/images/007449710.png -> /home/ddurand/fotos/007449710.png
2026-08-24 11:46:47,339 INFO photo_manager - Foto movida: /home/ddurand/proyectos/personal/rpaludoplay-app/src/static/images/01342343.png -> /home/ddurand/fotos/01342343.png
2026-08-24 11:46:47,340 INFO photo_manager - Foto movida: /home/ddurand/proyectos/personal/rpaludoplay-app/src/static/images/000373624.png -> /home/ddurand/fotos/000373624.png
2026-08-24 11:46:47,340 INFO photo_manager - Foto movida: /home/ddurand/proyectos/personal/rpaludoplay-app/src/static/images/07549138.png -> /home/ddurand/fotos/07549138.png
2026-08-24 11:46:47,340 INFO photo_manager - Foto movida: /home/ddurand/proyectos/personal/rpaludoplay-app/src/static/images/08662719.png -> /home/ddurand/fotos/08662719.png
2026-08-24 11:46:47,340 INFO photo_manager - Foto movida: /home/ddurand/proyectos/personal/rpaludoplay-app/src/static/images/08811163.png -> /home/ddurand/fotos/08811163.png
2026-08-24 11:46:47,341 INFO photo_manager - Foto movida: /home/ddurand/proyectos/personal/rpaludoplay-app/src/static/images/001084607.png -> /home/ddurand/fotos/001084607.png
2026-08-24 11:46:47,341 INFO photo_manager - Foto movida: /home/ddurand/proyectos/personal/rpaludoplay-app/src/static/images/003605211.png -> /home/ddurand/fotos/003605211.png
2026-08-24 11:46:47,341 INFO photo_manager - Foto movida: /home/ddurand/proyectos/personal/rpaludoplay-app/src/static/images/005180011.png -> /home/ddurand/fotos/005180011.png
2026-08-24 11:46:47,342 INFO photo_manager - Foto movida: /home/ddurand/proyectos/personal/rpaludoplay-app/src/static/images/000172793.png -> /home/ddurand/fotos/000172793.png
2026-08-24 11:46:47,342 INFO photo_manager - Foto movida: /home/ddurand/proyectos/personal/rpaludoplay-app/src/static/images/07628246.png -> /home/ddurand/fotos/07628246.png
2026-08-24 11:46:47,342 INFO photo_manager - Foto movida: /home/ddurand/proyectos/personal/rpaludoplay-app/src/static/images/07881601.png -> /home/ddurand/fotos/07881601.png
2026-08-24 11:46:47,343 INFO photo_manager - Foto movida: /home/ddurand/proyectos/personal/rpaludoplay-app/src/static/images/08163775.png -> /home/ddurand/fotos/08163775.png
2026-08-24 11:46:47,343 INFO photo_manager - Foto movida: /home/ddurand/proyectos/personal/rpaludoplay-app/src/static/images/09742349.png -> /home/ddurand/fotos/09742349.png
2026-08-24 11:46:47,344 INFO photo_manager - Foto movida: /home/ddurand/proyectos/personal/rpaludoplay-app/src/static/images/00245143.png -> /home/ddurand/fotos/00245143.png
2026-08-24 11:46:47,344 INFO photo_manager - Foto movida: /home/ddurand/proyectos/personal/rpaludoplay-app/src/static/images/03672323.png -> /home/ddurand/fotos/03672323.png
2026-08-24 11:46:47,344 INFO photo_manager - Foto movida: /home/ddurand/proyectos/personal/rpaludoplay-app/src/static/images/03369078.png -> /home/ddurand/fotos/03369078.png
2026-08-24 11:46:47,345 INFO photo_manager - Foto movida: /home/ddurand/proyectos/personal/rpaludoplay-app/src/static/images/08652057.png -> /home/ddurand/fotos/08652057.png
2026-08-24 11:46:47,345 INFO photo_manager - Foto movida: /home/ddurand/proyectos/personal/rpaludoplay-app/src/static/images/07510064.png -> /home/ddurand/fotos/07510064.png
2026-08-24 11:46:47,346 INFO photo_manager - Foto movida: /home/ddurand/proyectos/personal/rpaludoplay-app/src/static/images/09832565.png -> /home/ddurand/fotos/09832565.png
2026-08-24 11:46:47,346 INFO photo_manager - Foto movida: /home/ddurand/proyectos/personal/rpaludoplay-app/src/static/images/09250005.png -> /home/ddurand/fotos/09250005.png
2026-08-24 11:46:47,346 INFO photo_manager - Foto movida: /home/ddurand/proyectos/personal/rpaludoplay-app/src/static/images/09240223.png -> /home/ddurand/fotos/09240223.png
2026-08-24 11:46:47,347 INFO photo_manager - Foto movida: /home/ddurand/proyectos/personal/rpaludoplay-app/src/static/images/07508570.png -> /home/ddurand/fotos/07508570.png
2026-08-24 11:46:47,348 INFO photo_manager - Foto movida: /home/ddurand/proyectos/personal/rpaludoplay-app/src/static/images/08156676.png -> /home/ddurand/fotos/08156676.png
2026-08-24 11:46:47,349 INFO photo_manager - Foto movida: /home/ddurand/proyectos/personal/rpaludoplay-app/src/static/images/01325502.png -> /home/ddurand/fotos/01325502.png
2026-08-24 11:46:47,349 INFO photo_manager - Foto movida: /home/ddurand/proyectos/personal/rpaludoplay-app/src/static/images/02811275.png -> /home/ddurand/fotos/02811275.png
2026-08-24 11:46:47,350 INFO photo_manager - Foto movida: /home/ddurand/proyectos/personal/rpaludoplay-app/src/static/images/06122351.png -> /home/ddurand/fotos/06122351.png
2026-08-24 11:46:47,350 INFO photo_manager - Foto movida: /home/ddurand/proyectos/personal/rpaludoplay-app/src/static/images/01227065.png -> /home/ddurand/fotos/01227065.png
2026-08-24 11:46:47,351 INFO photo_manager - Foto movida: /home/ddurand/proyectos/personal/rpaludoplay-app/src/static/images/00497227.png -> /home/ddurand/fotos/00497227.png
2026-08-24 11:46:47,351 INFO photo_manager - Foto movida: /home/ddurand/proyectos/personal/rpaludoplay-app/src/static/images/06116600.png -> /home/ddurand/fotos/06116600.png
2026-08-24 11:46:47,351 INFO photo_manager - Foto movida: /home/ddurand/proyectos/personal/rpaludoplay-app/src/static/images/09584546.png -> /home/ddurand/fotos/09584546.png
2026-08-24 11:46:47,352 INFO photo_manager - Foto movida: /home/ddurand/proyectos/personal/rpaludoplay-app/src/static/images/08888636.png -> /home/ddurand/fotos/08888636.png
2026-08-24 11:46:47,352 INFO photo_manager - Foto movida: /home/ddurand/proyectos/personal/rpaludoplay-app/src/static/images/004595242.png -> /home/ddurand/fotos/004595242.png
2026-08-24 11:46:47,352 INFO photo_manager - Foto movida: /home/ddurand/proyectos/personal/rpaludoplay-app/src/static/images/07538130.png -> /home/ddurand/fotos/07538130.png
2026-08-24 11:46:47,353 INFO photo_manager - Foto movida: /home/ddurand/proyectos/personal/rpaludoplay-app/src/static/images/07752349.png -> /home/ddurand/fotos/07752349.png
2026-08-24 11:46:47,354 INFO photo_manager - Foto movida: /home/ddurand/proyectos/personal/rpaludoplay-app/src/static/images/07523847.png -> /home/ddurand/fotos/07523847.png
2026-08-24 11:46:47,354 INFO photo_manager - Foto movida: /home/ddurand/proyectos/personal/rpaludoplay-app/src/static/images/002195310.png -> /home/ddurand/fotos/002195310.png
2026-08-24 11:46:47,355 INFO photo_manager - Foto movida: /home/ddurand/proyectos/personal/rpaludoplay-app/src/static/images/001949092.png -> /home/ddurand/fotos/001949092.png
2026-08-24 11:46:47,355 INFO photo_manager - Foto movida: /home/ddurand/proyectos/personal/rpaludoplay-app/src/static/images/04416791.png -> /home/ddurand/fotos/04416791.png
2026-08-24 11:46:47,355 INFO photo_manager - Foto movida: /home/ddurand/proyectos/personal/rpaludoplay-app/src/static/images/06767693.png -> /home/ddurand/fotos/06767693.png
2026-08-24 11:46:47,356 INFO photo_manager - Foto movida: /home/ddurand/proyectos/personal/rpaludoplay-app/src/static/images/07878318.png -> /home/ddurand/fotos/07878318.png
2026-08-24 11:46:47,356 INFO photo_manager - Foto movida: /home/ddurand/proyectos/personal/rpaludoplay-app/src/static/images/08520296.png -> /home/ddurand/fotos/08520296.png
2026-08-24 11:46:47,356 INFO photo_manager - Foto movida: /home/ddurand/proyectos/personal/rpaludoplay-app/src/static/images/09473626.png -> /home/ddurand/fotos/09473626.png
2026-08-24 11:46:47,357 INFO photo_manager - Foto movida: /home/ddurand/proyectos/personal/rpaludoplay-app/src/static/images/08677497.png -> /home/ddurand/fotos/08677497.png
2026-08-24 11:46:47,357 INFO photo_manager - Foto movida: /home/ddurand/proyectos/personal/rpaludoplay-app/src/static/images/001565626.png -> /home/ddurand/fotos/001565626.png
2026-08-24 11:46:47,358 INFO photo_manager - Foto movida: /home/ddurand/proyectos/personal/rpaludoplay-app/src/static/images/01187815.png -> /home/ddurand/fotos/01187815.png
2026-08-24 11:46:47,358 INFO photo_manager - Foto movida: /home/ddurand/proyectos/personal/rpaludoplay-app/src/static/images/07712635.png -> /home/ddurand/fotos/07712635.png
2026-08-24 11:46:47,358 INFO photo_manager - Foto movida: /home/ddurand/proyectos/personal/rpaludoplay-app/src/static/images/08144147.png -> /home/ddurand/fotos/08144147.png
2026-08-24 11:46:47,358 INFO photo_manager - Foto movida: /home/ddurand/proyectos/personal/rpaludoplay-app/src/static/images/08538679.png -> /home/ddurand/fotos/08538679.png
2026-08-24 11:46:47,359 INFO photo_manager - Foto movida: /home/ddurand/proyectos/personal/rpaludoplay-app/src/static/images/008298507.png -> /home/ddurand/fotos/008298507.png
2026-08-24 11:46:47,359 INFO photo_manager - Foto movida: /home/ddurand/proyectos/personal/rpaludoplay-app/src/static/images/08327067.png -> /home/ddurand/fotos/08327067.png
2026-08-24 11:46:47,359 INFO photo_manager - Foto movida: /home/ddurand/proyectos/personal/rpaludoplay-app/src/static/images/06674670.png -> /home/ddurand/fotos/06674670.png
2026-08-24 11:46:47,360 INFO photo_manager - Foto movida: /home/ddurand/proyectos/personal/rpaludoplay-app/src/static/images/001627743.png -> /home/ddurand/fotos/001627743.png
2026-08-24 11:46:47,360 INFO photo_manager - Foto movida: /home/ddurand/proyectos/personal/rpaludoplay-app/src/static/images/07866263.png -> /home/ddurand/fotos/07866263.png
2026-08-24 11:46:47,361 INFO photo_manager - Foto movida: /home/ddurand/proyectos/personal/rpaludoplay-app/src/static/images/07485595.png -> /home/ddurand/fotos/07485595.png
2026-08-24 11:46:47,361 INFO photo_manager - Foto movida: /home/ddurand/proyectos/personal/rpaludoplay-app/src/static/images/09903936.png -> /home/ddurand/fotos/09903936.png
2026-08-24 11:46:47,362 INFO photo_manager - Foto movida: /home/ddurand/proyectos/personal/rpaludoplay-app/src/static/images/07971644.png -> /home/ddurand/fotos/07971644.png
2026-08-24 11:46:47,362 INFO photo_manager - Foto movida: /home/ddurand/proyectos/personal/rpaludoplay-app/src/static/images/005786894.png -> /home/ddurand/fotos/005786894.png
2026-08-24 11:46:47,362 INFO photo_manager - Foto movida: /home/ddurand/proyectos/personal/rpaludoplay-app/src/static/images/07495921.png -> /home/ddurand/fotos/07495921.png
2026-08-24 11:46:47,363 INFO photo_manager - Foto movida: /home/ddurand/proyectos/personal/rpaludoplay-app/src/static/images/06777819.png -> /home/ddurand/fotos/06777819.png
2026-08-24 11:46:47,364 INFO photo_manager - Foto movida: /home/ddurand/proyectos/personal/rpaludoplay-app/src/static/images/07667987.png -> /home/ddurand/fotos/07667987.png
2026-08-24 11:46:47,364 INFO photo_manager - Foto movida: /home/ddurand/proyectos/personal/rpaludoplay-app/src/static/images/06774757.png -> /home/ddurand/fotos/06774757.png
2026-08-24 11:46:47,365 INFO photo_manager - Foto movida: /home/ddurand/proyectos/personal/rpaludoplay-app/src/static/images/09860234.png -> /home/ddurand/fotos/09860234.png
2026-08-24 11:46:47,365 INFO photo_manager - Foto movida: /home/ddurand/proyectos/personal/rpaludoplay-app/src/static/images/07616629.png -> /home/ddurand/fotos/07616629.png
2026-08-24 11:46:47,366 INFO photo_manager - Foto movida: /home/ddurand/proyectos/personal/rpaludoplay-app/src/static/images/06786488.png -> /home/ddurand/fotos/06786488.png
2026-08-24 11:46:47,367 INFO photo_manager - Foto movida: /home/ddurand/proyectos/personal/rpaludoplay-app/src/static/images/004339785.png -> /home/ddurand/fotos/004339785.png
2026-08-24 11:46:47,367 INFO photo_manager - Foto movida: /home/ddurand/proyectos/personal/rpaludoplay-app/src/static/images/006304856.png -> /home/ddurand/fotos/006304856.png
2026-08-24 11:46:47,367 INFO photo_manager - Foto movida: /home/ddurand/proyectos/personal/rpaludoplay-app/src/static/images/08522218.png -> /home/ddurand/fotos/08522218.png
2026-08-24 11:46:47,368 INFO photo_manager - Foto movida: /home/ddurand/proyectos/personal/rpaludoplay-app/src/static/images/09855017.png -> /home/ddurand/fotos/09855017.png
2026-08-24 11:46:47,368 INFO photo_manager - Foto movida: /home/ddurand/proyectos/personal/rpaludoplay-app/src/static/images/09975854.png -> /home/ddurand/fotos/09975854.png
2026-08-24 11:46:47,368 INFO photo_manager - Foto movida: /home/ddurand/proyectos/personal/rpaludoplay-app/src/static/images/07523224.png -> /home/ddurand/fotos/07523224.png
2026-08-24 11:46:47,369 INFO photo_manager - Foto movida: /home/ddurand/proyectos/personal/rpaludoplay-app/src/static/images/000163298.png -> /home/ddurand/fotos/000163298.png
2026-08-24 11:46:47,369 INFO photo_manager - Foto movida: /home/ddurand/proyectos/personal/rpaludoplay-app/src/static/images/04643601.png -> /home/ddurand/fotos/04643601.png
2026-08-24 11:46:47,370 INFO photo_manager - Foto movida: /home/ddurand/proyectos/personal/rpaludoplay-app/src/static/images/000150331.png -> /home/ddurand/fotos/000150331.png
2026-08-24 11:46:47,370 INFO photo_manager - Foto movida: /home/ddurand/proyectos/personal/rpaludoplay-app/src/static/images/08358570.png -> /home/ddurand/fotos/08358570.png
2026-08-24 11:46:47,370 INFO photo_manager - Foto movida: /home/ddurand/proyectos/personal/rpaludoplay-app/src/static/images/09271084.png -> /home/ddurand/fotos/09271084.png
2026-08-24 11:46:47,370 INFO photo_manager - Foto movida: /home/ddurand/proyectos/personal/rpaludoplay-app/src/static/images/02794948.png -> /home/ddurand/fotos/02794948.png
2026-08-24 11:46:47,371 INFO photo_manager - Foto movida: /home/ddurand/proyectos/personal/rpaludoplay-app/src/static/images/09485768.png -> /home/ddurand/fotos/09485768.png
2026-08-24 11:46:47,371 INFO photo_manager - Foto movida: /home/ddurand/proyectos/personal/rpaludoplay-app/src/static/images/09732020.png -> /home/ddurand/fotos/09732020.png
2026-08-24 11:46:47,371 INFO photo_manager - Foto movida: /home/ddurand/proyectos/personal/rpaludoplay-app/src/static/images/005671612.png -> /home/ddurand/fotos/005671612.png
2026-08-24 11:46:47,371 INFO photo_manager - Foto movida: /home/ddurand/proyectos/personal/rpaludoplay-app/src/static/images/06144960.png -> /home/ddurand/fotos/06144960.png
2026-08-24 11:46:47,372 INFO photo_manager - Foto movida: /home/ddurand/proyectos/personal/rpaludoplay-app/src/static/images/05643847.png -> /home/ddurand/fotos/05643847.png
2026-08-24 11:46:47,372 INFO photo_manager - Foto movida: /home/ddurand/proyectos/personal/rpaludoplay-app/src/static/images/09774222.png -> /home/ddurand/fotos/09774222.png
2026-08-24 11:46:47,372 INFO photo_manager - Foto movida: /home/ddurand/proyectos/personal/rpaludoplay-app/src/static/images/05339257.png -> /home/ddurand/fotos/05339257.png
2026-08-24 11:46:47,373 INFO photo_manager - Foto movida: /home/ddurand/proyectos/personal/rpaludoplay-app/src/static/images/06283561.png -> /home/ddurand/fotos/06283561.png
2026-08-24 11:46:47,373 INFO photo_manager - Foto movida: /home/ddurand/proyectos/personal/rpaludoplay-app/src/static/images/06767304.png -> /home/ddurand/fotos/06767304.png
2026-08-24 11:46:47,373 INFO photo_manager - Foto movida: /home/ddurand/proyectos/personal/rpaludoplay-app/src/static/images/06690772.png -> /home/ddurand/fotos/06690772.png
2026-08-24 11:46:47,374 INFO photo_manager - Foto movida: /home/ddurand/proyectos/personal/rpaludoplay-app/src/static/images/09675643.png -> /home/ddurand/fotos/09675643.png
2026-08-24 11:46:47,374 INFO photo_manager - Foto movida: /home/ddurand/proyectos/personal/rpaludoplay-app/src/static/images/07424728.png -> /home/ddurand/fotos/07424728.png
2026-08-24 11:46:47,374 INFO photo_manager - Foto movida: /home/ddurand/proyectos/personal/rpaludoplay-app/src/static/images/06067059.png -> /home/ddurand/fotos/06067059.png
2026-08-24 11:46:47,375 INFO photo_manager - Foto movida: /home/ddurand/proyectos/personal/rpaludoplay-app/src/static/images/09709735.png -> /home/ddurand/fotos/09709735.png
2026-08-24 11:46:47,375 INFO photo_manager - Foto movida: /home/ddurand/proyectos/personal/rpaludoplay-app/src/static/images/08242316.png -> /home/ddurand/fotos/08242316.png
2026-08-24 11:46:47,375 INFO photo_manager - Foto movida: /home/ddurand/proyectos/personal/rpaludoplay-app/src/static/images/09580456.png -> /home/ddurand/fotos/09580456.png
2026-08-24 11:46:47,375 INFO photo_manager - Foto movida: /home/ddurand/proyectos/personal/rpaludoplay-app/src/static/images/09982404.png -> /home/ddurand/fotos/09982404.png
2026-08-24 11:46:47,376 INFO photo_manager - Foto movida: /home/ddurand/proyectos/personal/rpaludoplay-app/src/static/images/07566771.png -> /home/ddurand/fotos/07566771.png
2026-08-24 11:46:47,376 INFO photo_manager - Foto movida: /home/ddurand/proyectos/personal/rpaludoplay-app/src/static/images/08652337.png -> /home/ddurand/fotos/08652337.png
2026-08-24 11:46:47,377 INFO photo_manager - Foto movida: /home/ddurand/proyectos/personal/rpaludoplay-app/src/static/images/09875652.png -> /home/ddurand/fotos/09875652.png
2026-08-24 11:46:47,377 INFO photo_manager - Foto movida: /home/ddurand/proyectos/personal/rpaludoplay-app/src/static/images/000269983.png -> /home/ddurand/fotos/000269983.png
2026-08-24 11:46:47,377 INFO photo_manager - Foto movida: /home/ddurand/proyectos/personal/rpaludoplay-app/src/static/images/08161383.png -> /home/ddurand/fotos/08161383.png
2026-08-24 11:46:47,378 INFO photo_manager - Foto movida: /home/ddurand/proyectos/personal/rpaludoplay-app/src/static/images/09126753.png -> /home/ddurand/fotos/09126753.png
2026-08-24 11:46:47,378 INFO photo_manager - Foto movida: /home/ddurand/proyectos/personal/rpaludoplay-app/src/static/images/09368961.png -> /home/ddurand/fotos/09368961.png
2026-08-24 11:46:47,378 INFO photo_manager - Foto movida: /home/ddurand/proyectos/personal/rpaludoplay-app/src/static/images/07935307.png -> /home/ddurand/fotos/07935307.png
2026-08-24 11:46:47,379 INFO photo_manager - Foto movida: /home/ddurand/proyectos/personal/rpaludoplay-app/src/static/images/09640463.png -> /home/ddurand/fotos/09640463.png
2026-08-24 11:46:47,379 INFO photo_manager - Foto movida: /home/ddurand/proyectos/personal/rpaludoplay-app/src/static/images/009105918.png -> /home/ddurand/fotos/009105918.png
2026-08-24 11:46:47,379 INFO photo_manager - Foto movida: /home/ddurand/proyectos/personal/rpaludoplay-app/src/static/images/03836408.png -> /home/ddurand/fotos/03836408.png
2026-08-24 11:46:47,380 INFO photo_manager - Foto movida: /home/ddurand/proyectos/personal/rpaludoplay-app/src/static/images/06630048.png -> /home/ddurand/fotos/06630048.png
2026-08-24 11:46:47,380 INFO photo_manager - Foto movida: /home/ddurand/proyectos/personal/rpaludoplay-app/src/static/images/07502008.png -> /home/ddurand/fotos/07502008.png
2026-08-24 11:46:47,380 INFO photo_manager - Foto movida: /home/ddurand/proyectos/personal/rpaludoplay-app/src/static/images/08589165.png -> /home/ddurand/fotos/08589165.png
2026-08-24 11:46:47,381 INFO photo_manager - Foto movida: /home/ddurand/proyectos/personal/rpaludoplay-app/src/static/images/07286581.png -> /home/ddurand/fotos/07286581.png
2026-08-24 11:46:47,381 INFO photo_manager - Foto movida: /home/ddurand/proyectos/personal/rpaludoplay-app/src/static/images/09642927.png -> /home/ddurand/fotos/09642927.png
2026-08-24 11:46:47,382 INFO photo_manager - Foto movida: /home/ddurand/proyectos/personal/rpaludoplay-app/src/static/images/004107180.png -> /home/ddurand/fotos/004107180.png
2026-08-24 11:46:47,382 INFO photo_manager - Foto movida: /home/ddurand/proyectos/personal/rpaludoplay-app/src/static/images/00515310.png -> /home/ddurand/fotos/00515310.png
2026-08-24 11:46:47,383 INFO photo_manager - Foto movida: /home/ddurand/proyectos/personal/rpaludoplay-app/src/static/images/000360239.png -> /home/ddurand/fotos/000360239.png
2026-08-24 11:46:47,383 INFO photo_manager - Foto movida: /home/ddurand/proyectos/personal/rpaludoplay-app/src/static/images/06320816.png -> /home/ddurand/fotos/06320816.png
2026-08-24 11:46:47,384 INFO photo_manager - Foto movida: /home/ddurand/proyectos/personal/rpaludoplay-app/src/static/images/09978968.png -> /home/ddurand/fotos/09978968.png
2026-08-24 11:46:47,384 INFO photo_manager - Foto movida: /home/ddurand/proyectos/personal/rpaludoplay-app/src/static/images/07648306.png -> /home/ddurand/fotos/07648306.png
2026-08-24 11:46:47,385 INFO photo_manager - Foto movida: /home/ddurand/proyectos/personal/rpaludoplay-app/src/static/images/001350390.png -> /home/ddurand/fotos/001350390.png
2026-08-24 11:46:47,385 INFO photo_manager - Foto movida: /home/ddurand/proyectos/personal/rpaludoplay-app/src/static/images/06768738.png -> /home/ddurand/fotos/06768738.png
2026-08-24 11:46:47,386 INFO photo_manager - Foto movida: /home/ddurand/proyectos/personal/rpaludoplay-app/src/static/images/00504139.png -> /home/ddurand/fotos/00504139.png
2026-08-24 11:46:47,386 INFO photo_manager - Foto movida: /home/ddurand/proyectos/personal/rpaludoplay-app/src/static/images/09628081.png -> /home/ddurand/fotos/09628081.png
2026-08-24 11:46:47,387 INFO photo_manager - Foto movida: /home/ddurand/proyectos/personal/rpaludoplay-app/src/static/images/09954784.png -> /home/ddurand/fotos/09954784.png
2026-08-24 11:46:47,387 INFO photo_manager - Foto movida: /home/ddurand/proyectos/personal/rpaludoplay-app/src/static/images/08343112.png -> /home/ddurand/fotos/08343112.png
2026-08-24 11:46:47,387 INFO photo_manager - Foto movida: /home/ddurand/proyectos/personal/rpaludoplay-app/src/static/images/000084002.png -> /home/ddurand/fotos/000084002.png
2026-08-24 11:46:47,387 INFO photo_manager - Foto movida: /home/ddurand/proyectos/personal/rpaludoplay-app/src/static/images/07503288.png -> /home/ddurand/fotos/07503288.png
2026-08-24 11:46:47,388 INFO photo_manager - Foto movida: /home/ddurand/proyectos/personal/rpaludoplay-app/src/static/images/09586210.png -> /home/ddurand/fotos/09586210.png
2026-08-24 11:46:47,388 INFO photo_manager - Foto movida: /home/ddurand/proyectos/personal/rpaludoplay-app/src/static/images/08311670.png -> /home/ddurand/fotos/08311670.png
2026-08-24 11:46:47,388 INFO photo_manager - Foto movida: /home/ddurand/proyectos/personal/rpaludoplay-app/src/static/images/08248803.png -> /home/ddurand/fotos/08248803.png
2026-08-24 11:46:47,389 INFO photo_manager - Foto movida: /home/ddurand/proyectos/personal/rpaludoplay-app/src/static/images/00414196.png -> /home/ddurand/fotos/00414196.png
2026-08-24 11:46:47,389 INFO photo_manager - Foto movida: /home/ddurand/proyectos/personal/rpaludoplay-app/src/static/images/000363548.png -> /home/ddurand/fotos/000363548.png
2026-08-24 11:46:47,389 INFO photo_manager - Foto movida: /home/ddurand/proyectos/personal/rpaludoplay-app/src/static/images/08475271.png -> /home/ddurand/fotos/08475271.png
2026-08-24 11:46:47,389 INFO photo_manager - Foto movida: /home/ddurand/proyectos/personal/rpaludoplay-app/src/static/images/09544836.png -> /home/ddurand/fotos/09544836.png
2026-08-24 11:46:47,390 INFO photo_manager - Foto movida: /home/ddurand/proyectos/personal/rpaludoplay-app/src/static/images/07511850.png -> /home/ddurand/fotos/07511850.png
2026-08-24 11:46:47,390 INFO photo_manager - Foto movida: /home/ddurand/proyectos/personal/rpaludoplay-app/src/static/images/000176055.png -> /home/ddurand/fotos/000176055.png
2026-08-24 11:46:47,390 INFO photo_manager - Foto movida: /home/ddurand/proyectos/personal/rpaludoplay-app/src/static/images/06103825.png -> /home/ddurand/fotos/06103825.png
2026-08-24 11:46:47,390 INFO photo_manager - Foto movida: /home/ddurand/proyectos/personal/rpaludoplay-app/src/static/images/07975669.png -> /home/ddurand/fotos/07975669.png
2026-08-24 11:46:47,391 INFO photo_manager - Foto movida: /home/ddurand/proyectos/personal/rpaludoplay-app/src/static/images/07499950.png -> /home/ddurand/fotos/07499950.png
2026-08-24 11:46:47,391 INFO photo_manager - Foto movida: /home/ddurand/proyectos/personal/rpaludoplay-app/src/static/images/09672024.png -> /home/ddurand/fotos/09672024.png
2026-08-24 11:46:47,391 INFO photo_manager - Foto movida: /home/ddurand/proyectos/personal/rpaludoplay-app/src/static/images/09855209.png -> /home/ddurand/fotos/09855209.png
2026-08-24 11:46:47,392 INFO photo_manager - Foto movida: /home/ddurand/proyectos/personal/rpaludoplay-app/src/static/images/03846451.png -> /home/ddurand/fotos/03846451.png
2026-08-24 11:46:47,392 INFO photo_manager - Foto movida: /home/ddurand/proyectos/personal/rpaludoplay-app/src/static/images/09336817.png -> /home/ddurand/fotos/09336817.png
2026-08-24 11:46:47,393 INFO photo_manager - Foto movida: /home/ddurand/proyectos/personal/rpaludoplay-app/src/static/images/000149236.png -> /home/ddurand/fotos/000149236.png
2026-08-24 11:46:47,393 INFO photo_manager - Foto movida: /home/ddurand/proyectos/personal/rpaludoplay-app/src/static/images/005637347.png -> /home/ddurand/fotos/005637347.png
2026-08-24 11:46:47,393 INFO photo_manager - Foto movida: /home/ddurand/proyectos/personal/rpaludoplay-app/src/static/images/01343284.png -> /home/ddurand/fotos/01343284.png
2026-08-24 11:46:47,394 INFO photo_manager - Foto movida: /home/ddurand/proyectos/personal/rpaludoplay-app/src/static/images/08164766.png -> /home/ddurand/fotos/08164766.png
2026-08-24 11:46:47,394 INFO photo_manager - Foto movida: /home/ddurand/proyectos/personal/rpaludoplay-app/src/static/images/07522640.png -> /home/ddurand/fotos/07522640.png
2026-08-24 11:46:47,395 INFO photo_manager - Foto movida: /home/ddurand/proyectos/personal/rpaludoplay-app/src/static/images/06714741.png -> /home/ddurand/fotos/06714741.png
2026-08-24 11:46:47,395 INFO photo_manager - Foto movida: /home/ddurand/proyectos/personal/rpaludoplay-app/src/static/images/005816521.png -> /home/ddurand/fotos/005816521.png
2026-08-24 11:46:47,395 INFO photo_manager - Foto movida: /home/ddurand/proyectos/personal/rpaludoplay-app/src/static/images/07967928.png -> /home/ddurand/fotos/07967928.png
2026-08-24 11:46:47,396 INFO photo_manager - Foto movida: /home/ddurand/proyectos/personal/rpaludoplay-app/src/static/images/02447053.png -> /home/ddurand/fotos/02447053.png
2026-08-24 11:46:47,396 INFO photo_manager - Foto movida: /home/ddurand/proyectos/personal/rpaludoplay-app/src/static/images/000095331.png -> /home/ddurand/fotos/000095331.png
2026-08-24 11:46:47,397 INFO photo_manager - Foto movida: /home/ddurand/proyectos/personal/rpaludoplay-app/src/static/images/09937566.png -> /home/ddurand/fotos/09937566.png
2026-08-24 11:46:47,397 INFO photo_manager - Foto movida: /home/ddurand/proyectos/personal/rpaludoplay-app/src/static/images/07971998.png -> /home/ddurand/fotos/07971998.png
2026-08-24 11:46:47,397 INFO photo_manager - Foto movida: /home/ddurand/proyectos/personal/rpaludoplay-app/src/static/images/001141816.png -> /home/ddurand/fotos/001141816.png
2026-08-24 11:46:47,398 INFO photo_manager - Foto movida: /home/ddurand/proyectos/personal/rpaludoplay-app/src/static/images/09653169.png -> /home/ddurand/fotos/09653169.png
2026-08-24 11:46:47,398 INFO photo_manager - Foto movida: /home/ddurand/proyectos/personal/rpaludoplay-app/src/static/images/09467127.png -> /home/ddurand/fotos/09467127.png
2026-08-24 11:46:47,399 INFO photo_manager - Foto movida: /home/ddurand/proyectos/personal/rpaludoplay-app/src/static/images/001107890.png -> /home/ddurand/fotos/001107890.png
2026-08-24 11:46:47,399 INFO photo_manager - Foto movida: /home/ddurand/proyectos/personal/rpaludoplay-app/src/static/images/09361443.png -> /home/ddurand/fotos/09361443.png
2026-08-24 11:46:47,400 INFO photo_manager - Foto movida: /home/ddurand/proyectos/personal/rpaludoplay-app/src/static/images/002023593.png -> /home/ddurand/fotos/002023593.png
2026-08-24 11:46:47,400 INFO photo_manager - Foto movida: /home/ddurand/proyectos/personal/rpaludoplay-app/src/static/images/09550567.png -> /home/ddurand/fotos/09550567.png
2026-08-24 11:46:47,400 INFO photo_manager - Foto movida: /home/ddurand/proyectos/personal/rpaludoplay-app/src/static/images/09830255.png -> /home/ddurand/fotos/09830255.png
2026-08-24 11:46:47,401 INFO photo_manager - Foto movida: /home/ddurand/proyectos/personal/rpaludoplay-app/src/static/images/09489438.png -> /home/ddurand/fotos/09489438.png
2026-08-24 11:46:47,401 INFO photo_manager - Foto movida: /home/ddurand/proyectos/personal/rpaludoplay-app/src/static/images/08835621.png -> /home/ddurand/fotos/08835621.png
2026-08-24 11:46:47,401 INFO photo_manager - Foto movida: /home/ddurand/proyectos/personal/rpaludoplay-app/src/static/images/001195074.png -> /home/ddurand/fotos/001195074.png
2026-08-24 11:46:47,402 INFO photo_manager - Foto movida: /home/ddurand/proyectos/personal/rpaludoplay-app/src/static/images/07751392.png -> /home/ddurand/fotos/07751392.png
2026-08-24 11:46:47,402 INFO photo_manager - Foto movida: /home/ddurand/proyectos/personal/rpaludoplay-app/src/static/images/000477055.png -> /home/ddurand/fotos/000477055.png
2026-08-24 11:46:47,403 INFO photo_manager - Foto movida: /home/ddurand/proyectos/personal/rpaludoplay-app/src/static/images/09553622.png -> /home/ddurand/fotos/09553622.png
2026-08-24 11:46:47,403 INFO photo_manager - Foto movida: /home/ddurand/proyectos/personal/rpaludoplay-app/src/static/images/09394342.png -> /home/ddurand/fotos/09394342.png
2026-08-24 11:46:47,403 INFO photo_manager - Foto movida: /home/ddurand/proyectos/personal/rpaludoplay-app/src/static/images/09221391.png -> /home/ddurand/fotos/09221391.png
2026-08-24 11:46:47,403 INFO photo_manager - Foto movida: /home/ddurand/proyectos/personal/rpaludoplay-app/src/static/images/09346453.png -> /home/ddurand/fotos/09346453.png
2026-08-24 11:46:47,404 INFO photo_manager - Foto movida: /home/ddurand/proyectos/personal/rpaludoplay-app/src/static/images/00249031.png -> /home/ddurand/fotos/00249031.png
2026-08-24 11:46:47,404 INFO photo_manager - Foto movida: /home/ddurand/proyectos/personal/rpaludoplay-app/src/static/images/08975261.png -> /home/ddurand/fotos/08975261.png
2026-08-24 11:46:47,404 INFO photo_manager - Foto movida: /home/ddurand/proyectos/personal/rpaludoplay-app/src/static/images/07485533.png -> /home/ddurand/fotos/07485533.png
2026-08-24 11:46:47,405 INFO photo_manager - Foto movida: /home/ddurand/proyectos/personal/rpaludoplay-app/src/static/images/09872397.png -> /home/ddurand/fotos/09872397.png
2026-08-24 11:46:47,405 INFO photo_manager - Foto movida: /home/ddurand/proyectos/personal/rpaludoplay-app/src/static/images/09452457.png -> /home/ddurand/fotos/09452457.png
2026-08-24 11:46:47,406 INFO photo_manager - Foto movida: /home/ddurand/proyectos/personal/rpaludoplay-app/src/static/images/09730868.png -> /home/ddurand/fotos/09730868.png
2026-08-24 11:46:47,406 INFO photo_manager - Foto movida: /home/ddurand/proyectos/personal/rpaludoplay-app/src/static/images/01544413.png -> /home/ddurand/fotos/01544413.png
2026-08-24 11:46:47,406 INFO photo_manager - Foto movida: /home/ddurand/proyectos/personal/rpaludoplay-app/src/static/images/02306730.png -> /home/ddurand/fotos/02306730.png
2026-08-24 11:46:47,407 INFO photo_manager - Foto movida: /home/ddurand/proyectos/personal/rpaludoplay-app/src/static/images/04647150.png -> /home/ddurand/fotos/04647150.png
2026-08-24 11:46:47,407 INFO photo_manager - Foto movida: /home/ddurand/proyectos/personal/rpaludoplay-app/src/static/images/06293951.png -> /home/ddurand/fotos/06293951.png
2026-08-24 11:46:47,407 INFO photo_manager - Foto movida: /home/ddurand/proyectos/personal/rpaludoplay-app/src/static/images/09917857.png -> /home/ddurand/fotos/09917857.png
2026-08-24 11:46:47,408 INFO photo_manager - Foto movida: /home/ddurand/proyectos/personal/rpaludoplay-app/src/static/images/000586075.png -> /home/ddurand/fotos/000586075.png
2026-08-24 11:46:47,408 INFO photo_manager - Foto movida: /home/ddurand/proyectos/personal/rpaludoplay-app/src/static/images/06677677.png -> /home/ddurand/fotos/06677677.png
2026-08-24 11:46:47,408 INFO photo_manager - Foto movida: /home/ddurand/proyectos/personal/rpaludoplay-app/src/static/images/04426381.png -> /home/ddurand/fotos/04426381.png
2026-08-24 11:46:47,409 INFO photo_manager - Foto movida: /home/ddurand/proyectos/personal/rpaludoplay-app/src/static/images/09397901.png -> /home/ddurand/fotos/09397901.png
2026-08-24 11:46:47,409 INFO photo_manager - Foto movida: /home/ddurand/proyectos/personal/rpaludoplay-app/src/static/images/001205702.png -> /home/ddurand/fotos/001205702.png
2026-08-24 11:46:47,410 INFO photo_manager - Foto movida: /home/ddurand/proyectos/personal/rpaludoplay-app/src/static/images/07420704.png -> /home/ddurand/fotos/07420704.png
2026-08-24 11:46:47,410 INFO photo_manager - Foto movida: /home/ddurand/proyectos/personal/rpaludoplay-app/src/static/images/07459921.png -> /home/ddurand/fotos/07459921.png
2026-08-24 11:46:47,410 INFO photo_manager - Foto movida: /home/ddurand/proyectos/personal/rpaludoplay-app/src/static/images/000843795.png -> /home/ddurand/fotos/000843795.png
2026-08-24 11:46:47,410 INFO photo_manager - Foto movida: /home/ddurand/proyectos/personal/rpaludoplay-app/src/static/images/07591433.png -> /home/ddurand/fotos/07591433.png
2026-08-24 11:46:47,411 INFO photo_manager - Foto movida: /home/ddurand/proyectos/personal/rpaludoplay-app/src/static/images/00489715.png -> /home/ddurand/fotos/00489715.png
2026-08-24 11:46:47,411 INFO photo_manager - Foto movida: /home/ddurand/proyectos/personal/rpaludoplay-app/src/static/images/04430998.png -> /home/ddurand/fotos/04430998.png
2026-08-24 11:46:47,411 INFO photo_manager - Foto movida: /home/ddurand/proyectos/personal/rpaludoplay-app/src/static/images/08661213.png -> /home/ddurand/fotos/08661213.png
2026-08-24 11:46:47,412 INFO photo_manager - Foto movida: /home/ddurand/proyectos/personal/rpaludoplay-app/src/static/images/002117160.png -> /home/ddurand/fotos/002117160.png
2026-08-24 11:46:47,412 INFO photo_manager - Foto movida: /home/ddurand/proyectos/personal/rpaludoplay-app/src/static/images/07805970.png -> /home/ddurand/fotos/07805970.png
2026-08-24 11:46:47,412 INFO photo_manager - Foto movida: /home/ddurand/proyectos/personal/rpaludoplay-app/src/static/images/09343413.png -> /home/ddurand/fotos/09343413.png
2026-08-24 11:46:47,413 INFO photo_manager - Foto movida: /home/ddurand/proyectos/personal/rpaludoplay-app/src/static/images/02161575.png -> /home/ddurand/fotos/02161575.png
2026-08-24 11:46:47,413 INFO photo_manager - Foto movida: /home/ddurand/proyectos/personal/rpaludoplay-app/src/static/images/001741275.png -> /home/ddurand/fotos/001741275.png
2026-08-24 11:46:47,413 INFO photo_manager - Foto movida: /home/ddurand/proyectos/personal/rpaludoplay-app/src/static/images/001057885.png -> /home/ddurand/fotos/001057885.png
2026-08-24 11:46:47,414 INFO photo_manager - Foto movida: /home/ddurand/proyectos/personal/rpaludoplay-app/src/static/images/09651210.png -> /home/ddurand/fotos/09651210.png
2026-08-24 11:46:47,414 INFO photo_manager - Foto movida: /home/ddurand/proyectos/personal/rpaludoplay-app/src/static/images/08883772.png -> /home/ddurand/fotos/08883772.png
2026-08-24 11:46:47,414 INFO photo_manager - Foto movida: /home/ddurand/proyectos/personal/rpaludoplay-app/src/static/images/005681450.png -> /home/ddurand/fotos/005681450.png
2026-08-24 11:46:47,415 INFO photo_manager - Foto movida: /home/ddurand/proyectos/personal/rpaludoplay-app/src/static/images/09370686.png -> /home/ddurand/fotos/09370686.png
2026-08-24 11:46:47,415 INFO photo_manager - Foto movida: /home/ddurand/proyectos/personal/rpaludoplay-app/src/static/images/06708594.png -> /home/ddurand/fotos/06708594.png
2026-08-24 11:46:47,416 INFO photo_manager - Foto movida: /home/ddurand/proyectos/personal/rpaludoplay-app/src/static/images/002343296.png -> /home/ddurand/fotos/002343296.png
2026-08-24 11:46:47,416 INFO photo_manager - Foto movida: /home/ddurand/proyectos/personal/rpaludoplay-app/src/static/images/08740423.png -> /home/ddurand/fotos/08740423.png
2026-08-24 11:46:47,416 INFO photo_manager - Foto movida: /home/ddurand/proyectos/personal/rpaludoplay-app/src/static/images/00827985.png -> /home/ddurand/fotos/00827985.png
2026-08-24 11:46:47,417 INFO photo_manager - Foto movida: /home/ddurand/proyectos/personal/rpaludoplay-app/src/static/images/09585580.png -> /home/ddurand/fotos/09585580.png
2026-08-24 11:46:47,417 INFO photo_manager - Foto movida: /home/ddurand/proyectos/personal/rpaludoplay-app/src/static/images/08287296.png -> /home/ddurand/fotos/08287296.png
2026-08-24 11:46:47,418 INFO photo_manager - Foto movida: /home/ddurand/proyectos/personal/rpaludoplay-app/src/static/images/005982912.png -> /home/ddurand/fotos/005982912.png
2026-08-24 11:46:47,418 INFO photo_manager - Foto movida: /home/ddurand/proyectos/personal/rpaludoplay-app/src/static/images/03503228.png -> /home/ddurand/fotos/03503228.png
2026-08-24 11:46:47,419 INFO photo_manager - Foto movida: /home/ddurand/proyectos/personal/rpaludoplay-app/src/static/images/01296679.png -> /home/ddurand/fotos/01296679.png
2026-08-24 11:46:47,419 INFO photo_manager - Foto movida: /home/ddurand/proyectos/personal/rpaludoplay-app/src/static/images/09937108.png -> /home/ddurand/fotos/09937108.png
2026-08-24 11:46:47,419 INFO photo_manager - Foto movida: /home/ddurand/proyectos/personal/rpaludoplay-app/src/static/images/02892120.png -> /home/ddurand/fotos/02892120.png
2026-08-24 11:46:47,420 INFO photo_manager - Foto movida: /home/ddurand/proyectos/personal/rpaludoplay-app/src/static/images/07431321.png -> /home/ddurand/fotos/07431321.png
2026-08-24 11:46:47,420 INFO photo_manager - Foto movida: /home/ddurand/proyectos/personal/rpaludoplay-app/src/static/images/08886996.png -> /home/ddurand/fotos/08886996.png
2026-08-24 11:46:47,420 INFO photo_manager - Foto movida: /home/ddurand/proyectos/personal/rpaludoplay-app/src/static/images/08228246.png -> /home/ddurand/fotos/08228246.png
2026-08-24 11:46:47,421 INFO photo_manager - Foto movida: /home/ddurand/proyectos/personal/rpaludoplay-app/src/static/images/09568724.png -> /home/ddurand/fotos/09568724.png
2026-08-24 11:46:47,421 INFO photo_manager - Foto movida: /home/ddurand/proyectos/personal/rpaludoplay-app/src/static/images/03125062.png -> /home/ddurand/fotos/03125062.png
2026-08-24 11:46:47,421 INFO photo_manager - Foto movida: /home/ddurand/proyectos/personal/rpaludoplay-app/src/static/images/07181093.png -> /home/ddurand/fotos/07181093.png
2026-08-24 11:46:47,422 INFO photo_manager - Foto movida: /home/ddurand/proyectos/personal/rpaludoplay-app/src/static/images/00496329.png -> /home/ddurand/fotos/00496329.png
2026-08-24 11:46:47,422 INFO photo_manager - Foto movida: /home/ddurand/proyectos/personal/rpaludoplay-app/src/static/images/09683192.png -> /home/ddurand/fotos/09683192.png
2026-08-24 11:46:47,422 INFO photo_manager - Foto movida: /home/ddurand/proyectos/personal/rpaludoplay-app/src/static/images/07850971.png -> /home/ddurand/fotos/07850971.png
2026-08-24 11:46:47,423 INFO photo_manager - Foto movida: /home/ddurand/proyectos/personal/rpaludoplay-app/src/static/images/08188942.png -> /home/ddurand/fotos/08188942.png
2026-08-24 11:46:47,423 INFO photo_manager - Foto movida: /home/ddurand/proyectos/personal/rpaludoplay-app/src/static/images/09628851.png -> /home/ddurand/fotos/09628851.png
2026-08-24 11:46:47,423 INFO photo_manager - Foto movida: /home/ddurand/proyectos/personal/rpaludoplay-app/src/static/images/06671598.png -> /home/ddurand/fotos/06671598.png
2026-08-24 11:46:47,424 INFO photo_manager - Foto movida: /home/ddurand/proyectos/personal/rpaludoplay-app/src/static/images/00442263.png -> /home/ddurand/fotos/00442263.png
2026-08-24 11:46:47,424 INFO photo_manager - Foto movida: /home/ddurand/proyectos/personal/rpaludoplay-app/src/static/images/09153733.png -> /home/ddurand/fotos/09153733.png
2026-08-24 11:46:47,424 INFO photo_manager - Foto movida: /home/ddurand/proyectos/personal/rpaludoplay-app/src/static/images/07548697.png -> /home/ddurand/fotos/07548697.png
2026-08-24 11:46:47,425 INFO photo_manager - Foto movida: /home/ddurand/proyectos/personal/rpaludoplay-app/src/static/images/09886952.png -> /home/ddurand/fotos/09886952.png
2026-08-24 11:46:47,425 INFO photo_manager - Foto movida: /home/ddurand/proyectos/personal/rpaludoplay-app/src/static/images/09467256.png -> /home/ddurand/fotos/09467256.png
2026-08-24 11:46:47,425 INFO photo_manager - Foto movida: /home/ddurand/proyectos/personal/rpaludoplay-app/src/static/images/07469142.png -> /home/ddurand/fotos/07469142.png
2026-08-24 11:46:47,426 INFO photo_manager - Foto movida: /home/ddurand/proyectos/personal/rpaludoplay-app/src/static/images/07621272.png -> /home/ddurand/fotos/07621272.png
2026-08-24 11:46:47,426 INFO photo_manager - Foto movida: /home/ddurand/proyectos/personal/rpaludoplay-app/src/static/images/00246052.png -> /home/ddurand/fotos/00246052.png
2026-08-24 11:46:47,426 INFO photo_manager - Foto movida: /home/ddurand/proyectos/personal/rpaludoplay-app/src/static/images/07963962.png -> /home/ddurand/fotos/07963962.png
2026-08-24 11:46:47,427 INFO photo_manager - Foto movida: /home/ddurand/proyectos/personal/rpaludoplay-app/src/static/images/09946489.png -> /home/ddurand/fotos/09946489.png
2026-08-24 11:46:47,427 INFO photo_manager - Foto movida: /home/ddurand/proyectos/personal/rpaludoplay-app/src/static/images/02168355.png -> /home/ddurand/fotos/02168355.png
2026-08-24 11:46:47,427 INFO photo_manager - Foto movida: /home/ddurand/proyectos/personal/rpaludoplay-app/src/static/images/07646752.png -> /home/ddurand/fotos/07646752.png
2026-08-24 11:46:47,427 INFO photo_manager - Foto movida: /home/ddurand/proyectos/personal/rpaludoplay-app/src/static/images/09021034.png -> /home/ddurand/fotos/09021034.png
2026-08-24 11:46:47,428 INFO photo_manager - Foto movida: /home/ddurand/proyectos/personal/rpaludoplay-app/src/static/images/07798830.png -> /home/ddurand/fotos/07798830.png
2026-08-24 11:46:47,428 INFO photo_manager - Foto movida: /home/ddurand/proyectos/personal/rpaludoplay-app/src/static/images/09724088.png -> /home/ddurand/fotos/09724088.png
2026-08-24 11:46:47,428 INFO photo_manager - Foto movida: /home/ddurand/proyectos/personal/rpaludoplay-app/src/static/images/02863973.png -> /home/ddurand/fotos/02863973.png
2026-08-24 11:46:47,428 INFO photo_manager - Foto movida: /home/ddurand/proyectos/personal/rpaludoplay-app/src/static/images/06217547.png -> /home/ddurand/fotos/06217547.png
2026-08-24 11:46:47,429 INFO photo_manager - Foto movida: /home/ddurand/proyectos/personal/rpaludoplay-app/src/static/images/09784584.png -> /home/ddurand/fotos/09784584.png
2026-08-24 11:46:47,429 INFO photo_manager - Foto movida: /home/ddurand/proyectos/personal/rpaludoplay-app/src/static/images/00125503.png -> /home/ddurand/fotos/00125503.png
2026-08-24 11:46:47,429 INFO photo_manager - Foto movida: /home/ddurand/proyectos/personal/rpaludoplay-app/src/static/images/05367318.png -> /home/ddurand/fotos/05367318.png
2026-08-24 11:46:47,430 INFO photo_manager - Foto movida: /home/ddurand/proyectos/personal/rpaludoplay-app/src/static/images/001434593.png -> /home/ddurand/fotos/001434593.png
2026-08-24 11:46:47,430 INFO photo_manager - Foto movida: /home/ddurand/proyectos/personal/rpaludoplay-app/src/static/images/09419604.png -> /home/ddurand/fotos/09419604.png
2026-08-24 11:46:47,430 INFO photo_manager - Foto movida: /home/ddurand/proyectos/personal/rpaludoplay-app/src/static/images/06107842.png -> /home/ddurand/fotos/06107842.png
2026-08-24 11:46:47,431 INFO photo_manager - Foto movida: /home/ddurand/proyectos/personal/rpaludoplay-app/src/static/images/09276964.png -> /home/ddurand/fotos/09276964.png
2026-08-24 11:46:47,431 INFO photo_manager - Foto movida: /home/ddurand/proyectos/personal/rpaludoplay-app/src/static/images/08956428.png -> /home/ddurand/fotos/08956428.png
2026-08-24 11:46:47,432 INFO photo_manager - Foto movida: /home/ddurand/proyectos/personal/rpaludoplay-app/src/static/images/07590309.png -> /home/ddurand/fotos/07590309.png
2026-08-24 11:46:47,432 INFO photo_manager - Foto movida: /home/ddurand/proyectos/personal/rpaludoplay-app/src/static/images/09624482.png -> /home/ddurand/fotos/09624482.png
2026-08-24 11:46:47,433 INFO photo_manager - Foto movida: /home/ddurand/proyectos/personal/rpaludoplay-app/src/static/images/08626873.png -> /home/ddurand/fotos/08626873.png
2026-08-24 11:46:47,433 INFO photo_manager - Foto movida: /home/ddurand/proyectos/personal/rpaludoplay-app/src/static/images/08887495.png -> /home/ddurand/fotos/08887495.png
2026-08-24 11:46:47,434 INFO photo_manager - Foto movida: /home/ddurand/proyectos/personal/rpaludoplay-app/src/static/images/000134689.png -> /home/ddurand/fotos/000134689.png
2026-08-24 11:46:47,434 INFO photo_manager - Foto movida: /home/ddurand/proyectos/personal/rpaludoplay-app/src/static/images/09080130.png -> /home/ddurand/fotos/09080130.png
2026-08-24 11:46:47,434 INFO photo_manager - Foto movida: /home/ddurand/proyectos/personal/rpaludoplay-app/src/static/images/08241648.png -> /home/ddurand/fotos/08241648.png
2026-08-24 11:46:47,435 INFO photo_manager - Foto movida: /home/ddurand/proyectos/personal/rpaludoplay-app/src/static/images/05251408.png -> /home/ddurand/fotos/05251408.png
2026-08-24 11:46:47,435 INFO photo_manager - Foto movida: /home/ddurand/proyectos/personal/rpaludoplay-app/src/static/images/08713916.png -> /home/ddurand/fotos/08713916.png
2026-08-24 11:46:47,435 INFO photo_manager - Foto movida: /home/ddurand/proyectos/personal/rpaludoplay-app/src/static/images/001449727.png -> /home/ddurand/fotos/001449727.png
2026-08-24 11:46:47,436 INFO photo_manager - Foto movida: /home/ddurand/proyectos/personal/rpaludoplay-app/src/static/images/07778335.png -> /home/ddurand/fotos/07778335.png
2026-08-24 11:46:47,436 INFO photo_manager - Foto movida: /home/ddurand/proyectos/personal/rpaludoplay-app/src/static/images/09394320.png -> /home/ddurand/fotos/09394320.png
2026-08-24 11:46:47,436 INFO photo_manager - Foto movida: /home/ddurand/proyectos/personal/rpaludoplay-app/src/static/images/06703116.png -> /home/ddurand/fotos/06703116.png
2026-08-24 11:46:47,437 INFO photo_manager - Foto movida: /home/ddurand/proyectos/personal/rpaludoplay-app/src/static/images/00430776.png -> /home/ddurand/fotos/00430776.png
2026-08-24 11:46:47,437 INFO photo_manager - Foto movida: /home/ddurand/proyectos/personal/rpaludoplay-app/src/static/images/00113182.png -> /home/ddurand/fotos/00113182.png
2026-08-24 11:46:47,437 INFO photo_manager - Foto movida: /home/ddurand/proyectos/personal/rpaludoplay-app/src/static/images/01343506.png -> /home/ddurand/fotos/01343506.png
2026-08-24 11:46:47,438 INFO photo_manager - Foto movida: /home/ddurand/proyectos/personal/rpaludoplay-app/src/static/images/07765707.png -> /home/ddurand/fotos/07765707.png
2026-08-24 11:46:47,438 INFO photo_manager - Foto movida: /home/ddurand/proyectos/personal/rpaludoplay-app/src/static/images/06645312.png -> /home/ddurand/fotos/06645312.png
2026-08-24 11:46:47,438 INFO photo_manager - Foto movida: /home/ddurand/proyectos/personal/rpaludoplay-app/src/static/images/09635007.png -> /home/ddurand/fotos/09635007.png
2026-08-24 11:46:47,438 INFO photo_manager - Foto movida: /home/ddurand/proyectos/personal/rpaludoplay-app/src/static/images/03695850.png -> /home/ddurand/fotos/03695850.png
2026-08-24 11:46:47,439 INFO photo_manager - Foto movida: /home/ddurand/proyectos/personal/rpaludoplay-app/src/static/images/09971818.png -> /home/ddurand/fotos/09971818.png
2026-08-24 11:46:47,439 INFO photo_manager - Foto movida: /home/ddurand/proyectos/personal/rpaludoplay-app/src/static/images/06794842.png -> /home/ddurand/fotos/06794842.png
2026-08-24 11:46:47,439 INFO photo_manager - Foto movida: /home/ddurand/proyectos/personal/rpaludoplay-app/src/static/images/08030712.png -> /home/ddurand/fotos/08030712.png
2026-08-24 11:46:47,439 INFO photo_manager - Foto movida: /home/ddurand/proyectos/personal/rpaludoplay-app/src/static/images/09860151.png -> /home/ddurand/fotos/09860151.png
2026-08-24 11:46:47,440 INFO photo_manager - Foto movida: /home/ddurand/proyectos/personal/rpaludoplay-app/src/static/images/07618453.png -> /home/ddurand/fotos/07618453.png
2026-08-24 11:46:47,440 INFO photo_manager - Foto movida: /home/ddurand/proyectos/personal/rpaludoplay-app/src/static/images/09712997.png -> /home/ddurand/fotos/09712997.png
2026-08-24 11:46:47,440 INFO photo_manager - Foto movida: /home/ddurand/proyectos/personal/rpaludoplay-app/src/static/images/06173102.png -> /home/ddurand/fotos/06173102.png
2026-08-24 11:46:47,441 INFO photo_manager - Foto movida: /home/ddurand/proyectos/personal/rpaludoplay-app/src/static/images/09378114.png -> /home/ddurand/fotos/09378114.png
2026-08-24 11:46:47,441 INFO photo_manager - Foto movida: /home/ddurand/proyectos/personal/rpaludoplay-app/src/static/images/01777233.png -> /home/ddurand/fotos/01777233.png
2026-08-24 11:46:47,442 INFO photo_manager - Foto movida: /home/ddurand/proyectos/personal/rpaludoplay-app/src/static/images/07204899.png -> /home/ddurand/fotos/07204899.png
2026-08-24 11:46:47,442 INFO photo_manager - Foto movida: /home/ddurand/proyectos/personal/rpaludoplay-app/src/static/images/000077812.png -> /home/ddurand/fotos/000077812.png
2026-08-24 11:46:47,442 INFO photo_manager - Foto movida: /home/ddurand/proyectos/personal/rpaludoplay-app/src/static/images/07970933.png -> /home/ddurand/fotos/07970933.png
2026-08-24 11:46:47,442 INFO photo_manager - Foto movida: /home/ddurand/proyectos/personal/rpaludoplay-app/src/static/images/09455768.png -> /home/ddurand/fotos/09455768.png
2026-08-24 11:46:47,443 INFO photo_manager - Foto movida: /home/ddurand/proyectos/personal/rpaludoplay-app/src/static/images/000223916.png -> /home/ddurand/fotos/000223916.png
2026-08-24 11:46:47,443 INFO photo_manager - Foto movida: /home/ddurand/proyectos/personal/rpaludoplay-app/src/static/images/001764260.png -> /home/ddurand/fotos/001764260.png
2026-08-24 11:46:47,443 INFO photo_manager - Foto movida: /home/ddurand/proyectos/personal/rpaludoplay-app/src/static/images/002315047.png -> /home/ddurand/fotos/002315047.png
2026-08-24 11:46:47,443 INFO photo_manager - Foto movida: /home/ddurand/proyectos/personal/rpaludoplay-app/src/static/images/001506918.png -> /home/ddurand/fotos/001506918.png
2026-08-24 11:46:47,444 INFO photo_manager - Foto movida: /home/ddurand/proyectos/personal/rpaludoplay-app/src/static/images/09689525.png -> /home/ddurand/fotos/09689525.png
2026-08-24 11:46:47,444 INFO photo_manager - Foto movida: /home/ddurand/proyectos/personal/rpaludoplay-app/src/static/images/02064156.png -> /home/ddurand/fotos/02064156.png
2026-08-24 11:46:47,444 INFO photo_manager - Foto movida: /home/ddurand/proyectos/personal/rpaludoplay-app/src/static/images/07765146.png -> /home/ddurand/fotos/07765146.png
2026-08-24 11:46:47,444 INFO photo_manager - Foto movida: /home/ddurand/proyectos/personal/rpaludoplay-app/src/static/images/06776072.png -> /home/ddurand/fotos/06776072.png
2026-08-24 11:46:47,445 INFO photo_manager - Foto movida: /home/ddurand/proyectos/personal/rpaludoplay-app/src/static/images/08743826.png -> /home/ddurand/fotos/08743826.png
2026-08-24 11:46:47,445 INFO photo_manager - Foto movida: /home/ddurand/proyectos/personal/rpaludoplay-app/src/static/images/08295763.png -> /home/ddurand/fotos/08295763.png
2026-08-24 11:46:47,445 INFO photo_manager - Foto movida: /home/ddurand/proyectos/personal/rpaludoplay-app/src/static/images/06960439.png -> /home/ddurand/fotos/06960439.png
2026-08-24 11:46:47,445 INFO photo_manager - Foto movida: /home/ddurand/proyectos/personal/rpaludoplay-app/src/static/images/09954354.png -> /home/ddurand/fotos/09954354.png
2026-08-24 11:46:47,446 INFO photo_manager - Foto movida: /home/ddurand/proyectos/personal/rpaludoplay-app/src/static/images/00444594.png -> /home/ddurand/fotos/00444594.png
2026-08-24 11:46:47,446 INFO photo_manager - Foto movida: /home/ddurand/proyectos/personal/rpaludoplay-app/src/static/images/07702733.png -> /home/ddurand/fotos/07702733.png
2026-08-24 11:46:47,446 INFO photo_manager - Foto movida: /home/ddurand/proyectos/personal/rpaludoplay-app/src/static/images/00505961.png -> /home/ddurand/fotos/00505961.png
2026-08-24 11:46:47,447 INFO photo_manager - Foto movida: /home/ddurand/proyectos/personal/rpaludoplay-app/src/static/images/08840160.png -> /home/ddurand/fotos/08840160.png
2026-08-24 11:46:47,447 INFO photo_manager - Foto movida: /home/ddurand/proyectos/personal/rpaludoplay-app/src/static/images/07442966.png -> /home/ddurand/fotos/07442966.png
2026-08-24 11:46:47,447 INFO photo_manager - Foto movida: /home/ddurand/proyectos/personal/rpaludoplay-app/src/static/images/09083392.png -> /home/ddurand/fotos/09083392.png
2026-08-24 11:46:47,447 INFO photo_manager - Foto movida: /home/ddurand/proyectos/personal/rpaludoplay-app/src/static/images/06783794.png -> /home/ddurand/fotos/06783794.png
2026-08-24 11:46:47,448 INFO photo_manager - Foto movida: /home/ddurand/proyectos/personal/rpaludoplay-app/src/static/images/00436072.png -> /home/ddurand/fotos/00436072.png
2026-08-24 11:46:47,448 INFO photo_manager - Foto movida: /home/ddurand/proyectos/personal/rpaludoplay-app/src/static/images/09132725.png -> /home/ddurand/fotos/09132725.png
2026-08-24 11:46:47,448 INFO photo_manager - Foto movida: /home/ddurand/proyectos/personal/rpaludoplay-app/src/static/images/06890284.png -> /home/ddurand/fotos/06890284.png
2026-08-24 11:46:47,449 INFO photo_manager - Foto movida: /home/ddurand/proyectos/personal/rpaludoplay-app/src/static/images/07502013.png -> /home/ddurand/fotos/07502013.png
2026-08-24 11:46:47,450 INFO photo_manager - Foto movida: /home/ddurand/proyectos/personal/rpaludoplay-app/src/static/images/07297567.png -> /home/ddurand/fotos/07297567.png
2026-08-24 11:46:47,450 INFO photo_manager - Foto movida: /home/ddurand/proyectos/personal/rpaludoplay-app/src/static/images/005227805.png -> /home/ddurand/fotos/005227805.png
2026-08-24 11:46:47,451 INFO photo_manager - Foto movida: /home/ddurand/proyectos/personal/rpaludoplay-app/src/static/images/07766437.png -> /home/ddurand/fotos/07766437.png
2026-08-24 11:46:47,451 INFO photo_manager - Foto movida: /home/ddurand/proyectos/personal/rpaludoplay-app/src/static/images/09611338.png -> /home/ddurand/fotos/09611338.png
2026-08-24 11:46:47,451 INFO photo_manager - Foto movida: /home/ddurand/proyectos/personal/rpaludoplay-app/src/static/images/02830112.png -> /home/ddurand/fotos/02830112.png
2026-08-24 11:46:47,452 INFO photo_manager - Foto movida: /home/ddurand/proyectos/personal/rpaludoplay-app/src/static/images/09548962.png -> /home/ddurand/fotos/09548962.png
2026-08-24 11:46:47,452 INFO photo_manager - Foto movida: /home/ddurand/proyectos/personal/rpaludoplay-app/src/static/images/09865515.png -> /home/ddurand/fotos/09865515.png
2026-08-24 11:46:47,453 INFO photo_manager - Foto movida: /home/ddurand/proyectos/personal/rpaludoplay-app/src/static/images/001984628.png -> /home/ddurand/fotos/001984628.png
2026-08-24 11:46:47,453 INFO photo_manager - Foto movida: /home/ddurand/proyectos/personal/rpaludoplay-app/src/static/images/02774691.png -> /home/ddurand/fotos/02774691.png
2026-08-24 11:46:47,453 INFO photo_manager - Foto movida: /home/ddurand/proyectos/personal/rpaludoplay-app/src/static/images/09850078.png -> /home/ddurand/fotos/09850078.png
2026-08-24 11:46:47,454 INFO photo_manager - Foto movida: /home/ddurand/proyectos/personal/rpaludoplay-app/src/static/images/00466262.png -> /home/ddurand/fotos/00466262.png
2026-08-24 11:46:47,454 INFO photo_manager - Foto movida: /home/ddurand/proyectos/personal/rpaludoplay-app/src/static/images/09747085.png -> /home/ddurand/fotos/09747085.png
2026-08-24 11:46:47,454 INFO photo_manager - Foto movida: /home/ddurand/proyectos/personal/rpaludoplay-app/src/static/images/09637224.png -> /home/ddurand/fotos/09637224.png
2026-08-24 11:46:47,455 INFO photo_manager - Foto movida: /home/ddurand/proyectos/personal/rpaludoplay-app/src/static/images/09259970.png -> /home/ddurand/fotos/09259970.png
2026-08-24 11:46:47,455 INFO photo_manager - Foto movida: /home/ddurand/proyectos/personal/rpaludoplay-app/src/static/images/002473100.png -> /home/ddurand/fotos/002473100.png
2026-08-24 11:46:47,456 INFO photo_manager - Foto movida: /home/ddurand/proyectos/personal/rpaludoplay-app/src/static/images/07511529.png -> /home/ddurand/fotos/07511529.png
2026-08-24 11:46:47,456 INFO photo_manager - Foto movida: /home/ddurand/proyectos/personal/rpaludoplay-app/src/static/images/09646153.png -> /home/ddurand/fotos/09646153.png
2026-08-24 11:46:47,457 INFO photo_manager - Foto movida: /home/ddurand/proyectos/personal/rpaludoplay-app/src/static/images/07492300.png -> /home/ddurand/fotos/07492300.png
2026-08-24 11:46:47,457 INFO photo_manager - Foto movida: /home/ddurand/proyectos/personal/rpaludoplay-app/src/static/images/07850872.png -> /home/ddurand/fotos/07850872.png
2026-08-24 11:46:47,457 INFO photo_manager - Foto movida: /home/ddurand/proyectos/personal/rpaludoplay-app/src/static/images/02824074.png -> /home/ddurand/fotos/02824074.png
2026-08-24 11:46:47,458 INFO photo_manager - Foto movida: /home/ddurand/proyectos/personal/rpaludoplay-app/src/static/images/09590279.png -> /home/ddurand/fotos/09590279.png
2026-08-24 11:46:47,458 INFO photo_manager - Foto movida: /home/ddurand/proyectos/personal/rpaludoplay-app/src/static/images/07743632.png -> /home/ddurand/fotos/07743632.png
2026-08-24 11:46:47,458 INFO photo_manager - Foto movida: /home/ddurand/proyectos/personal/rpaludoplay-app/src/static/images/09484083.png -> /home/ddurand/fotos/09484083.png
2026-08-24 11:46:47,459 INFO photo_manager - Foto movida: /home/ddurand/proyectos/personal/rpaludoplay-app/src/static/images/09699322.png -> /home/ddurand/fotos/09699322.png
2026-08-24 11:46:47,459 INFO photo_manager - Foto movida: /home/ddurand/proyectos/personal/rpaludoplay-app/src/static/images/00493147.png -> /home/ddurand/fotos/00493147.png
2026-08-24 11:46:47,459 INFO photo_manager - Foto movida: /home/ddurand/proyectos/personal/rpaludoplay-app/src/static/images/09428134.png -> /home/ddurand/fotos/09428134.png
2026-08-24 11:46:47,460 INFO photo_manager - Foto movida: /home/ddurand/proyectos/personal/rpaludoplay-app/src/static/images/00069529.png -> /home/ddurand/fotos/00069529.png
2026-08-24 11:46:47,460 INFO photo_manager - Foto movida: /home/ddurand/proyectos/personal/rpaludoplay-app/src/static/images/02424015.png -> /home/ddurand/fotos/02424015.png
2026-08-24 11:46:47,460 INFO photo_manager - Foto movida: /home/ddurand/proyectos/personal/rpaludoplay-app/src/static/images/05243450.png -> /home/ddurand/fotos/05243450.png
2026-08-24 11:46:47,461 INFO photo_manager - Foto movida: /home/ddurand/proyectos/personal/rpaludoplay-app/src/static/images/06099384.png -> /home/ddurand/fotos/06099384.png
2026-08-24 11:46:47,461 INFO photo_manager - Foto movida: /home/ddurand/proyectos/personal/rpaludoplay-app/src/static/images/001681792.png -> /home/ddurand/fotos/001681792.png
2026-08-24 11:46:47,462 INFO photo_manager - Foto movida: /home/ddurand/proyectos/personal/rpaludoplay-app/src/static/images/08430039.png -> /home/ddurand/fotos/08430039.png
2026-08-24 11:46:47,462 INFO photo_manager - Foto movida: /home/ddurand/proyectos/personal/rpaludoplay-app/src/static/images/09838457.png -> /home/ddurand/fotos/09838457.png
2026-08-24 11:46:47,462 INFO photo_manager - Foto movida: /home/ddurand/proyectos/personal/rpaludoplay-app/src/static/images/07252227.png -> /home/ddurand/fotos/07252227.png
2026-08-24 11:46:47,463 INFO photo_manager - Foto movida: /home/ddurand/proyectos/personal/rpaludoplay-app/src/static/images/07403020.png -> /home/ddurand/fotos/07403020.png
2026-08-24 11:46:47,463 INFO photo_manager - Foto movida: /home/ddurand/proyectos/personal/rpaludoplay-app/src/static/images/09925430.png -> /home/ddurand/fotos/09925430.png
2026-08-24 11:46:47,463 INFO photo_manager - Foto movida: /home/ddurand/proyectos/personal/rpaludoplay-app/src/static/images/07036299.png -> /home/ddurand/fotos/07036299.png
2026-08-24 11:46:47,464 INFO photo_manager - Foto movida: /home/ddurand/proyectos/personal/rpaludoplay-app/src/static/images/06705985.png -> /home/ddurand/fotos/06705985.png
2026-08-24 11:46:47,464 INFO photo_manager - Foto movida: /home/ddurand/proyectos/personal/rpaludoplay-app/src/static/images/09758044.png -> /home/ddurand/fotos/09758044.png
2026-08-24 11:46:47,464 INFO photo_manager - Foto movida: /home/ddurand/proyectos/personal/rpaludoplay-app/src/static/images/08274855.png -> /home/ddurand/fotos/08274855.png
2026-08-24 11:46:47,465 INFO photo_manager - Foto movida: /home/ddurand/proyectos/personal/rpaludoplay-app/src/static/images/09438230.png -> /home/ddurand/fotos/09438230.png
2026-08-24 11:46:47,466 INFO photo_manager - Foto movida: /home/ddurand/proyectos/personal/rpaludoplay-app/src/static/images/07619118.png -> /home/ddurand/fotos/07619118.png
2026-08-24 11:46:47,466 INFO photo_manager - Foto movida: /home/ddurand/proyectos/personal/rpaludoplay-app/src/static/images/000289623.png -> /home/ddurand/fotos/000289623.png
2026-08-24 11:46:47,467 INFO photo_manager - Foto movida: /home/ddurand/proyectos/personal/rpaludoplay-app/src/static/images/09938520.png -> /home/ddurand/fotos/09938520.png
2026-08-24 11:46:47,467 INFO photo_manager - Foto movida: /home/ddurand/proyectos/personal/rpaludoplay-app/src/static/images/09514821.png -> /home/ddurand/fotos/09514821.png
2026-08-24 11:46:47,468 INFO photo_manager - Foto movida: /home/ddurand/proyectos/personal/rpaludoplay-app/src/static/images/001059423.png -> /home/ddurand/fotos/001059423.png
2026-08-24 11:46:47,468 INFO photo_manager - Foto movida: /home/ddurand/proyectos/personal/rpaludoplay-app/src/static/images/07866725.png -> /home/ddurand/fotos/07866725.png
2026-08-24 11:46:47,468 INFO photo_manager - Foto movida: /home/ddurand/proyectos/personal/rpaludoplay-app/src/static/images/07760596.png -> /home/ddurand/fotos/07760596.png
2026-08-24 11:46:47,469 INFO photo_manager - Foto movida: /home/ddurand/proyectos/personal/rpaludoplay-app/src/static/images/09930074.png -> /home/ddurand/fotos/09930074.png
2026-08-24 11:46:47,469 INFO photo_manager - Foto movida: /home/ddurand/proyectos/personal/rpaludoplay-app/src/static/images/09849275.png -> /home/ddurand/fotos/09849275.png
2026-08-24 11:46:47,470 INFO photo_manager - Foto movida: /home/ddurand/proyectos/personal/rpaludoplay-app/src/static/images/09941857.png -> /home/ddurand/fotos/09941857.png
2026-08-24 11:46:47,470 INFO photo_manager - Foto movida: /home/ddurand/proyectos/personal/rpaludoplay-app/src/static/images/001309666.png -> /home/ddurand/fotos/001309666.png
2026-08-24 11:46:47,470 INFO photo_manager - Foto movida: /home/ddurand/proyectos/personal/rpaludoplay-app/src/static/images/02844255.png -> /home/ddurand/fotos/02844255.png
2026-08-24 11:46:47,471 INFO photo_manager - Foto movida: /home/ddurand/proyectos/personal/rpaludoplay-app/src/static/images/07977270.png -> /home/ddurand/fotos/07977270.png
2026-08-24 11:46:47,471 INFO photo_manager - Foto movida: /home/ddurand/proyectos/personal/rpaludoplay-app/src/static/images/07295979.png -> /home/ddurand/fotos/07295979.png
2026-08-24 11:46:47,471 INFO photo_manager - Foto movida: /home/ddurand/proyectos/personal/rpaludoplay-app/src/static/images/07163768.png -> /home/ddurand/fotos/07163768.png
2026-08-24 11:46:47,471 INFO photo_manager - Foto movida: /home/ddurand/proyectos/personal/rpaludoplay-app/src/static/images/08647566.png -> /home/ddurand/fotos/08647566.png
2026-08-24 11:46:47,472 INFO photo_manager - Foto movida: /home/ddurand/proyectos/personal/rpaludoplay-app/src/static/images/09417629.png -> /home/ddurand/fotos/09417629.png
2026-08-24 11:46:47,472 INFO photo_manager - Foto movida: /home/ddurand/proyectos/personal/rpaludoplay-app/src/static/images/07722088.png -> /home/ddurand/fotos/07722088.png
2026-08-24 11:46:47,472 INFO photo_manager - Foto movida: /home/ddurand/proyectos/personal/rpaludoplay-app/src/static/images/09155186.png -> /home/ddurand/fotos/09155186.png
2026-08-24 11:46:47,473 INFO photo_manager - Foto movida: /home/ddurand/proyectos/personal/rpaludoplay-app/src/static/images/02899617.png -> /home/ddurand/fotos/02899617.png
2026-08-24 11:46:47,473 INFO photo_manager - Foto movida: /home/ddurand/proyectos/personal/rpaludoplay-app/src/static/images/08087571.png -> /home/ddurand/fotos/08087571.png
2026-08-24 11:46:47,473 INFO photo_manager - Foto movida: /home/ddurand/proyectos/personal/rpaludoplay-app/src/static/images/07450679.png -> /home/ddurand/fotos/07450679.png
2026-08-24 11:46:47,474 INFO photo_manager - Foto movida: /home/ddurand/proyectos/personal/rpaludoplay-app/src/static/images/08119476.png -> /home/ddurand/fotos/08119476.png
2026-08-24 11:46:47,474 INFO photo_manager - Foto movida: /home/ddurand/proyectos/personal/rpaludoplay-app/src/static/images/09946288.png -> /home/ddurand/fotos/09946288.png
2026-08-24 11:46:47,474 INFO photo_manager - Foto movida: /home/ddurand/proyectos/personal/rpaludoplay-app/src/static/images/02619240.png -> /home/ddurand/fotos/02619240.png
2026-08-24 11:46:47,475 INFO photo_manager - Foto movida: /home/ddurand/proyectos/personal/rpaludoplay-app/src/static/images/002081640.png -> /home/ddurand/fotos/002081640.png
2026-08-24 11:46:47,475 INFO photo_manager - Foto movida: /home/ddurand/proyectos/personal/rpaludoplay-app/src/static/images/07477634.png -> /home/ddurand/fotos/07477634.png
2026-08-24 11:46:47,475 INFO photo_manager - Foto movida: /home/ddurand/proyectos/personal/rpaludoplay-app/src/static/images/09884484.png -> /home/ddurand/fotos/09884484.png
2026-08-24 11:46:47,476 INFO photo_manager - Foto movida: /home/ddurand/proyectos/personal/rpaludoplay-app/src/static/images/08881303.png -> /home/ddurand/fotos/08881303.png
2026-08-24 11:46:47,476 INFO photo_manager - Foto movida: /home/ddurand/proyectos/personal/rpaludoplay-app/src/static/images/09895111.png -> /home/ddurand/fotos/09895111.png
2026-08-24 11:46:47,476 INFO photo_manager - Foto movida: /home/ddurand/proyectos/personal/rpaludoplay-app/src/static/images/08122306.png -> /home/ddurand/fotos/08122306.png
2026-08-24 11:46:47,477 INFO photo_manager - Foto movida: /home/ddurand/proyectos/personal/rpaludoplay-app/src/static/images/07972010.png -> /home/ddurand/fotos/07972010.png
2026-08-24 11:46:47,477 INFO photo_manager - Foto movida: /home/ddurand/proyectos/personal/rpaludoplay-app/src/static/images/001044194.png -> /home/ddurand/fotos/001044194.png
2026-08-24 11:46:47,478 INFO photo_manager - Foto movida: /home/ddurand/proyectos/personal/rpaludoplay-app/src/static/images/07576240.png -> /home/ddurand/fotos/07576240.png
2026-08-24 11:46:47,478 INFO photo_manager - Foto movida: /home/ddurand/proyectos/personal/rpaludoplay-app/src/static/images/07539472.png -> /home/ddurand/fotos/07539472.png
2026-08-24 11:46:47,478 INFO photo_manager - Foto movida: /home/ddurand/proyectos/personal/rpaludoplay-app/src/static/images/09048211.png -> /home/ddurand/fotos/09048211.png
2026-08-24 11:46:47,478 INFO photo_manager - Foto movida: /home/ddurand/proyectos/personal/rpaludoplay-app/src/static/images/09275579.png -> /home/ddurand/fotos/09275579.png
2026-08-24 11:46:47,479 INFO photo_manager - Foto movida: /home/ddurand/proyectos/personal/rpaludoplay-app/src/static/images/09431929.png -> /home/ddurand/fotos/09431929.png
2026-08-24 11:46:47,479 INFO photo_manager - Foto movida: /home/ddurand/proyectos/personal/rpaludoplay-app/src/static/images/000553282.png -> /home/ddurand/fotos/000553282.png
2026-08-24 11:46:47,479 INFO photo_manager - Foto movida: /home/ddurand/proyectos/personal/rpaludoplay-app/src/static/images/05645980.png -> /home/ddurand/fotos/05645980.png
2026-08-24 11:46:47,480 INFO photo_manager - Foto movida: /home/ddurand/proyectos/personal/rpaludoplay-app/src/static/images/06630299.png -> /home/ddurand/fotos/06630299.png
2026-08-24 11:46:47,480 INFO photo_manager - Foto movida: /home/ddurand/proyectos/personal/rpaludoplay-app/src/static/images/07626446.png -> /home/ddurand/fotos/07626446.png
2026-08-24 11:46:47,480 INFO photo_manager - Foto movida: /home/ddurand/proyectos/personal/rpaludoplay-app/src/static/images/02888499.png -> /home/ddurand/fotos/02888499.png
2026-08-24 11:46:47,481 INFO photo_manager - Foto movida: /home/ddurand/proyectos/personal/rpaludoplay-app/src/static/images/07849407.png -> /home/ddurand/fotos/07849407.png
2026-08-24 11:46:47,481 INFO photo_manager - Foto movida: /home/ddurand/proyectos/personal/rpaludoplay-app/src/static/images/001218936.png -> /home/ddurand/fotos/001218936.png
2026-08-24 11:46:47,482 INFO photo_manager - Foto movida: /home/ddurand/proyectos/personal/rpaludoplay-app/src/static/images/07713854.png -> /home/ddurand/fotos/07713854.png
2026-08-24 11:46:47,482 INFO photo_manager - Foto movida: /home/ddurand/proyectos/personal/rpaludoplay-app/src/static/images/07374636.png -> /home/ddurand/fotos/07374636.png
2026-08-24 11:46:47,482 INFO photo_manager - Foto movida: /home/ddurand/proyectos/personal/rpaludoplay-app/src/static/images/09908885.png -> /home/ddurand/fotos/09908885.png
2026-08-24 11:46:47,483 INFO photo_manager - Foto movida: /home/ddurand/proyectos/personal/rpaludoplay-app/src/static/images/08675455.png -> /home/ddurand/fotos/08675455.png
2026-08-24 11:46:47,483 INFO photo_manager - Foto movida: /home/ddurand/proyectos/personal/rpaludoplay-app/src/static/images/02371284.png -> /home/ddurand/fotos/02371284.png
2026-08-24 11:46:47,484 INFO photo_manager - Foto movida: /home/ddurand/proyectos/personal/rpaludoplay-app/src/static/images/09743052.png -> /home/ddurand/fotos/09743052.png
2026-08-24 11:46:47,484 INFO photo_manager - Foto movida: /home/ddurand/proyectos/personal/rpaludoplay-app/src/static/images/02801737.png -> /home/ddurand/fotos/02801737.png
2026-08-24 11:46:47,484 INFO photo_manager - Foto movida: /home/ddurand/proyectos/personal/rpaludoplay-app/src/static/images/05372358.png -> /home/ddurand/fotos/05372358.png
2026-08-24 11:46:47,485 INFO photo_manager - Foto movida: /home/ddurand/proyectos/personal/rpaludoplay-app/src/static/images/06599923.png -> /home/ddurand/fotos/06599923.png
2026-08-24 11:46:47,486 INFO photo_manager - Foto movida: /home/ddurand/proyectos/personal/rpaludoplay-app/src/static/images/06650387.png -> /home/ddurand/fotos/06650387.png
2026-08-24 11:46:47,486 INFO photo_manager - Foto movida: /home/ddurand/proyectos/personal/rpaludoplay-app/src/static/images/06239574.png -> /home/ddurand/fotos/06239574.png
2026-08-24 11:46:47,486 INFO photo_manager - Foto movida: /home/ddurand/proyectos/personal/rpaludoplay-app/src/static/images/00682828.png -> /home/ddurand/fotos/00682828.png
2026-08-24 11:46:47,487 INFO photo_manager - Foto movida: /home/ddurand/proyectos/personal/rpaludoplay-app/src/static/images/06771951.png -> /home/ddurand/fotos/06771951.png
2026-08-24 11:46:47,487 INFO photo_manager - Foto movida: /home/ddurand/proyectos/personal/rpaludoplay-app/src/static/images/001330191.png -> /home/ddurand/fotos/001330191.png
2026-08-24 11:46:47,487 INFO photo_manager - Foto movida: /home/ddurand/proyectos/personal/rpaludoplay-app/src/static/images/001121730.png -> /home/ddurand/fotos/001121730.png
2026-08-24 11:46:47,487 INFO photo_manager - Foto movida: /home/ddurand/proyectos/personal/rpaludoplay-app/src/static/images/000098151.png -> /home/ddurand/fotos/000098151.png
2026-08-24 11:46:47,488 INFO photo_manager - Foto movida: /home/ddurand/proyectos/personal/rpaludoplay-app/src/static/images/09961471.png -> /home/ddurand/fotos/09961471.png
2026-08-24 11:46:47,488 INFO photo_manager - Foto movida: /home/ddurand/proyectos/personal/rpaludoplay-app/src/static/images/07095688.png -> /home/ddurand/fotos/07095688.png
2026-08-24 11:46:47,488 INFO photo_manager - Foto movida: /home/ddurand/proyectos/personal/rpaludoplay-app/src/static/images/09340915.png -> /home/ddurand/fotos/09340915.png
2026-08-24 11:46:47,488 INFO photo_manager - Foto movida: /home/ddurand/proyectos/personal/rpaludoplay-app/src/static/images/001818875.png -> /home/ddurand/fotos/001818875.png
2026-08-24 11:46:47,489 INFO photo_manager - Foto movida: /home/ddurand/proyectos/personal/rpaludoplay-app/src/static/images/000025588.png -> /home/ddurand/fotos/000025588.png
2026-08-24 11:46:47,489 INFO photo_manager - Foto movida: /home/ddurand/proyectos/personal/rpaludoplay-app/src/static/images/08771329.png -> /home/ddurand/fotos/08771329.png
2026-08-24 11:46:47,490 INFO photo_manager - Foto movida: /home/ddurand/proyectos/personal/rpaludoplay-app/src/static/images/001630131.png -> /home/ddurand/fotos/001630131.png
2026-08-24 11:46:47,490 INFO photo_manager - Foto movida: /home/ddurand/proyectos/personal/rpaludoplay-app/src/static/images/09648036.png -> /home/ddurand/fotos/09648036.png
2026-08-24 11:46:47,490 INFO photo_manager - Foto movida: /home/ddurand/proyectos/personal/rpaludoplay-app/src/static/images/07856086.png -> /home/ddurand/fotos/07856086.png
2026-08-24 11:46:47,490 INFO photo_manager - Foto movida: /home/ddurand/proyectos/personal/rpaludoplay-app/src/static/images/07148417.png -> /home/ddurand/fotos/07148417.png
2026-08-24 11:46:47,491 INFO photo_manager - Foto movida: /home/ddurand/proyectos/personal/rpaludoplay-app/src/static/images/06797683.png -> /home/ddurand/fotos/06797683.png
2026-08-24 11:46:47,491 INFO photo_manager - Foto movida: /home/ddurand/proyectos/personal/rpaludoplay-app/src/static/images/09931875.png -> /home/ddurand/fotos/09931875.png
2026-08-24 11:46:47,491 INFO photo_manager - Foto movida: /home/ddurand/proyectos/personal/rpaludoplay-app/src/static/images/08702976.png -> /home/ddurand/fotos/08702976.png
2026-08-24 11:46:47,491 INFO photo_manager - Foto movida: /home/ddurand/proyectos/personal/rpaludoplay-app/src/static/images/08702836.png -> /home/ddurand/fotos/08702836.png
2026-08-24 11:46:47,492 INFO photo_manager - Foto movida: /home/ddurand/proyectos/personal/rpaludoplay-app/src/static/images/07070458.png -> /home/ddurand/fotos/07070458.png
2026-08-24 11:46:47,492 INFO photo_manager - Foto movida: /home/ddurand/proyectos/personal/rpaludoplay-app/src/static/images/05402957.png -> /home/ddurand/fotos/05402957.png
2026-08-24 11:46:47,492 INFO photo_manager - Foto movida: /home/ddurand/proyectos/personal/rpaludoplay-app/src/static/images/09839787.png -> /home/ddurand/fotos/09839787.png
2026-08-24 11:46:47,492 INFO photo_manager - Foto movida: /home/ddurand/proyectos/personal/rpaludoplay-app/src/static/images/02806678.png -> /home/ddurand/fotos/02806678.png
2026-08-24 11:46:47,493 INFO photo_manager - Foto movida: /home/ddurand/proyectos/personal/rpaludoplay-app/src/static/images/07508938.png -> /home/ddurand/fotos/07508938.png
2026-08-24 11:46:47,493 INFO photo_manager - Foto movida: /home/ddurand/proyectos/personal/rpaludoplay-app/src/static/images/09864050.png -> /home/ddurand/fotos/09864050.png
2026-08-24 11:46:47,493 INFO photo_manager - Foto movida: /home/ddurand/proyectos/personal/rpaludoplay-app/src/static/images/06271669.png -> /home/ddurand/fotos/06271669.png
2026-08-24 11:46:47,494 INFO photo_manager - Foto movida: /home/ddurand/proyectos/personal/rpaludoplay-app/src/static/images/09533114.png -> /home/ddurand/fotos/09533114.png
2026-08-24 11:46:47,494 INFO photo_manager - Foto movida: /home/ddurand/proyectos/personal/rpaludoplay-app/src/static/images/09433046.png -> /home/ddurand/fotos/09433046.png
2026-08-24 11:46:47,494 INFO photo_manager - Foto movida: /home/ddurand/proyectos/personal/rpaludoplay-app/src/static/images/00201951.png -> /home/ddurand/fotos/00201951.png
2026-08-24 11:46:47,495 INFO photo_manager - Foto movida: /home/ddurand/proyectos/personal/rpaludoplay-app/src/static/images/09864508.png -> /home/ddurand/fotos/09864508.png
2026-08-24 11:46:47,495 INFO photo_manager - Foto movida: /home/ddurand/proyectos/personal/rpaludoplay-app/src/static/images/07501127.png -> /home/ddurand/fotos/07501127.png
2026-08-24 11:46:47,495 INFO photo_manager - Foto movida: /home/ddurand/proyectos/personal/rpaludoplay-app/src/static/images/07042372.png -> /home/ddurand/fotos/07042372.png
2026-08-24 11:46:47,496 INFO photo_manager - Foto movida: /home/ddurand/proyectos/personal/rpaludoplay-app/src/static/images/000574891.png -> /home/ddurand/fotos/000574891.png
2026-08-24 11:46:47,496 INFO photo_manager - Foto movida: /home/ddurand/proyectos/personal/rpaludoplay-app/src/static/images/04823534.png -> /home/ddurand/fotos/04823534.png
2026-08-24 11:46:47,496 INFO photo_manager - Foto movida: /home/ddurand/proyectos/personal/rpaludoplay-app/src/static/images/07899934.png -> /home/ddurand/fotos/07899934.png
2026-08-24 11:46:47,497 INFO photo_manager - Foto movida: /home/ddurand/proyectos/personal/rpaludoplay-app/src/static/images/07964527.png -> /home/ddurand/fotos/07964527.png
2026-08-24 11:46:47,497 INFO photo_manager - Foto movida: /home/ddurand/proyectos/personal/rpaludoplay-app/src/static/images/08663379.png -> /home/ddurand/fotos/08663379.png
2026-08-24 11:46:47,498 INFO photo_manager - Foto movida: /home/ddurand/proyectos/personal/rpaludoplay-app/src/static/images/03879197.png -> /home/ddurand/fotos/03879197.png
2026-08-24 11:46:47,498 INFO photo_manager - Foto movida: /home/ddurand/proyectos/personal/rpaludoplay-app/src/static/images/09513406.png -> /home/ddurand/fotos/09513406.png
2026-08-24 11:46:47,499 INFO photo_manager - Foto movida: /home/ddurand/proyectos/personal/rpaludoplay-app/src/static/images/07869566.png -> /home/ddurand/fotos/07869566.png
2026-08-24 11:46:47,499 INFO photo_manager - Foto movida: /home/ddurand/proyectos/personal/rpaludoplay-app/src/static/images/03330356.png -> /home/ddurand/fotos/03330356.png
2026-08-24 11:46:47,500 INFO photo_manager - Foto movida: /home/ddurand/proyectos/personal/rpaludoplay-app/src/static/images/00443074.png -> /home/ddurand/fotos/00443074.png
2026-08-24 11:46:47,500 INFO photo_manager - Foto movida: /home/ddurand/proyectos/personal/rpaludoplay-app/src/static/images/07965226.png -> /home/ddurand/fotos/07965226.png
2026-08-24 11:46:47,501 INFO photo_manager - Foto movida: /home/ddurand/proyectos/personal/rpaludoplay-app/src/static/images/00509522.png -> /home/ddurand/fotos/00509522.png
2026-08-24 11:46:47,501 INFO photo_manager - Foto movida: /home/ddurand/proyectos/personal/rpaludoplay-app/src/static/images/09671889.png -> /home/ddurand/fotos/09671889.png
2026-08-24 11:46:47,502 INFO photo_manager - Foto movida: /home/ddurand/proyectos/personal/rpaludoplay-app/src/static/images/09994460.png -> /home/ddurand/fotos/09994460.png
2026-08-24 11:46:47,502 INFO photo_manager - Foto movida: /home/ddurand/proyectos/personal/rpaludoplay-app/src/static/images/09451232.png -> /home/ddurand/fotos/09451232.png
2026-08-24 11:46:47,502 INFO photo_manager - Foto movida: /home/ddurand/proyectos/personal/rpaludoplay-app/src/static/images/001045642.png -> /home/ddurand/fotos/001045642.png
2026-08-24 11:46:47,503 INFO photo_manager - Foto movida: /home/ddurand/proyectos/personal/rpaludoplay-app/src/static/images/00126358.png -> /home/ddurand/fotos/00126358.png
2026-08-24 11:46:47,503 INFO photo_manager - Foto movida: /home/ddurand/proyectos/personal/rpaludoplay-app/src/static/images/09297113.png -> /home/ddurand/fotos/09297113.png
2026-08-24 11:46:47,503 INFO photo_manager - Foto movida: /home/ddurand/proyectos/personal/rpaludoplay-app/src/static/images/07305156.png -> /home/ddurand/fotos/07305156.png
2026-08-24 11:46:47,504 INFO photo_manager - Foto movida: /home/ddurand/proyectos/personal/rpaludoplay-app/src/static/images/09542252.png -> /home/ddurand/fotos/09542252.png
2026-08-24 11:46:47,504 INFO photo_manager - Foto movida: /home/ddurand/proyectos/personal/rpaludoplay-app/src/static/images/07495666.png -> /home/ddurand/fotos/07495666.png
2026-08-24 11:46:47,504 INFO photo_manager - Foto movida: /home/ddurand/proyectos/personal/rpaludoplay-app/src/static/images/04427310.png -> /home/ddurand/fotos/04427310.png
2026-08-24 11:46:47,504 INFO photo_manager - Foto movida: /home/ddurand/proyectos/personal/rpaludoplay-app/src/static/images/09859679.png -> /home/ddurand/fotos/09859679.png
2026-08-24 11:46:47,505 INFO photo_manager - Foto movida: /home/ddurand/proyectos/personal/rpaludoplay-app/src/static/images/09936824.png -> /home/ddurand/fotos/09936824.png
2026-08-24 11:46:47,505 INFO photo_manager - Foto movida: /home/ddurand/proyectos/personal/rpaludoplay-app/src/static/images/07709401.png -> /home/ddurand/fotos/07709401.png
2026-08-24 11:46:47,505 INFO photo_manager - Foto movida: /home/ddurand/proyectos/personal/rpaludoplay-app/src/static/images/09596994.png -> /home/ddurand/fotos/09596994.png
2026-08-24 11:46:47,506 INFO photo_manager - Foto movida: /home/ddurand/proyectos/personal/rpaludoplay-app/src/static/images/07238163.png -> /home/ddurand/fotos/07238163.png
2026-08-24 11:46:47,506 INFO photo_manager - Foto movida: /home/ddurand/proyectos/personal/rpaludoplay-app/src/static/images/07875296.png -> /home/ddurand/fotos/07875296.png
2026-08-24 11:46:47,506 INFO photo_manager - Foto movida: /home/ddurand/proyectos/personal/rpaludoplay-app/src/static/images/001443436.png -> /home/ddurand/fotos/001443436.png
2026-08-24 11:46:47,507 INFO photo_manager - Foto movida: /home/ddurand/proyectos/personal/rpaludoplay-app/src/static/images/00413274.png -> /home/ddurand/fotos/00413274.png
2026-08-24 11:46:47,507 INFO photo_manager - Foto movida: /home/ddurand/proyectos/personal/rpaludoplay-app/src/static/images/001196987.png -> /home/ddurand/fotos/001196987.png
2026-08-24 11:46:47,507 INFO photo_manager - Foto movida: /home/ddurand/proyectos/personal/rpaludoplay-app/src/static/images/09385820.png -> /home/ddurand/fotos/09385820.png
2026-08-24 11:46:47,507 INFO photo_manager - Foto movida: /home/ddurand/proyectos/personal/rpaludoplay-app/src/static/images/000098119.png -> /home/ddurand/fotos/000098119.png
2026-08-24 11:46:47,508 INFO photo_manager - Foto movida: /home/ddurand/proyectos/personal/rpaludoplay-app/src/static/images/08102380.png -> /home/ddurand/fotos/08102380.png
2026-08-24 11:46:47,508 INFO photo_manager - Foto movida: /home/ddurand/proyectos/personal/rpaludoplay-app/src/static/images/09674905.png -> /home/ddurand/fotos/09674905.png
2026-08-24 11:46:47,509 INFO photo_manager - Foto movida: /home/ddurand/proyectos/personal/rpaludoplay-app/src/static/images/07133618.png -> /home/ddurand/fotos/07133618.png
2026-08-24 11:46:47,509 INFO photo_manager - Foto movida: /home/ddurand/proyectos/personal/rpaludoplay-app/src/static/images/06243204.png -> /home/ddurand/fotos/06243204.png
2026-08-24 11:46:47,510 INFO photo_manager - Foto movida: /home/ddurand/proyectos/personal/rpaludoplay-app/src/static/images/001143244.png -> /home/ddurand/fotos/001143244.png
2026-08-24 11:46:47,510 INFO photo_manager - Foto movida: /home/ddurand/proyectos/personal/rpaludoplay-app/src/static/images/00791803.png -> /home/ddurand/fotos/00791803.png
2026-08-24 11:46:47,510 INFO photo_manager - Foto movida: /home/ddurand/proyectos/personal/rpaludoplay-app/src/static/images/09943956.png -> /home/ddurand/fotos/09943956.png
2026-08-24 11:46:47,510 INFO photo_manager - Foto movida: /home/ddurand/proyectos/personal/rpaludoplay-app/src/static/images/07883292.png -> /home/ddurand/fotos/07883292.png
2026-08-24 11:46:47,511 INFO photo_manager - Foto movida: /home/ddurand/proyectos/personal/rpaludoplay-app/src/static/images/06812194.png -> /home/ddurand/fotos/06812194.png
2026-08-24 11:46:47,511 INFO photo_manager - Foto movida: /home/ddurand/proyectos/personal/rpaludoplay-app/src/static/images/09379523.png -> /home/ddurand/fotos/09379523.png
2026-08-24 11:46:47,511 INFO photo_manager - Foto movida: /home/ddurand/proyectos/personal/rpaludoplay-app/src/static/images/07492063.png -> /home/ddurand/fotos/07492063.png
2026-08-24 11:46:47,512 INFO photo_manager - Foto movida: /home/ddurand/proyectos/personal/rpaludoplay-app/src/static/images/08268574.png -> /home/ddurand/fotos/08268574.png
2026-08-24 11:46:47,512 INFO photo_manager - Foto movida: /home/ddurand/proyectos/personal/rpaludoplay-app/src/static/images/01321929.png -> /home/ddurand/fotos/01321929.png
2026-08-24 11:46:47,512 INFO photo_manager - Foto movida: /home/ddurand/proyectos/personal/rpaludoplay-app/src/static/images/06769761.png -> /home/ddurand/fotos/06769761.png
2026-08-24 11:46:47,512 INFO photo_manager - Foto movida: /home/ddurand/proyectos/personal/rpaludoplay-app/src/static/images/07519310.png -> /home/ddurand/fotos/07519310.png
2026-08-24 11:46:47,513 INFO photo_manager - Foto movida: /home/ddurand/proyectos/personal/rpaludoplay-app/src/static/images/07531026.png -> /home/ddurand/fotos/07531026.png
2026-08-24 11:46:47,513 INFO photo_manager - Foto movida: /home/ddurand/proyectos/personal/rpaludoplay-app/src/static/images/09431916.png -> /home/ddurand/fotos/09431916.png
2026-08-24 11:46:47,514 INFO photo_manager - Foto movida: /home/ddurand/proyectos/personal/rpaludoplay-app/src/static/images/09953552.png -> /home/ddurand/fotos/09953552.png
2026-08-24 11:46:47,514 INFO photo_manager - Foto movida: /home/ddurand/proyectos/personal/rpaludoplay-app/src/static/images/09821387.png -> /home/ddurand/fotos/09821387.png
2026-08-24 11:46:47,514 INFO photo_manager - Foto movida: /home/ddurand/proyectos/personal/rpaludoplay-app/src/static/images/07869967.png -> /home/ddurand/fotos/07869967.png
2026-08-24 11:46:47,515 INFO photo_manager - Foto movida: /home/ddurand/proyectos/personal/rpaludoplay-app/src/static/images/000025260.png -> /home/ddurand/fotos/000025260.png
2026-08-24 11:46:47,515 INFO photo_manager - Foto movida: /home/ddurand/proyectos/personal/rpaludoplay-app/src/static/images/08697071.png -> /home/ddurand/fotos/08697071.png
2026-08-24 11:46:47,516 INFO photo_manager - Foto movida: /home/ddurand/proyectos/personal/rpaludoplay-app/src/static/images/08159206.png -> /home/ddurand/fotos/08159206.png
2026-08-24 11:46:47,516 INFO photo_manager - Foto movida: /home/ddurand/proyectos/personal/rpaludoplay-app/src/static/images/000415599.png -> /home/ddurand/fotos/000415599.png
2026-08-24 11:46:47,516 INFO photo_manager - Foto movida: /home/ddurand/proyectos/personal/rpaludoplay-app/src/static/images/002196232.png -> /home/ddurand/fotos/002196232.png
2026-08-24 11:46:47,517 INFO photo_manager - Foto movida: /home/ddurand/proyectos/personal/rpaludoplay-app/src/static/images/000063790.png -> /home/ddurand/fotos/000063790.png
2026-08-24 11:46:47,517 INFO photo_manager - Foto movida: /home/ddurand/proyectos/personal/rpaludoplay-app/src/static/images/000069381.png -> /home/ddurand/fotos/000069381.png
2026-08-24 11:46:47,518 INFO photo_manager - Foto movida: /home/ddurand/proyectos/personal/rpaludoplay-app/src/static/images/07886954.png -> /home/ddurand/fotos/07886954.png
2026-08-24 11:46:47,518 INFO photo_manager - Foto movida: /home/ddurand/proyectos/personal/rpaludoplay-app/src/static/images/09864410.png -> /home/ddurand/fotos/09864410.png
2026-08-24 11:46:47,519 INFO photo_manager - Foto movida: /home/ddurand/proyectos/personal/rpaludoplay-app/src/static/images/00125501.png -> /home/ddurand/fotos/00125501.png
2026-08-24 11:46:47,519 INFO photo_manager - Foto movida: /home/ddurand/proyectos/personal/rpaludoplay-app/src/static/images/05393877.png -> /home/ddurand/fotos/05393877.png
2026-08-24 11:46:47,519 INFO photo_manager - Foto movida: /home/ddurand/proyectos/personal/rpaludoplay-app/src/static/images/000382992.png -> /home/ddurand/fotos/000382992.png
2026-08-24 11:46:47,519 INFO photo_manager - Foto movida: /home/ddurand/proyectos/personal/rpaludoplay-app/src/static/images/09279245.png -> /home/ddurand/fotos/09279245.png
2026-08-24 11:46:47,520 INFO photo_manager - Foto movida: /home/ddurand/proyectos/personal/rpaludoplay-app/src/static/images/07473497.png -> /home/ddurand/fotos/07473497.png
2026-08-24 11:46:47,520 INFO photo_manager - Foto movida: /home/ddurand/proyectos/personal/rpaludoplay-app/src/static/images/09536263.png -> /home/ddurand/fotos/09536263.png
2026-08-24 11:46:47,520 INFO photo_manager - Foto movida: /home/ddurand/proyectos/personal/rpaludoplay-app/src/static/images/04423413.png -> /home/ddurand/fotos/04423413.png
2026-08-24 11:46:47,521 INFO photo_manager - Foto movida: /home/ddurand/proyectos/personal/rpaludoplay-app/src/static/images/07736099.png -> /home/ddurand/fotos/07736099.png
2026-08-24 11:46:47,521 INFO photo_manager - Foto movida: /home/ddurand/proyectos/personal/rpaludoplay-app/src/static/images/09467669.png -> /home/ddurand/fotos/09467669.png
2026-08-24 11:46:47,521 INFO photo_manager - Foto movida: /home/ddurand/proyectos/personal/rpaludoplay-app/src/static/images/04749374.png -> /home/ddurand/fotos/04749374.png
2026-08-24 11:46:47,521 INFO photo_manager - Foto movida: /home/ddurand/proyectos/personal/rpaludoplay-app/src/static/images/08084439.png -> /home/ddurand/fotos/08084439.png
2026-08-24 11:46:47,522 INFO photo_manager - Foto movida: /home/ddurand/proyectos/personal/rpaludoplay-app/src/static/images/07842467.png -> /home/ddurand/fotos/07842467.png
2026-08-24 11:46:47,522 INFO photo_manager - Foto movida: /home/ddurand/proyectos/personal/rpaludoplay-app/src/static/images/07877828.png -> /home/ddurand/fotos/07877828.png
2026-08-24 11:46:47,522 INFO photo_manager - Foto movida: /home/ddurand/proyectos/personal/rpaludoplay-app/src/static/images/02767232.png -> /home/ddurand/fotos/02767232.png
2026-08-24 11:46:47,522 INFO photo_manager - Foto movida: /home/ddurand/proyectos/personal/rpaludoplay-app/src/static/images/000020667.png -> /home/ddurand/fotos/000020667.png
2026-08-24 11:46:47,523 INFO photo_manager - Foto movida: /home/ddurand/proyectos/personal/rpaludoplay-app/src/static/images/07865959.png -> /home/ddurand/fotos/07865959.png
2026-08-24 11:46:47,523 INFO photo_manager - Foto movida: /home/ddurand/proyectos/personal/rpaludoplay-app/src/static/images/07707788.png -> /home/ddurand/fotos/07707788.png
2026-08-24 11:46:47,523 INFO photo_manager - Foto movida: /home/ddurand/proyectos/personal/rpaludoplay-app/src/static/images/06671271.png -> /home/ddurand/fotos/06671271.png
2026-08-24 11:46:47,524 INFO photo_manager - Foto movida: /home/ddurand/proyectos/personal/rpaludoplay-app/src/static/images/08273577.png -> /home/ddurand/fotos/08273577.png
2026-08-24 11:46:47,524 INFO photo_manager - Foto movida: /home/ddurand/proyectos/personal/rpaludoplay-app/src/static/images/08770531.png -> /home/ddurand/fotos/08770531.png
2026-08-24 11:46:47,524 INFO photo_manager - Foto movida: /home/ddurand/proyectos/personal/rpaludoplay-app/src/static/images/09335257.png -> /home/ddurand/fotos/09335257.png
2026-08-24 11:46:47,525 INFO photo_manager - Foto movida: /home/ddurand/proyectos/personal/rpaludoplay-app/src/static/images/05218237.png -> /home/ddurand/fotos/05218237.png
2026-08-24 11:46:47,525 INFO photo_manager - Foto movida: /home/ddurand/proyectos/personal/rpaludoplay-app/src/static/images/06779348.png -> /home/ddurand/fotos/06779348.png
2026-08-24 11:46:47,526 INFO photo_manager - Foto movida: /home/ddurand/proyectos/personal/rpaludoplay-app/src/static/images/09597922.png -> /home/ddurand/fotos/09597922.png
2026-08-24 11:46:47,526 INFO photo_manager - Foto movida: /home/ddurand/proyectos/personal/rpaludoplay-app/src/static/images/09861099.png -> /home/ddurand/fotos/09861099.png
2026-08-24 11:46:47,526 INFO photo_manager - Foto movida: /home/ddurand/proyectos/personal/rpaludoplay-app/src/static/images/07793915.png -> /home/ddurand/fotos/07793915.png
2026-08-24 11:46:47,527 INFO photo_manager - Foto movida: /home/ddurand/proyectos/personal/rpaludoplay-app/src/static/images/03653450.png -> /home/ddurand/fotos/03653450.png
2026-08-24 11:46:47,527 INFO __main__ - Sincronización finalizada
2026-08-24 13:42:56,219 INFO __main__ - Iniciando sincronización Ludoplay
2026-08-24 13:43:26,854 WARNING urllib3.connectionpool - Retrying (Retry(total=2, connect=None, read=None, redirect=None, status=None)) after connection broken by 'NewConnectionError("HTTPConnection(host='localhost', port=57545): Failed to establish a new connection: [Errno 111] Connection refused")': /session/17584f93f8a262594aae14a1f23536ee
2026-08-24 13:43:26,857 WARNING urllib3.connectionpool - Retrying (Retry(total=1, connect=None, read=None, redirect=None, status=None)) after connection broken by 'NewConnectionError("HTTPConnection(host='localhost', port=57545): Failed to establish a new connection: [Errno 111] Connection refused")': /session/17584f93f8a262594aae14a1f23536ee
2026-08-24 13:43:26,859 WARNING urllib3.connectionpool - Retrying (Retry(total=0, connect=None, read=None, redirect=None, status=None)) after connection broken by 'NewConnectionError("HTTPConnection(host='localhost', port=57545): Failed to establish a new connection: [Errno 111] Connection refused")': /session/17584f93f8a262594aae14a1f23536ee
2026-08-24 13:43:37,405 INFO __main__ - Iniciando sincronización Ludoplay
2026-08-24 15:15:04,616 INFO __main__ - Iniciando sincronización Ludoplay
2026-08-24 15:19:01,912 INFO sync_merger - Merge completado: insert=749 | update=723 | recurrent=1
2026-08-24 15:19:02,110 INFO __main__ - Sincronización finalizada
2026-08-24 15:56:35,462 INFO __main__ - Iniciando sincronización Ludoplay
2026-08-24 15:58:20,410 ERROR __main__ - Error durante la automatización MINCETUR
Traceback (most recent call last):
  File "/home/ddurand/proyectos/personal/rpaludoplay-app/src/main.py", line 41, in obtener_df_scraper
    estado: EstadoPagina = parsear_estado_pagina(*scraper.capturar_estado())
                                                  ~~~~~~~~~~~~~~~~~~~~~~~^^
  File "/home/ddurand/proyectos/personal/rpaludoplay-app/src/scraper.py", line 254, in capturar_estado
    self.driver.title,
    ^^^^^^^^^^^^^^^^^
  File "/home/ddurand/proyectos/personal/rpaludoplay-app/venv/lib/python3.14/site-packages/selenium/webdriver/remote/webdriver.py", line 536, in title
    return self.execute(Command.GET_TITLE).get("value", "")
           ~~~~~~~~~~~~^^^^^^^^^^^^^^^^^^^
  File "/home/ddurand/proyectos/personal/rpaludoplay-app/venv/lib/python3.14/site-packages/selenium/webdriver/remote/webdriver.py", line 504, in execute
    self.error_handler.check_response(response)
    ~~~~~~~~~~~~~~~~~~~~~~~~~~~~~~~~~^^^^^^^^^^
  File "/home/ddurand/proyectos/personal/rpaludoplay-app/venv/lib/python3.14/site-packages/selenium/webdriver/remote/errorhandler.py", line 232, in check_response
    raise exception_class(message, screen, stacktrace)
selenium.common.exceptions.InvalidSessionIdException: Message: invalid session id: session deleted as the browser has closed the connection
from disconnected: not connected to DevTools
  (Session info: chrome=151.0.7922.108); For documentation on this error, please visit: https://www.selenium.dev/documentation/webdriver/troubleshooting/errors#invalidsessionidexception
Stacktrace:
#0 0x5e4e9d61b36a <unknown>
#1 0x5e4e9cf8ef49 <unknown>
#2 0x5e4e9cf75143 <unknown>
#3 0x5e4e9cf9e27a <unknown>
#4 0x5e4e9d012db0 <unknown>
#5 0x5e4e9d02ca58 <unknown>
#6 0x5e4e9cfd7c92 <unknown>
#7 0x5e4e9cfd8b11 <unknown>
#8 0x5e4e9d5e08d0 <unknown>
#9 0x5e4e9d5def3a <unknown>
#10 0x5e4e9d5c99b5 <unknown>
#11 0x5e4e9d5dfc0a <unknown>
#12 0x5e4e9d5b1740 <unknown>
#13 0x5e4e9d6069a8 <unknown>
#14 0x5e4e9d606b45 <unknown>
#15 0x5e4e9d619f1e <unknown>
#16 0x731e344a407a <unknown>
#17 0x731e3453772c <unknown>

2026-08-24 15:58:20,488 ERROR __main__ - Proceso abortado al obtener datos del scraper: Message: invalid session id: session deleted as the browser has closed the connection
from disconnected: not connected to DevTools
  (Session info: chrome=151.0.7922.108); For documentation on this error, please visit: https://www.selenium.dev/documentation/webdriver/troubleshooting/errors#invalidsessionidexception
Stacktrace:
#0 0x5e4e9d61b36a <unknown>
#1 0x5e4e9cf8ef49 <unknown>
#2 0x5e4e9cf75143 <unknown>
#3 0x5e4e9cf9e27a <unknown>
#4 0x5e4e9d012db0 <unknown>
#5 0x5e4e9d02ca58 <unknown>
#6 0x5e4e9cfd7c92 <unknown>
#7 0x5e4e9cfd8b11 <unknown>
#8 0x5e4e9d5e08d0 <unknown>
#9 0x5e4e9d5def3a <unknown>
#10 0x5e4e9d5c99b5 <unknown>
#11 0x5e4e9d5dfc0a <unknown>
#12 0x5e4e9d5b1740 <unknown>
#13 0x5e4e9d6069a8 <unknown>
#14 0x5e4e9d606b45 <unknown>
#15 0x5e4e9d619f1e <unknown>
#16 0x731e344a407a <unknown>
#17 0x731e3453772c <unknown>

2026-08-24 16:01:57,050 INFO __main__ - Iniciando sincronización Ludoplay
2026-08-24 16:03:39,728 INFO sync_merger - Merge completado: insert=749 | update=723 | recurrent=1
2026-08-24 16:03:39,840 INFO __main__ - Sincronización finalizada
2026-08-24 16:11:42,020 INFO __main__ - Iniciando sincronización Ludoplay
2026-08-24 16:13:23,569 INFO sync_merger - Merge completado: insert=749 | update=723 | recurrent=1
2026-08-24 16:13:23,650 INFO __main__ - Sincronización finalizada
2026-08-24 17:05:11,936 INFO __main__ - Iniciando sincronización Ludoplay
2026-08-24 17:06:53,328 INFO sync_merger - Merge completado: insert=718 | update=718 | recurrent=0
2026-08-24 17:06:53,353 INFO __main__ - Sincronización finalizada
2026-08-24 17:18:16,538 INFO __main__ - Iniciando sincronización Ludoplay
2026-08-24 17:20:20,869 INFO sync_merger - Merge completado: insert=718 | update=718 | recurrent=0
2026-08-24 17:20:20,891 INFO __main__ - Sincronización finalizada
2026-08-24 17:26:09,617 INFO __main__ - Iniciando sincronización Ludoplay
2026-08-24 17:28:27,418 INFO sync_merger - Merge completado: insert=718 | update=718 | recurrent=0
2026-08-24 17:28:27,442 INFO __main__ - Sincronización finalizada
2026-08-24 17:34:13,680 INFO __main__ - Iniciando sincronización Ludoplay
2026-08-24 17:35:58,792 INFO __main__ - Sincronización finalizada
2026-08-24 17:41:34,266 INFO __main__ - Iniciando sincronización Ludoplay
2026-08-24 17:43:10,469 INFO __main__ - Sincronización finalizada
2026-08-25 11:00:59,713 INFO __main__ - Iniciando sincronización Ludoplay
2026-08-25 11:02:36,466 INFO __main__ - Sincronización finalizada
2026-08-25 11:09:27,231 INFO __main__ - Iniciando sincronización Ludoplay
2026-08-25 11:10:50,322 INFO sync_merger - Merge completado: insert=718 | update=718 | recurrent=0
2026-08-25 11:10:50,333 INFO __main__ - Sincronización finalizada
2026-08-25 11:21:41,591 INFO __main__ - Iniciando sincronización Ludoplay
2026-08-25 11:23:26,435 INFO sync_merger - Merge completado: insert=0 | update=0 | recurrent=0
2026-08-25 11:23:26,441 INFO __main__ - Sincronización finalizada
2026-08-25 11:25:34,329 INFO __main__ - Iniciando sincronización Ludoplay
2026-08-25 11:29:16,414 INFO sync_merger - Merge completado: insert=16 | update=1 | recurrent=0
2026-08-25 11:29:16,456 INFO __main__ - Sincronización finalizada
2026-08-26 00:37:21,816 INFO __main__ - Iniciando sincronización Ludoplay
2026-08-26 00:41:20,331 INFO sync_merger - Merge completado: insert=18 | update=1 | recurrent=0
2026-08-26 00:41:20,360 INFO __main__ - Sincronización finalizada
2026-08-26 01:07:49,051 INFO __main__ - Iniciando sincronización Ludoplay
2026-08-26 01:09:23,868 INFO sync_merger - Merge completado: insert=18 | update=1 | recurrent=0
2026-08-26 01:09:23,897 INFO __main__ - Procesando 18 registros para INSERT...
2026-08-26 01:27:18,032 INFO __main__ - Iniciando sincronización Ludoplay
2026-08-26 01:28:45,289 INFO sync_merger - Merge completado: insert=18 | update=1 | recurrent=0
2026-08-26 01:28:45,294 INFO __main__ - Procesando 18 registros para INSERT...
2026-08-26 01:28:45,298 INFO photo_manager - Foto movida: /home/ddurand/proyectos/personal/rpaludoplay-app/src/static/images/21532172.png -> /home/ddurand/fotos/21532172.png
2026-08-26 01:28:45,298 INFO photo_manager - Foto movida: /home/ddurand/proyectos/personal/rpaludoplay-app/src/static/images/10463195.png -> /home/ddurand/fotos/10463195.png
2026-08-26 01:28:45,299 INFO photo_manager - Foto movida: /home/ddurand/proyectos/personal/rpaludoplay-app/src/static/images/61960692.png -> /home/ddurand/fotos/61960692.png
2026-08-26 01:28:45,300 INFO photo_manager - Foto movida: /home/ddurand/proyectos/personal/rpaludoplay-app/src/static/images/76951613.png -> /home/ddurand/fotos/76951613.png
2026-08-26 01:28:45,300 INFO photo_manager - Foto movida: /home/ddurand/proyectos/personal/rpaludoplay-app/src/static/images/41428904.png -> /home/ddurand/fotos/41428904.png
2026-08-26 01:28:45,301 INFO photo_manager - Foto movida: /home/ddurand/proyectos/personal/rpaludoplay-app/src/static/images/76888993.png -> /home/ddurand/fotos/76888993.png
2026-08-26 01:28:45,301 INFO photo_manager - Foto movida: /home/ddurand/proyectos/personal/rpaludoplay-app/src/static/images/43589023.png -> /home/ddurand/fotos/43589023.png
2026-08-26 01:28:45,302 INFO photo_manager - Foto movida: /home/ddurand/proyectos/personal/rpaludoplay-app/src/static/images/41584881.png -> /home/ddurand/fotos/41584881.png
2026-08-26 01:28:45,303 INFO photo_manager - Foto movida: /home/ddurand/proyectos/personal/rpaludoplay-app/src/static/images/47918483.png -> /home/ddurand/fotos/47918483.png
2026-08-26 01:28:45,303 INFO photo_manager - Foto movida: /home/ddurand/proyectos/personal/rpaludoplay-app/src/static/images/73031275.png -> /home/ddurand/fotos/73031275.png
2026-08-26 01:28:45,304 INFO photo_manager - Foto movida: /home/ddurand/proyectos/personal/rpaludoplay-app/src/static/images/72649132.png -> /home/ddurand/fotos/72649132.png
2026-08-26 01:28:45,304 INFO photo_manager - Foto movida: /home/ddurand/proyectos/personal/rpaludoplay-app/src/static/images/61350078.png -> /home/ddurand/fotos/61350078.png
2026-08-26 01:28:45,305 INFO photo_manager - Foto movida: /home/ddurand/proyectos/personal/rpaludoplay-app/src/static/images/72531647.png -> /home/ddurand/fotos/72531647.png
2026-08-26 01:28:45,305 INFO photo_manager - Foto movida: /home/ddurand/proyectos/personal/rpaludoplay-app/src/static/images/75403973.png -> /home/ddurand/fotos/75403973.png
2026-08-26 01:28:45,306 INFO photo_manager - Foto movida: /home/ddurand/proyectos/personal/rpaludoplay-app/src/static/images/72979798.png -> /home/ddurand/fotos/72979798.png
2026-08-26 01:28:45,306 INFO photo_manager - Foto movida: /home/ddurand/proyectos/personal/rpaludoplay-app/src/static/images/09164152.png -> /home/ddurand/fotos/09164152.png
2026-08-26 01:28:45,306 INFO photo_manager - Foto movida: /home/ddurand/proyectos/personal/rpaludoplay-app/src/static/images/71784833.png -> /home/ddurand/fotos/71784833.png
2026-08-26 01:28:45,307 INFO photo_manager - Foto movida: /home/ddurand/proyectos/personal/rpaludoplay-app/src/static/images/21527618.png -> /home/ddurand/fotos/21527618.png
2026-08-26 01:28:45,307 INFO __main__ - Fotos movidas exitosamente: {'movidas': ['21532172', '10463195', '61960692', '76951613', '41428904', '76888993', '43589023', '41584881', '47918483', '73031275', '72649132', '61350078', '72531647', '75403973', '72979798', '09164152', '71784833', '21527618'], 'faltantes': []}
2026-08-26 01:28:45,309 INFO __main__ - [INSERT] Iniciando scraping inhouse para: {'num_reg': '15351', 'persona': 'HINOSTROZA ALARCON, SERGIO ARTURO', 'documento': '21532172', 'contacto': 'VIZCARRA LOPEZ, CLAUDIA 991128900', 'ubigeo': 'ICA/ICA/ICA', 'ruta_foto': 'src/static/images/21532172.png', 'fec_publicacion': '25/08/2026'}
2026-08-26 01:28:45,309 INFO __main__ - [INSERT] Iniciando scraping inhouse para: {'num_reg': '15350', 'persona': 'QUISPE LUNA, MARIO', 'documento': '10463195', 'contacto': 'QUISPE BALDEON, MARIO 995968696', 'ubigeo': 'LIMA/LIMA/EL AGUSTINO', 'ruta_foto': 'src/static/images/10463195.png', 'fec_publicacion': '25/08/2026'}
2026-08-26 01:28:45,309 INFO __main__ - [INSERT] Iniciando scraping inhouse para: {'num_reg': '15349', 'persona': 'MARQUEZ YUMBATO, SARITA', 'documento': '61960692', 'contacto': 'YUMBATO MANIHUARI, ESTHER 925394134', 'ubigeo': 'LIMA/LIMA/SAN JUAN DE LURIGANCHO', 'ruta_foto': 'src/static/images/61960692.png', 'fec_publicacion': '25/08/2026'}
2026-08-26 01:28:45,309 INFO __main__ - [INSERT] Iniciando scraping inhouse para: {'num_reg': '15348', 'persona': 'FRANCO OLAECHEA, SEBASTIAN ARTURO', 'documento': '76951613', 'contacto': 'FRANCO MARTINEZ, JOSE JESUS 937048732', 'ubigeo': 'LIMA/LIMA/SANTIAGO DE SURCO', 'ruta_foto': 'src/static/images/76951613.png', 'fec_publicacion': '25/08/2026'}
2026-08-26 01:28:45,309 INFO __main__ - [INSERT] Iniciando scraping inhouse para: {'num_reg': '15346', 'persona': 'MACARLUPU VERAMENDI, LUIS ALEX', 'documento': '41428904', 'contacto': 'OCAMPO MALDONADO, SHARONHE DESIREE 912631782', 'ubigeo': 'LIMA/HUAURA/HUALMAY', 'ruta_foto': 'src/static/images/41428904.png', 'fec_publicacion': '25/08/2026'}
2026-08-26 01:28:45,309 INFO __main__ - [INSERT] Iniciando scraping inhouse para: {'num_reg': '15342', 'persona': 'RAMOS ESTRELLA, JACOB ARTURO', 'documento': '76888993', 'contacto': 'ESTRELLA VARGAS, YESICA RUTH 986526676', 'ubigeo': 'LIMA/LIMA/SANTA ANITA', 'ruta_foto': 'src/static/images/76888993.png', 'fec_publicacion': '25/08/2026'}
2026-08-26 01:28:45,309 INFO __main__ - [INSERT] Iniciando scraping inhouse para: {'num_reg': '15337', 'persona': 'MEDINA CONDORI, GODOFREDO EMILIO', 'documento': '43589023', 'contacto': 'BENDIVES FELIPE, MIYOSHI CATHERIN 930911764', 'ubigeo': 'AREQUIPA/AREQUIPA/CERRO COLORADO', 'ruta_foto': 'src/static/images/43589023.png', 'fec_publicacion': '25/08/2026'}
2026-08-26 01:28:45,309 INFO __main__ - [INSERT] Iniciando scraping inhouse para: {'num_reg': '15336', 'persona': 'FLORES CCORAHUA, DANNY AMERICO', 'documento': '41584881', 'contacto': 'CCORAHUA BENITES, ISABEL 975884266', 'ubigeo': 'LIMA/LIMA/LIMA', 'ruta_foto': 'src/static/images/41584881.png', 'fec_publicacion': '25/08/2026'}
2026-08-26 01:28:45,309 INFO __main__ - [INSERT] Iniciando scraping inhouse para: {'num_reg': '15335', 'persona': 'GARCIA AMASIFUEN, MAX CHARLES', 'documento': '47918483', 'contacto': 'AMASIFUEN GARCIA, ROSA 916075575', 'ubigeo': 'LIMA/LIMA/LIMA', 'ruta_foto': 'src/static/images/47918483.png', 'fec_publicacion': '25/08/2026'}
2026-08-26 01:28:45,309 INFO __main__ - [INSERT] Iniciando scraping inhouse para: {'num_reg': '15334', 'persona': 'Huahuala Chire, Gledy Cinthya', 'documento': '73031275', 'contacto': 'CASTILLA BORJA, MARTIN REY RAMIRO 940793144', 'ubigeo': 'AREQUIPA/AREQUIPA/ALTO SELVA ALEGRE', 'ruta_foto': 'src/static/images/73031275.png', 'fec_publicacion': '25/08/2026'}
2026-08-26 01:28:45,310 INFO __main__ - [INSERT] Iniciando scraping inhouse para: {'num_reg': '15333', 'persona': 'Leiva Rivera, Jahir Felipe', 'documento': '72649132', 'contacto': 'HERRERA BORJA, ANA CAROLINA 939413942', 'ubigeo': 'LIMA/LIMA/SAN MIGUEL', 'ruta_foto': 'src/static/images/72649132.png', 'fec_publicacion': '25/08/2026'}
2026-08-26 01:28:45,310 INFO __main__ - [INSERT] Iniciando scraping inhouse para: {'num_reg': '15332', 'persona': 'MINAYA BOCANEGRA, JOSE SANTOS', 'documento': '61350078', 'contacto': 'MINAYA BOCANEGRA, ARELI MORELY 943209711', 'ubigeo': 'ÁNCASH/SANTA/NUEVO CHIMBOTE', 'ruta_foto': 'src/static/images/61350078.png', 'fec_publicacion': '25/08/2026'}
2026-08-26 01:28:45,310 INFO __main__ - [INSERT] Iniciando scraping inhouse para: {'num_reg': '15331', 'persona': 'Ostolaza Carvallo, Rafael Alfonso', 'documento': '72531647', 'contacto': 'CARVALLO ROMERO, GLADYS 993628633', 'ubigeo': 'LIMA/LIMA/MIRAFLORES', 'ruta_foto': 'src/static/images/72531647.png', 'fec_publicacion': '25/08/2026'}
2026-08-26 01:28:45,310 INFO __main__ - [INSERT] Iniciando scraping inhouse para: {'num_reg': '15330', 'persona': 'ANGULO MARTINEZ, JORGE LUIS', 'documento': '75403973', 'contacto': 'MARTINEZ PERALTA, LILIANA VERONICA 996685732', 'ubigeo': 'LIMA/LIMA/SURQUILLO', 'ruta_foto': 'src/static/images/75403973.png', 'fec_publicacion': '25/08/2026'}
2026-08-26 01:28:45,310 INFO __main__ - [INSERT] Iniciando scraping inhouse para: {'num_reg': '15329', 'persona': 'Chavez Tuesta, Eloy Fabricio', 'documento': '72979798', 'contacto': 'TUESTA RUBIO, ROCIO 966949107', 'ubigeo': 'LIMA/LIMA/SAN JUAN DE LURIGANCHO', 'ruta_foto': 'src/static/images/72979798.png', 'fec_publicacion': '25/08/2026'}
2026-08-26 01:28:45,310 INFO __main__ - [INSERT] Iniciando scraping inhouse para: {'num_reg': '15320', 'persona': 'Marengo Orsini, Armida Milagros', 'documento': '09164152', 'contacto': 'CABALLERO MARENGO ORSINI, CARLA MILAGROS 903186652', 'ubigeo': 'LIMA/LIMA/SAN BORJA', 'ruta_foto': 'src/static/images/09164152.png', 'fec_publicacion': '25/08/2026'}
2026-08-26 01:28:45,310 INFO __main__ - [INSERT] Iniciando scraping inhouse para: {'num_reg': '15311', 'persona': 'CASTRO GARCIA, FATIMA PAOLA', 'documento': '71784833', 'contacto': 'TORRES ORDOÑEZ, FABRIZZIO MARCO ANTONIO 948255879', 'ubigeo': 'ICA/ICA/ICA', 'ruta_foto': 'src/static/images/71784833.png', 'fec_publicacion': '25/08/2026'}
2026-08-26 01:28:45,310 INFO __main__ - [INSERT] Iniciando scraping inhouse para: {'num_reg': '15275', 'persona': 'Jordan Campos, Jorge', 'documento': '21527618', 'contacto': 'JORDAN CAMPOS, MARIA ELENA 922321315', 'ubigeo': 'ICA/ICA/ICA', 'ruta_foto': 'src/static/images/21527618.png', 'fec_publicacion': '25/08/2026'}
2026-08-26 01:28:45,310 INFO __main__ - Tareas adicionales de scraping en sistema inhouse finalizadas.
2026-08-26 01:28:45,310 INFO __main__ - Registros detectados en df_update (1). Pendiente scraping a sistema inhouse.
2026-08-26 01:28:45,311 INFO __main__ - [UPDATE] Iniciando scraping inhouse para: {'id': 2450, 'code': 12464, 'first_name': 'Mirian Mercedes', 'last_name': 'Cabanillastardillo', 'card_type': 1, 'id_card': '08661213', 'ubigeo': 'Callao / Prov. Const. Delcallao / Callao', 'published_at': '2024-02-21 00:00:00.000', 'contact': 'Chavez Herrera Raulalberto 966929676', 'photo': 'players/player/b0994ea2ec9b4c4e80bf49c8d6262466.PNG', 'created_at': '2024-02-22 10:36:16.000', 'updated_at': '2024-02-22 10:36:16.000', 'is_active': 1}
2026-08-26 01:28:45,311 INFO __main__ - Tareas adicionales de scraping en sistema inhouse finalizadas.
2026-08-26 01:28:45,311 INFO __main__ - No hay registros recurrentes para actualizar (df_update_recurrent vacío).
2026-08-26 01:28:45,311 INFO __main__ - Sincronización finalizada
2026-08-26 01:31:46,149 INFO __main__ - Iniciando sincronización Ludoplay
2026-08-26 01:33:11,064 INFO sync_merger - Merge completado: insert=18 | update=1 | recurrent=0
2026-08-26 01:33:11,068 INFO __main__ - Procesando 18 registros para INSERT...
2026-08-26 01:33:11,070 INFO photo_manager - Foto movida: /home/ddurand/proyectos/personal/rpaludoplay-app/src/static/images/21532172.png -> /home/ddurand/fotos/21532172.png
2026-08-26 01:33:11,071 INFO photo_manager - Foto movida: /home/ddurand/proyectos/personal/rpaludoplay-app/src/static/images/10463195.png -> /home/ddurand/fotos/10463195.png
2026-08-26 01:33:11,071 INFO photo_manager - Foto movida: /home/ddurand/proyectos/personal/rpaludoplay-app/src/static/images/61960692.png -> /home/ddurand/fotos/61960692.png
2026-08-26 01:33:11,072 INFO photo_manager - Foto movida: /home/ddurand/proyectos/personal/rpaludoplay-app/src/static/images/76951613.png -> /home/ddurand/fotos/76951613.png
2026-08-26 01:33:11,072 INFO photo_manager - Foto movida: /home/ddurand/proyectos/personal/rpaludoplay-app/src/static/images/41428904.png -> /home/ddurand/fotos/41428904.png
2026-08-26 01:33:11,073 INFO photo_manager - Foto movida: /home/ddurand/proyectos/personal/rpaludoplay-app/src/static/images/76888993.png -> /home/ddurand/fotos/76888993.png
2026-08-26 01:33:11,073 INFO photo_manager - Foto movida: /home/ddurand/proyectos/personal/rpaludoplay-app/src/static/images/43589023.png -> /home/ddurand/fotos/43589023.png
2026-08-26 01:33:11,073 INFO photo_manager - Foto movida: /home/ddurand/proyectos/personal/rpaludoplay-app/src/static/images/41584881.png -> /home/ddurand/fotos/41584881.png
2026-08-26 01:33:11,073 INFO photo_manager - Foto movida: /home/ddurand/proyectos/personal/rpaludoplay-app/src/static/images/47918483.png -> /home/ddurand/fotos/47918483.png
2026-08-26 01:33:11,074 INFO photo_manager - Foto movida: /home/ddurand/proyectos/personal/rpaludoplay-app/src/static/images/73031275.png -> /home/ddurand/fotos/73031275.png
2026-08-26 01:33:11,074 INFO photo_manager - Foto movida: /home/ddurand/proyectos/personal/rpaludoplay-app/src/static/images/72649132.png -> /home/ddurand/fotos/72649132.png
2026-08-26 01:33:11,074 INFO photo_manager - Foto movida: /home/ddurand/proyectos/personal/rpaludoplay-app/src/static/images/61350078.png -> /home/ddurand/fotos/61350078.png
2026-08-26 01:33:11,075 INFO photo_manager - Foto movida: /home/ddurand/proyectos/personal/rpaludoplay-app/src/static/images/72531647.png -> /home/ddurand/fotos/72531647.png
2026-08-26 01:33:11,075 INFO photo_manager - Foto movida: /home/ddurand/proyectos/personal/rpaludoplay-app/src/static/images/75403973.png -> /home/ddurand/fotos/75403973.png
2026-08-26 01:33:11,075 INFO photo_manager - Foto movida: /home/ddurand/proyectos/personal/rpaludoplay-app/src/static/images/72979798.png -> /home/ddurand/fotos/72979798.png
2026-08-26 01:33:11,075 INFO photo_manager - Foto movida: /home/ddurand/proyectos/personal/rpaludoplay-app/src/static/images/09164152.png -> /home/ddurand/fotos/09164152.png
2026-08-26 01:33:11,076 INFO photo_manager - Foto movida: /home/ddurand/proyectos/personal/rpaludoplay-app/src/static/images/71784833.png -> /home/ddurand/fotos/71784833.png
2026-08-26 01:33:11,076 INFO photo_manager - Foto movida: /home/ddurand/proyectos/personal/rpaludoplay-app/src/static/images/21527618.png -> /home/ddurand/fotos/21527618.png
2026-08-26 01:33:11,076 INFO __main__ - Fotos movidas exitosamente: {'movidas': ['21532172', '10463195', '61960692', '76951613', '41428904', '76888993', '43589023', '41584881', '47918483', '73031275', '72649132', '61350078', '72531647', '75403973', '72979798', '09164152', '71784833', '21527618'], 'faltantes': []}
2026-08-26 01:33:11,078 INFO __main__ - [INSERT] Iniciando scraping inhouse para: {'num_reg': '15351', 'persona': 'HINOSTROZA ALARCON, SERGIO ARTURO', 'documento': '21532172', 'contacto': 'VIZCARRA LOPEZ, CLAUDIA 991128900', 'ubigeo': 'ICA/ICA/ICA', 'ruta_foto': 'src/static/images/21532172.png', 'fec_publicacion': '25/08/2026'}
2026-08-26 01:33:11,078 INFO __main__ - [INSERT] Iniciando scraping inhouse para: {'num_reg': '15350', 'persona': 'QUISPE LUNA, MARIO', 'documento': '10463195', 'contacto': 'QUISPE BALDEON, MARIO 995968696', 'ubigeo': 'LIMA/LIMA/EL AGUSTINO', 'ruta_foto': 'src/static/images/10463195.png', 'fec_publicacion': '25/08/2026'}
2026-08-26 01:33:11,078 INFO __main__ - [INSERT] Iniciando scraping inhouse para: {'num_reg': '15349', 'persona': 'MARQUEZ YUMBATO, SARITA', 'documento': '61960692', 'contacto': 'YUMBATO MANIHUARI, ESTHER 925394134', 'ubigeo': 'LIMA/LIMA/SAN JUAN DE LURIGANCHO', 'ruta_foto': 'src/static/images/61960692.png', 'fec_publicacion': '25/08/2026'}
2026-08-26 01:33:11,078 INFO __main__ - [INSERT] Iniciando scraping inhouse para: {'num_reg': '15348', 'persona': 'FRANCO OLAECHEA, SEBASTIAN ARTURO', 'documento': '76951613', 'contacto': 'FRANCO MARTINEZ, JOSE JESUS 937048732', 'ubigeo': 'LIMA/LIMA/SANTIAGO DE SURCO', 'ruta_foto': 'src/static/images/76951613.png', 'fec_publicacion': '25/08/2026'}
2026-08-26 01:33:11,078 INFO __main__ - [INSERT] Iniciando scraping inhouse para: {'num_reg': '15346', 'persona': 'MACARLUPU VERAMENDI, LUIS ALEX', 'documento': '41428904', 'contacto': 'OCAMPO MALDONADO, SHARONHE DESIREE 912631782', 'ubigeo': 'LIMA/HUAURA/HUALMAY', 'ruta_foto': 'src/static/images/41428904.png', 'fec_publicacion': '25/08/2026'}
2026-08-26 01:33:11,078 INFO __main__ - [INSERT] Iniciando scraping inhouse para: {'num_reg': '15342', 'persona': 'RAMOS ESTRELLA, JACOB ARTURO', 'documento': '76888993', 'contacto': 'ESTRELLA VARGAS, YESICA RUTH 986526676', 'ubigeo': 'LIMA/LIMA/SANTA ANITA', 'ruta_foto': 'src/static/images/76888993.png', 'fec_publicacion': '25/08/2026'}
2026-08-26 01:33:11,078 INFO __main__ - [INSERT] Iniciando scraping inhouse para: {'num_reg': '15337', 'persona': 'MEDINA CONDORI, GODOFREDO EMILIO', 'documento': '43589023', 'contacto': 'BENDIVES FELIPE, MIYOSHI CATHERIN 930911764', 'ubigeo': 'AREQUIPA/AREQUIPA/CERRO COLORADO', 'ruta_foto': 'src/static/images/43589023.png', 'fec_publicacion': '25/08/2026'}
2026-08-26 01:33:11,078 INFO __main__ - [INSERT] Iniciando scraping inhouse para: {'num_reg': '15336', 'persona': 'FLORES CCORAHUA, DANNY AMERICO', 'documento': '41584881', 'contacto': 'CCORAHUA BENITES, ISABEL 975884266', 'ubigeo': 'LIMA/LIMA/LIMA', 'ruta_foto': 'src/static/images/41584881.png', 'fec_publicacion': '25/08/2026'}
2026-08-26 01:33:11,078 INFO __main__ - [INSERT] Iniciando scraping inhouse para: {'num_reg': '15335', 'persona': 'GARCIA AMASIFUEN, MAX CHARLES', 'documento': '47918483', 'contacto': 'AMASIFUEN GARCIA, ROSA 916075575', 'ubigeo': 'LIMA/LIMA/LIMA', 'ruta_foto': 'src/static/images/47918483.png', 'fec_publicacion': '25/08/2026'}
2026-08-26 01:33:11,078 INFO __main__ - [INSERT] Iniciando scraping inhouse para: {'num_reg': '15334', 'persona': 'Huahuala Chire, Gledy Cinthya', 'documento': '73031275', 'contacto': 'CASTILLA BORJA, MARTIN REY RAMIRO 940793144', 'ubigeo': 'AREQUIPA/AREQUIPA/ALTO SELVA ALEGRE', 'ruta_foto': 'src/static/images/73031275.png', 'fec_publicacion': '25/08/2026'}
2026-08-26 01:33:11,078 INFO __main__ - [INSERT] Iniciando scraping inhouse para: {'num_reg': '15333', 'persona': 'Leiva Rivera, Jahir Felipe', 'documento': '72649132', 'contacto': 'HERRERA BORJA, ANA CAROLINA 939413942', 'ubigeo': 'LIMA/LIMA/SAN MIGUEL', 'ruta_foto': 'src/static/images/72649132.png', 'fec_publicacion': '25/08/2026'}
2026-08-26 01:33:11,079 INFO __main__ - [INSERT] Iniciando scraping inhouse para: {'num_reg': '15332', 'persona': 'MINAYA BOCANEGRA, JOSE SANTOS', 'documento': '61350078', 'contacto': 'MINAYA BOCANEGRA, ARELI MORELY 943209711', 'ubigeo': 'ÁNCASH/SANTA/NUEVO CHIMBOTE', 'ruta_foto': 'src/static/images/61350078.png', 'fec_publicacion': '25/08/2026'}
2026-08-26 01:33:11,079 INFO __main__ - [INSERT] Iniciando scraping inhouse para: {'num_reg': '15331', 'persona': 'Ostolaza Carvallo, Rafael Alfonso', 'documento': '72531647', 'contacto': 'CARVALLO ROMERO, GLADYS 993628633', 'ubigeo': 'LIMA/LIMA/MIRAFLORES', 'ruta_foto': 'src/static/images/72531647.png', 'fec_publicacion': '25/08/2026'}
2026-08-26 01:33:11,079 INFO __main__ - [INSERT] Iniciando scraping inhouse para: {'num_reg': '15330', 'persona': 'ANGULO MARTINEZ, JORGE LUIS', 'documento': '75403973', 'contacto': 'MARTINEZ PERALTA, LILIANA VERONICA 996685732', 'ubigeo': 'LIMA/LIMA/SURQUILLO', 'ruta_foto': 'src/static/images/75403973.png', 'fec_publicacion': '25/08/2026'}
2026-08-26 01:33:11,079 INFO __main__ - [INSERT] Iniciando scraping inhouse para: {'num_reg': '15329', 'persona': 'Chavez Tuesta, Eloy Fabricio', 'documento': '72979798', 'contacto': 'TUESTA RUBIO, ROCIO 966949107', 'ubigeo': 'LIMA/LIMA/SAN JUAN DE LURIGANCHO', 'ruta_foto': 'src/static/images/72979798.png', 'fec_publicacion': '25/08/2026'}
2026-08-26 01:33:11,079 INFO __main__ - [INSERT] Iniciando scraping inhouse para: {'num_reg': '15320', 'persona': 'Marengo Orsini, Armida Milagros', 'documento': '09164152', 'contacto': 'CABALLERO MARENGO ORSINI, CARLA MILAGROS 903186652', 'ubigeo': 'LIMA/LIMA/SAN BORJA', 'ruta_foto': 'src/static/images/09164152.png', 'fec_publicacion': '25/08/2026'}
2026-08-26 01:33:11,079 INFO __main__ - [INSERT] Iniciando scraping inhouse para: {'num_reg': '15311', 'persona': 'CASTRO GARCIA, FATIMA PAOLA', 'documento': '71784833', 'contacto': 'TORRES ORDOÑEZ, FABRIZZIO MARCO ANTONIO 948255879', 'ubigeo': 'ICA/ICA/ICA', 'ruta_foto': 'src/static/images/71784833.png', 'fec_publicacion': '25/08/2026'}
2026-08-26 01:33:11,079 INFO __main__ - [INSERT] Iniciando scraping inhouse para: {'num_reg': '15275', 'persona': 'Jordan Campos, Jorge', 'documento': '21527618', 'contacto': 'JORDAN CAMPOS, MARIA ELENA 922321315', 'ubigeo': 'ICA/ICA/ICA', 'ruta_foto': 'src/static/images/21527618.png', 'fec_publicacion': '25/08/2026'}
2026-08-26 01:33:11,079 INFO __main__ - Tareas adicionales de scraping en sistema inhouse finalizadas.
2026-08-26 01:33:11,079 INFO __main__ - Registros detectados en df_update (1). Pendiente scraping a sistema inhouse.
2026-08-26 01:33:11,080 INFO __main__ - [UPDATE] Iniciando scraping inhouse para: {'id': 2450, 'code': 12464, 'first_name': 'Mirian Mercedes', 'last_name': 'Cabanillastardillo', 'card_type': 1, 'id_card': '08661213', 'ubigeo': 'Callao / Prov. Const. Delcallao / Callao', 'published_at': '2024-02-21 00:00:00.000', 'contact': 'Chavez Herrera Raulalberto 966929676', 'photo': 'players/player/b0994ea2ec9b4c4e80bf49c8d6262466.PNG', 'created_at': '2024-02-22 10:36:16.000', 'updated_at': '2024-02-22 10:36:16.000', 'is_active': 1}
2026-08-26 01:33:11,080 INFO __main__ - Tareas adicionales de scraping en sistema inhouse finalizadas.
2026-08-26 01:33:11,080 INFO __main__ - No hay registros recurrentes para actualizar (df_update_recurrent vacío).
2026-08-26 01:33:11,080 INFO __main__ - Sincronización finalizada
2026-08-26 11:37:31,851 INFO __main__ - Iniciando sincronización Ludoplay
2026-08-26 11:37:39,814 ERROR __main__ - Error durante la automatización LUDOPLAY
Traceback (most recent call last):
  File "/home/ddurand/proyectos/personal/rpaludoplay-app/src/main.py", line 49, in scraper_ludoplay
    estado: EstadoPagina = parsear_estado_pagina(*scraper.capturar_estado())
                                                  ^^^^^^^^^^^^^^^^^^^^^^^
AttributeError: 'Scraper_Ludoplay' object has no attribute 'capturar_estado'
2026-08-26 11:37:39,881 ERROR __main__ - Proceso abortado al obtener datos del scraper: 'Scraper_Ludoplay' object has no attribute 'capturar_estado'
2026-08-26 11:38:24,649 INFO __main__ - Iniciando sincronización Ludoplay
2026-08-26 11:49:22,914 INFO __main__ - Iniciando sincronización Ludoplay
2026-08-26 11:49:24,645 ERROR __main__ - Error durante la automatización LUDOPLAY
Traceback (most recent call last):
  File "/home/ddurand/proyectos/personal/rpaludoplay-app/src/main.py", line 49, in scraper_ludoplay
    scraper.llenar_formulario(
    ~~~~~~~~~~~~~~~~~~~~~~~~~^
            credenciales.ludoplay_usuario,
            ^^^^^^^^^^^^^^^^^^^^^^^^^^^^^^
            credenciales.ludoplay_clave,
            ^^^^^^^^^^^^^^^^^^^^^^^^^^^^
    )
    ^
  File "/home/ddurand/proyectos/personal/rpaludoplay-app/src/scraper.py", line 277, in llenar_formulario
    WebDriverWait(self.driver, TIEMPO_ESPERA).until(
    ~~~~~~~~~~~~~~~~~~~~~~~~~~~~~~~~~~~~~~~~~~~~~~~^
        EC.presence_of_element_located(XPATH_USUARIO_LUDOPLAY)
        ^^^^^^^^^^^^^^^^^^^^^^^^^^^^^^^^^^^^^^^^^^^^^^^^^^^^^^
    )
    ^
  File "/home/ddurand/proyectos/personal/rpaludoplay-app/venv/lib/python3.14/site-packages/selenium/webdriver/support/wait.py", line 112, in until
    value = method(self._driver)
  File "/home/ddurand/proyectos/personal/rpaludoplay-app/venv/lib/python3.14/site-packages/selenium/webdriver/support/expected_conditions.py", line 96, in _predicate
    return driver.find_element(*locator)
           ~~~~~~~~~~~~~~~~~~~^^^^^^^^^^
TypeError: WebDriver.find_element() takes from 1 to 3 positional arguments but 55 were given
2026-08-26 11:49:24,714 ERROR __main__ - Proceso abortado al obtener datos del scraper: WebDriver.find_element() takes from 1 to 3 positional arguments but 55 were given
2026-08-26 11:56:03,798 INFO __main__ - Iniciando sincronización Ludoplay
2026-08-26 11:56:05,852 ERROR __main__ - Error durante la automatización LUDOPLAY
Traceback (most recent call last):
  File "/home/ddurand/proyectos/personal/rpaludoplay-app/src/main.py", line 49, in scraper_ludoplay
    scraper.llenar_formulario(
    ~~~~~~~~~~~~~~~~~~~~~~~~~^
            credenciales.ludoplay_usuario,
            ^^^^^^^^^^^^^^^^^^^^^^^^^^^^^^
            credenciales.ludoplay_clave,
            ^^^^^^^^^^^^^^^^^^^^^^^^^^^^
    )
    ^
  File "/home/ddurand/proyectos/personal/rpaludoplay-app/src/scraper.py", line 274, in llenar_formulario
    self._esperar_y_clic((By.XPATH, XPATH_BOTON_ENTRAR_LUDOPLAY))
    ^^^^^^^^^^^^^^^^^^^^
AttributeError: 'Scraper_Ludoplay' object has no attribute '_esperar_y_clic'
2026-08-26 11:56:05,933 ERROR __main__ - Proceso abortado al obtener datos del scraper: 'Scraper_Ludoplay' object has no attribute '_esperar_y_clic'
2026-08-26 11:57:10,994 INFO __main__ - Iniciando sincronización Ludoplay
2026-08-26 11:57:12,640 ERROR __main__ - Error durante la automatización LUDOPLAY
Traceback (most recent call last):
  File "/home/ddurand/proyectos/personal/rpaludoplay-app/src/main.py", line 49, in scraper_ludoplay
    scraper.llenar_formulario(
    ~~~~~~~~~~~~~~~~~~~~~~~~~^
        credenciales.ludoplay_usuario,
        ^^^^^^^^^^^^^^^^^^^^^^^^^^^^^^
        credenciales.ludoplay_clave,
        ^^^^^^^^^^^^^^^^^^^^^^^^^^^^
    )
    ^
  File "/home/ddurand/proyectos/personal/rpaludoplay-app/src/scraper.py", line 274, in llenar_formulario
    self._esperar_y_clic((By.XPATH, XPATH_BOTON_ENTRAR_LUDOPLAY))
    ^^^^^^^^^^^^^^^^^^^^
AttributeError: 'Scraper_Ludoplay' object has no attribute '_esperar_y_clic'
2026-08-26 11:57:12,713 ERROR __main__ - Proceso abortado al obtener datos del scraper: 'Scraper_Ludoplay' object has no attribute '_esperar_y_clic'
2026-08-26 12:17:13,864 INFO __main__ - Iniciando sincronización Ludoplay
2026-08-26 12:17:17,754 ERROR __main__ - Error durante la automatización LUDOPLAY
Traceback (most recent call last):
  File "/home/ddurand/proyectos/personal/rpaludoplay-app/src/main.py", line 49, in scraper_ludoplay
    scraper.llenar_formulario(
    ~~~~~~~~~~~~~~~~~~~~~~~~~^
        credenciales.ludoplay_usuario,
        ^^^^^^^^^^^^^^^^^^^^^^^^^^^^^^
        credenciales.ludoplay_clave,
        ^^^^^^^^^^^^^^^^^^^^^^^^^^^^
    )
    ^
  File "/home/ddurand/proyectos/personal/rpaludoplay-app/src/scraper.py", line 274, in llenar_formulario
    self._esperar_y_clic((By.XPATH, XPATH_BOTON_ENTRAR_LUDOPLAY))
    ^^^^^^^^^^^^^^^^^^^^
AttributeError: 'Scraper_Ludoplay' object has no attribute '_esperar_y_clic'
2026-08-26 12:17:17,816 ERROR __main__ - Proceso abortado al obtener datos del scraper: 'Scraper_Ludoplay' object has no attribute '_esperar_y_clic'
2026-08-26 12:18:14,290 INFO __main__ - Iniciando sincronización Ludoplay
2026-08-26 12:18:15,228 ERROR __main__ - Proceso abortado al obtener datos del scraper: 'scraper.Scraper_Ludoplay' object does not support the context manager protocol (missed __exit__ method)
2026-08-26 12:19:01,156 INFO __main__ - Iniciando sincronización Ludoplay
2026-08-26 12:19:02,437 ERROR __main__ - Error durante la automatización LUDOPLAY
Traceback (most recent call last):
  File "/home/ddurand/proyectos/personal/rpaludoplay-app/src/main.py", line 49, in scraper_ludoplay
    scraper.llenar_formulario(
    ~~~~~~~~~~~~~~~~~~~~~~~~~^
        credenciales.ludoplay_usuario,
        ^^^^^^^^^^^^^^^^^^^^^^^^^^^^^^
        credenciales.ludoplay_clave,
        ^^^^^^^^^^^^^^^^^^^^^^^^^^^^
    )
    ^
  File "/home/ddurand/proyectos/personal/rpaludoplay-app/src/scraper.py", line 274, in llenar_formulario
    self._esperar_y_clic((By.XPATH, XPATH_BOTON_ENTRAR_LUDOPLAY))
    ^^^^^^^^^^^^^^^^^^^^
AttributeError: 'Scraper_Ludoplay' object has no attribute '_esperar_y_clic'
2026-08-26 12:19:02,500 ERROR __main__ - Proceso abortado al obtener datos del scraper: 'Scraper_Ludoplay' object has no attribute '_esperar_y_clic'
2026-08-26 12:21:29,338 INFO __main__ - Iniciando sincronización Ludoplay
2026-08-26 12:21:54,132 INFO __main__ - Iniciando sincronización Ludoplay
2026-08-26 12:27:19,658 INFO __main__ - Iniciando sincronización Ludoplay
2026-08-26 12:28:30,751 INFO __main__ - Iniciando sincronización Ludoplay
2026-08-26 12:28:46,948 INFO __main__ - Iniciando sincronización Ludoplay
2026-08-26 12:29:27,186 INFO __main__ - Iniciando sincronización Ludoplay
2026-08-26 12:33:20,338 INFO __main__ - Iniciando sincronización Ludoplay
2026-08-26 12:33:21,918 ERROR __main__ - Error durante la automatización LUDOPLAY
Traceback (most recent call last):
  File "/home/ddurand/proyectos/personal/rpaludoplay-app/src/main.py", line 53, in scraper_ludoplay
    scraper.clic_personas_nuevo()
    ~~~~~~~~~~~~~~~~~~~~~~~~~~~^^
  File "/home/ddurand/proyectos/personal/rpaludoplay-app/src/scraper.py", line 285, in clic_personas_nuevo
    WebDriverWait(self.driver, TIEMPO_ESPERA).until(
    ~~~~~~~~~~~~~~~~~~~~~~~~~~~~~~~~~~~~~~~~~~~~~~~^
        EC.presence_of_element_located(XPATH_MENU_PERSONAS_LUDOPLAY)
        ^^^^^^^^^^^^^^^^^^^^^^^^^^^^^^^^^^^^^^^^^^^^^^^^^^^^^^^^^^^^
    )
    ^
  File "/home/ddurand/proyectos/personal/rpaludoplay-app/venv/lib/python3.14/site-packages/selenium/webdriver/support/wait.py", line 112, in until
    value = method(self._driver)
  File "/home/ddurand/proyectos/personal/rpaludoplay-app/venv/lib/python3.14/site-packages/selenium/webdriver/support/expected_conditions.py", line 96, in _predicate
    return driver.find_element(*locator)
           ~~~~~~~~~~~~~~~~~~~^^^^^^^^^^
TypeError: WebDriver.find_element() takes from 1 to 3 positional arguments but 48 were given
2026-08-26 12:33:21,986 ERROR __main__ - Proceso abortado al obtener datos del scraper: WebDriver.find_element() takes from 1 to 3 positional arguments but 48 were given
2026-08-26 12:34:18,153 INFO __main__ - Iniciando sincronización Ludoplay
2026-08-26 12:38:49,279 INFO __main__ - Iniciando sincronización Ludoplay
